<environmentvariabledefinition schemaname="apdig_USAAPOOHSharePointSitePath">
  <defaultvalue>https://insidemedia.sharepoint.com/sites/GMUSA-KineticFinanceAutomation</defaultvalue>
  <displayname default="[USA-AP-OOH]SharePointSitePath">
    <label description="[USA-AP-OOH]SharePointSitePath" languagecode="1033" />
  </displayname>
  <introducedversion>1.0.0.0</introducedversion>
  <iscustomizable>1</iscustomizable>
  <isrequired>0</isrequired>
  <secretstore>0</secretstore>
  <type>100000000</type>
</environmentvariabledefinition>