<environmentvariabledefinition schemaname="apooh_USAAPOOHFunctionAppDataSanitizationURI">
  <defaultvalue>https://eufuncappgmnaapinvprocdev02.azurewebsites.net/api/DataSanitization?code=2briP-B1G4s5wMYE57lBa8HRGDPJeHYTE3dtCucSuP1vAzFu3YYFIQ==</defaultvalue>
  <displayname default="[USA-AP-OOH]FunctionAppDataSanitizationURI">
    <label description="[USA-AP-OOH]FunctionAppDataSanitizationURI" languagecode="1033" />
  </displayname>
  <introducedversion>1.0.0.0</introducedversion>
  <iscustomizable>1</iscustomizable>
  <isrequired>0</isrequired>
  <secretstore>0</secretstore>
  <type>100000000</type>
</environmentvariabledefinition>