<environmentvariabledefinition schemaname="apdig_USAAPOOHSharePointFilePathToCrateFolder">
  <defaultvalue>/BotRuns/Test Power Automate/</defaultvalue>
  <displayname default="[USA-AP-OOH]SharePointFilePathToCreateFolder">
    <label description="[USA-AP-OOH]SharePointFilePathToCreateFolder" languagecode="1033" />
  </displayname>
  <introducedversion>1.0.0.0</introducedversion>
  <iscustomizable>1</iscustomizable>
  <isrequired>0</isrequired>
  <secretstore>0</secretstore>
  <type>100000000</type>
</environmentvariabledefinition>