<environmentvariabledefinition schemaname="apooh_USAAPOOHSharedMailBoxNam">
  <defaultvalue>aoc.ap.ooh.dev@groupm.com</defaultvalue>
  <description default="email address of the shared mailbox">
    <label description="email address of the shared mailbox" languagecode="1033" />
  </description>
  <displayname default="[USA-AP-OOH]SharedMailBoxName">
    <label description="[USA-AP-OOH]SharedMailBoxName" languagecode="1033" />
  </displayname>
  <introducedversion>1.0.0.0</introducedversion>
  <iscustomizable>1</iscustomizable>
  <isrequired>0</isrequired>
  <secretstore>0</secretstore>
  <type>100000000</type>
</environmentvariabledefinition>