<environmentvariabledefinition schemaname="apdig_USAAPOOHErrorMailToEmails">
  <defaultvalue>vishaljagta@cybage.com;rohitpaw@cybage.com;souravra@cybage.com;nikhilkumars@cybage.com;apurvakun@cybage.com</defaultvalue>
  <displayname default="[USA-AP-OOH]ErrorMailToEmails">
    <label description="[USA-AP-OOH]ErrorMailToEmails" languagecode="1033" />
  </displayname>
  <introducedversion>1.0.0.0</introducedversion>
  <iscustomizable>1</iscustomizable>
  <isrequired>0</isrequired>
  <secretstore>0</secretstore>
  <type>100000000</type>
</environmentvariabledefinition>