<environmentvariabledefinition schemaname="apdig_USAAPOOHSQLServerName">
  <defaultvalue>eussqsvgrmusafinance01.database.windows.net</defaultvalue>
  <description default="OOH DB Server Name">
    <label description="OOH DB Server Name" languagecode="1033" />
  </description>
  <displayname default="[USA-AP-OOH]SQLServerName">
    <label description="[USA-AP-OOH]SQLServerName" languagecode="1033" />
  </displayname>
  <introducedversion>1.0.0.0</introducedversion>
  <iscustomizable>1</iscustomizable>
  <isrequired>0</isrequired>
  <secretstore>0</secretstore>
  <type>100000000</type>
</environmentvariabledefinition>