{
  "properties": {
    "connectionReferences": {
      "shared_office365": {
        "runtimeSource": "embedded",
        "connection": {
          "connectionReferenceLogicalName": "apdig_sharedoffice365_c2e78"
        },
        "api": {
          "name": "shared_office365"
        }
      }
    },
    "definition": {
      "$schema": "https://schema.management.azure.com/providers/Microsoft.Logic/schemas/2016-06-01/workflowdefinition.json#",
      "contentVersion": "1.0.0.0",
      "parameters": {
        "$connections": {
          "defaultValue": {},
          "type": "Object"
        },
        "$authentication": {
          "defaultValue": {},
          "type": "SecureObject"
        },
        "[USA-AP-OOH]ErrorMailToEmails (apdig_USAAPOOHErrorMailToEmails)": {
          "defaultValue": "vishaljagta@cybage.com;rohitpaw@cybage.com;souravra@cybage.com;nikhilkumars@cybage.com;apurvakun@cybage.com",
          "type": "String",
          "metadata": {
            "schemaName": "apdig_USAAPOOHErrorMailToEmails"
          }
        }
      },
      "triggers": {
        "manual": {
          "metadata": {
            "operationMetadataId": "6743fd30-e20a-495d-8ea9-8b0625399e82"
          },
          "type": "Request",
          "kind": "Button",
          "inputs": {
            "schema": {
              "type": "object",
              "properties": {
                "text": {
                  "title": "ErrorArr ",
                  "type": "string",
                  "x-ms-dynamically-added": true,
                  "description": "Please enter your input",
                  "x-ms-content-hint": "TEXT"
                },
                "text_1": {
                  "title": "MailTxnID",
                  "type": "string",
                  "x-ms-dynamically-added": true,
                  "description": "Please enter your input",
                  "x-ms-content-hint": "TEXT"
                },
                "text_2": {
                  "title": "FlowURI",
                  "type": "string",
                  "x-ms-dynamically-added": true,
                  "description": "Please enter your input",
                  "x-ms-content-hint": "TEXT"
                },
                "text_3": {
                  "title": "Workflow name",
                  "type": "string",
                  "x-ms-dynamically-added": true,
                  "description": "Please enter your input",
                  "x-ms-content-hint": "TEXT"
                },
                "text_4": {
                  "title": "ChildWorkflowURL",
                  "type": "string",
                  "x-ms-dynamically-added": true,
                  "description": "Please enter your input",
                  "x-ms-content-hint": "TEXT"
                }
              },
              "required": [
                "text",
                "text_1",
                "text_2",
                "text_3",
                "text_4"
              ]
            }
          }
        }
      },
      "actions": {
        "Initialize_variable-_Error_Message": {
          "runAfter": {},
          "metadata": {
            "operationMetadataId": "4ee80c6c-826f-403d-a3aa-9c7c26e7a082"
          },
          "type": "InitializeVariable",
          "inputs": {
            "variables": [
              {
                "name": "Error Message",
                "type": "string"
              }
            ]
          }
        },
        "Initialize_variable": {
          "runAfter": {
            "Initialize_variable-_Error_Message": [
              "Succeeded"
            ]
          },
          "metadata": {
            "operationMetadataId": "b4b20f04-1435-4eeb-b2ef-1c97d91f6988"
          },
          "type": "InitializeVariable",
          "inputs": {
            "variables": [
              {
                "name": "Error Action",
                "type": "string"
              }
            ]
          }
        },
        "Respond_to_a_PowerApp_or_flow": {
          "runAfter": {
            "Scope_catch": [
              "Succeeded",
              "Failed",
              "Skipped",
              "TimedOut"
            ]
          },
          "metadata": {
            "operationMetadataId": "f636bfff-d3d9-4355-94c8-49acdc10276c"
          },
          "type": "Response",
          "kind": "PowerApp",
          "inputs": {
            "statusCode": 200,
            "body": {
              "error_action": "@variables('Error Action')",
              "error_details": "@variables('Error Message')"
            },
            "schema": {
              "type": "object",
              "properties": {
                "error_action": {
                  "title": "Error Action",
                  "x-ms-dynamically-added": true,
                  "type": "string"
                },
                "error_details": {
                  "title": "Error Details",
                  "x-ms-dynamically-added": true,
                  "type": "string"
                }
              }
            }
          }
        },
        "Scope_try": {
          "actions": {
            "Array_of_error_message": {
              "runAfter": {},
              "metadata": {
                "operationMetadataId": "a882994f-6a48-4453-a940-34328f9b0658"
              },
              "type": "Compose",
              "inputs": "@json(triggerBody()['text'])"
            },
            "Parse_JSON": {
              "runAfter": {
                "Array_of_error_message": [
                  "Succeeded"
                ]
              },
              "metadata": {
                "operationMetadataId": "71e8c4d8-7799-4c65-ae55-aab44d54bbe0"
              },
              "type": "ParseJson",
              "inputs": {
                "content": "@outputs('Array_of_error_message')",
                "schema": {
                  "type": "array",
                  "items": {
                    "type": "object",
                    "properties": {
                      "name": {
                        "type": "string"
                      },
                      "inputs": {
                        "type": "object",
                        "properties": {
                          "host": {
                            "type": "object",
                            "properties": {
                              "apiId": {
                                "type": "string"
                              },
                              "connectionReferenceName": {
                                "type": "string"
                              },
                              "operationId": {
                                "type": "string"
                              }
                            }
                          },
                          "parameters": {
                            "type": "object",
                            "properties": {
                              "messageId": {
                                "type": "string"
                              },
                              "mailboxAddress": {
                                "type": "string"
                              },
                              "includeAttachments": {
                                "type": "boolean"
                              }
                            }
                          }
                        }
                      },
                      "outputs": {
                        "type": "object",
                        "properties": {
                          "statusCode": {
                            "type": "integer"
                          },
                          "headers": {
                            "type": "object",
                            "properties": {
                              "Cache-Control": {
                                "type": "string"
                              },
                              "Pragma": {
                                "type": "string"
                              },
                              "Set-Cookie": {
                                "type": "string"
                              },
                              "Strict-Transport-Security": {
                                "type": "string"
                              },
                              "x-ms-request-id": {
                                "type": "string"
                              },
                              "X-Content-Type-Options": {
                                "type": "string"
                              },
                              "X-Frame-Options": {
                                "type": "string"
                              },
                              "x-ms-environment-id": {
                                "type": "string"
                              },
                              "Timing-Allow-Origin": {
                                "type": "string"
                              },
                              "x-ms-apihub-cached-response": {
                                "type": "string"
                              },
                              "x-ms-apihub-obo": {
                                "type": "string"
                              },
                              "Date": {
                                "type": "string"
                              },
                              "Content-Length": {
                                "type": "string"
                              },
                              "Content-Type": {
                                "type": "string"
                              },
                              "Expires": {
                                "type": "string"
                              }
                            }
                          },
                          "body": {
                            "type": "object",
                            "properties": {
                              "status": {
                                "type": "integer"
                              },
                              "message": {
                                "type": "string"
                              },
                              "error": {
                                "type": "object",
                                "properties": {
                                  "message": {
                                    "type": "string"
                                  },
                                  "code": {
                                    "type": "string"
                                  },
                                  "originalMessage": {
                                    "type": "string"
                                  }
                                }
                              },
                              "source": {
                                "type": "string"
                              }
                            }
                          }
                        }
                      },
                      "startTime": {
                        "type": "string"
                      },
                      "endTime": {
                        "type": "string"
                      },
                      "trackingId": {
                        "type": "string"
                      },
                      "clientTrackingId": {
                        "type": "string"
                      },
                      "clientKeywords": {
                        "type": "array",
                        "items": {
                          "type": "string"
                        }
                      },
                      "code": {
                        "type": "string"
                      },
                      "status": {
                        "type": "string"
                      },
                      "failureCause": {
                        "type": "string"
                      }
                    },
                    "required": [
                      "name",
                      "inputs",
                      "outputs",
                      "startTime",
                      "endTime",
                      "trackingId",
                      "clientTrackingId",
                      "clientKeywords",
                      "code",
                      "status",
                      "failureCause"
                    ]
                  }
                }
              }
            },
            "Apply_to_each": {
              "foreach": "@body('Parse_JSON')",
              "actions": {
                "Set_variable_2": {
                  "runAfter": {},
                  "metadata": {
                    "operationMetadataId": "35fda3dc-3b35-4eb7-9788-7a43d952e1c8"
                  },
                  "type": "SetVariable",
                  "inputs": {
                    "name": "Error Action",
                    "value": "@items('Apply_to_each')['name']"
                  }
                },
                "Set_variable_3": {
                  "runAfter": {
                    "Set_variable_2": [
                      "Succeeded"
                    ]
                  },
                  "metadata": {
                    "operationMetadataId": "0bf9f936-5abc-49c9-84de-5324b6dabff1"
                  },
                  "type": "SetVariable",
                  "inputs": {
                    "name": "Error Message",
                    "value": "@items('Apply_to_each')?['outputs']?['body']?['error']?['message']"
                  }
                },
                "Set_variable_4": {
                  "runAfter": {
                    "Set_variable_3": [
                      "Failed",
                      "Skipped",
                      "TimedOut"
                    ]
                  },
                  "metadata": {
                    "operationMetadataId": "35af27e8-6c06-4711-bff2-16cd343e7be4"
                  },
                  "type": "SetVariable",
                  "inputs": {
                    "name": "Error Message",
                    "value": "Not Available"
                  }
                },
                "Set_variable-_Error_Message": {
                  "runAfter": {
                    "Set_variable_4": [
                      "Succeeded"
                    ]
                  },
                  "metadata": {
                    "operationMetadataId": "1818211f-a178-4277-b521-d87b7f02feea"
                  },
                  "type": "SetVariable",
                  "inputs": {
                    "name": "Error Message",
                    "value": "Not Available"
                  }
                }
              },
              "runAfter": {
                "Parse_JSON": [
                  "Succeeded"
                ]
              },
              "metadata": {
                "operationMetadataId": "9d51a978-49fe-4cec-8cb0-e820e7efcb36"
              },
              "type": "Foreach"
            },
            "Send_an_email_(V2)": {
              "runAfter": {
                "Apply_to_each": [
                  "Succeeded"
                ]
              },
              "metadata": {
                "operationMetadataId": "ab7d98fd-f5c8-4ec3-a813-4f2c01a87b8e"
              },
              "type": "OpenApiConnection",
              "inputs": {
                "host": {
                  "connectionName": "shared_office365",
                  "operationId": "SendEmailV2",
                  "apiId": "/providers/Microsoft.PowerApps/apis/shared_office365"
                },
                "parameters": {
                  "emailMessage/To": "@parameters('[USA-AP-OOH]ErrorMailToEmails (apdig_USAAPOOHErrorMailToEmails)')",
                  "emailMessage/Subject": "OOH PAO : Error in @{triggerBody()['text_3']}",
                  "emailMessage/Body": "<p><strong>Email Transaction ID :</strong> @{triggerBody()['text_1']}<br>\n<br>\n\n<style>\ntable {\nwidth: 100%;\nborder-collapse: collapse;\n}\nth, td {\nborder: 1px solid #dddddd;\ntext-align: left;\npadding: 8px;\n}\nth {\nbackground-color: #f2f2f2;\n}\ntr:nth-child(even) {\nbackground-color: #f2f2f2;\n}\n</style>\n\n<table>\n<thead>\n<tr>\n<th>Action</th>\n<th>Status</th>\n<th>Error Message</th>\n</tr>\n</thead>\n<tbody>\n<tr>\n<td>@{variables('Error Action')}</td>\n<td>Failed</td>\n<td>@{variables('Error Message')}</td>\n</tr>\n</table>\n<br>\n<strong>Main Work Flow Link:&nbsp;</strong><a href='@{triggerBody()['text_2']}'>Check Flow Run</a><br>\n<strong>Child Work Flow Link:&nbsp;</strong><a href='@{triggerBody()['text_4']}'>Check Flow Run</a>\n<br>\n<br>\n\n************ This is system generated email, Please do not reply ************\n</p> ",
                  "emailMessage/Importance": "Normal"
                },
                "authentication": {
                  "type": "Raw",
                  "value": "@json(decodeBase64(triggerOutputs().headers['X-MS-APIM-Tokens']))['$ConnectionKey']"
                },
                "retryPolicy": {
                  "type": "fixed",
                  "count": 3,
                  "interval": "PT30S"
                }
              },
              "description": "The retry interval is set to 3"
            }
          },
          "runAfter": {
            "Initialize_variable": [
              "Succeeded"
            ]
          },
          "metadata": {
            "operationMetadataId": "8b1bb92a-c3eb-478c-bbde-93aba7f03325"
          },
          "type": "Scope"
        },
        "Scope_catch": {
          "actions": {
            "Set_variable-_Error_Action": {
              "runAfter": {},
              "metadata": {
                "operationMetadataId": "3d54ad20-fdfe-4ad9-936e-cdcd07127be4"
              },
              "type": "SetVariable",
              "inputs": {
                "name": "Error Action",
                "value": "@{outputs('Array_of_error_message')[0]['name']}"
              }
            },
            "Set_variable": {
              "runAfter": {
                "Set_variable-_Error_Action": [
                  "Failed",
                  "Skipped",
                  "TimedOut"
                ]
              },
              "metadata": {
                "operationMetadataId": "7e50476d-dbe0-4058-b792-53aeee73787a"
              },
              "type": "SetVariable",
              "inputs": {
                "name": "Error Action",
                "value": "Not Available"
              }
            },
            "Set_variable_5": {
              "runAfter": {
                "Set_variable": [
                  "Succeeded",
                  "Failed",
                  "Skipped",
                  "TimedOut"
                ]
              },
              "metadata": {
                "operationMetadataId": "5a881a59-59d2-4f89-a4c5-950a647f3d17"
              },
              "type": "SetVariable",
              "inputs": {
                "name": "Error Message",
                "value": "Not Available"
              }
            },
            "Send_an_email_(V2)_2": {
              "runAfter": {
                "Set_variable_5": [
                  "Succeeded"
                ]
              },
              "metadata": {
                "operationMetadataId": "ab7d98fd-f5c8-4ec3-a813-4f2c01a87b8e"
              },
              "type": "OpenApiConnection",
              "inputs": {
                "host": {
                  "connectionName": "shared_office365",
                  "operationId": "SendEmailV2",
                  "apiId": "/providers/Microsoft.PowerApps/apis/shared_office365"
                },
                "parameters": {
                  "emailMessage/To": "@parameters('[USA-AP-OOH]ErrorMailToEmails (apdig_USAAPOOHErrorMailToEmails)')",
                  "emailMessage/Subject": "OOH PAO : Error in @{triggerBody()['text_3']}",
                  "emailMessage/Body": "<p><strong>Email Transaction ID :</strong> @{triggerBody()['text_1']}<br>\n<br>\n\n<style>\ntable {\nwidth: 100%;\nborder-collapse: collapse;\n}\nth, td {\nborder: 1px solid #dddddd;\ntext-align: left;\npadding: 8px;\n}\nth {\nbackground-color: #f2f2f2;\n}\ntr:nth-child(even) {\nbackground-color: #f2f2f2;\n}\n</style>\n\n<table>\n<thead>\n<tr>\n<th>Action</th>\n<th>Status</th>\n<th>Error Message</th>\n</tr>\n</thead>\n<tbody>\n<tr>\n<td>@{variables('Error Action')}</td>\n<td>Failed</td>\n<td>@{variables('Error Message')}</td>\n</tr>\n</table>\n<br>\n<strong>Main Work Flow Link:&nbsp;</strong><a href='@{triggerBody()['text_2']}'>Check Flow Run</a><br>\n<strong>Child Work Flow Link:&nbsp;</strong><a href='@{triggerBody()['text_4']}'>Check Flow Run</a>\n<br>\n<br>\n\n************ This is system generated email, Please do not reply ************\n</p> ",
                  "emailMessage/Importance": "Normal"
                },
                "authentication": {
                  "type": "Raw",
                  "value": "@json(decodeBase64(triggerOutputs().headers['X-MS-APIM-Tokens']))['$ConnectionKey']"
                },
                "retryPolicy": {
                  "type": "fixed",
                  "count": 3,
                  "interval": "PT30S"
                }
              },
              "description": "The retry interval is set to 3"
            }
          },
          "runAfter": {
            "Scope_try": [
              "Failed",
              "TimedOut"
            ]
          },
          "metadata": {
            "operationMetadataId": "3569bacb-9457-4996-9032-bc2561195f96"
          },
          "type": "Scope"
        }
      }
    },
    "templateName": ""
  },
  "schemaVersion": "1.0.0.0"
}