{
  "properties": {
    "connectionReferences": {
      "shared_office365_1": {
        "runtimeSource": "embedded",
        "connection": {
          "connectionReferenceLogicalName": "apdig_sharedoffice365_c2e78"
        },
        "api": {
          "name": "shared_office365"
        }
      },
      "shared_sql_1": {
        "runtimeSource": "embedded",
        "connection": {
          "connectionReferenceLogicalName": "apdig_sharedsql_711e5"
        },
        "api": {
          "name": "shared_sql"
        }
      }
    },
    "definition": {
      "$schema": "https://schema.management.azure.com/providers/Microsoft.Logic/schemas/2016-06-01/workflowdefinition.json#",
      "contentVersion": "1.0.0.0",
      "parameters": {
        "$connections": {
          "defaultValue": {},
          "type": "Object"
        },
        "$authentication": {
          "defaultValue": {},
          "type": "SecureObject"
        },
        "[USA-AP-OOH]SQLServerName (apdig_USAAPOOHSQLServerName)": {
          "defaultValue": "eussqsvgrmusafinance01.database.windows.net",
          "type": "String",
          "metadata": {
            "schemaName": "apdig_USAAPOOHSQLServerName",
            "description": "OOH DB Server Name"
          }
        },
        "[USA-AP-OOH]SharedMailBoxName (apooh_USAAPOOHSharedMailBoxNam)": {
          "defaultValue": "aoc.ap.ooh.dev@groupm.com",
          "type": "String",
          "metadata": {
            "schemaName": "apooh_USAAPOOHSharedMailBoxNam",
            "description": "email address of the shared mailbox"
          }
        },
        "[USA-AP-OOH]SQLDatabaseName (apdig_USAAPOOHSQLDatabaseName)": {
          "defaultValue": "eussqdbgrmusaapoohdev01",
          "type": "String",
          "metadata": {
            "schemaName": "apdig_USAAPOOHSQLDatabaseName",
            "description": "SQL DB Name for OOH"
          }
        },
        "[USA-AP-OOH]InvalidInvoiceFileName (apdig_USAAPOOHInvoiceFileName)": {
          "defaultValue": "AFFIDAVIT,POP,REMITTANCE,REPORT,POLICY,CONTRACT,DISTRIBUTION,REMITTANCE,BRIEF,EXECUTED AGREEMENT,PROOF",
          "type": "String",
          "metadata": {
            "schemaName": "apdig_USAAPOOHInvoiceFileName",
            "description": "Terms to check in filename if pdf is a Invoice or Not"
          }
        },
        "[USA-AP-OOH]AzureBlobStorageConnectionString (apdig_USAAPOOHAzureBlobStorageConnectionString)": {
          "defaultValue": "DefaultEndpointsProtocol=https;AccountName=eusstacapoohpdfsplitdev2;AccountKey=c5CEJtE9yziv4l8U4WoF+zMAWdSiBS98He6GALQmHAyMAVP3lsB5+Jm27MgeaFsYDIQQFXJviRa2+ASttTvv6A==;EndpointSuffix=core.windows.net",
          "type": "String",
          "metadata": {
            "schemaName": "apdig_USAAPOOHAzureBlobStorageConnectionString",
            "description": "Connection String for Azure Blob Storage of AP OOH Invoices"
          }
        },
        "[USA-AP-OOH]AzureBlobStorageAccountKey (apdig_USAAPOOHAzureBlobStorageAccountKey)": {
          "defaultValue": "c5CEJtE9yziv4l8U4WoF+zMAWdSiBS98He6GALQmHAyMAVP3lsB5+Jm27MgeaFsYDIQQFXJviRa2+ASttTvv6A==",
          "type": "String",
          "metadata": {
            "schemaName": "apdig_USAAPOOHAzureBlobStorageAccountKey",
            "description": "Account Key for AP OOH Invoice Storage on Azure Blob"
          }
        },
        "[USA-AP-OOH]SplitInvoiceStorageAccountName (apooh_USAAPOOHSplitInvoiceStorageAccountName)": {
          "defaultValue": "eusstacapoohpdfsplitdev2",
          "type": "String",
          "metadata": {
            "schemaName": "apooh_USAAPOOHSplitInvoiceStorageAccountName",
            "description": "Storage Account Name for Split PDF functionality"
          }
        },
        "[USA-AP-OOH]ZipExtractStorageAccountName (apooh_USAAPOOHZipExtractStorageAccountName)": {
          "defaultValue": "eusstacapoohpdfsplitdev2",
          "type": "String",
          "metadata": {
            "schemaName": "apooh_USAAPOOHZipExtractStorageAccountName",
            "description": "Storage Account Name for Zip Extraction Funcationality"
          }
        }
      },
      "triggers": {
        "manual": {
          "metadata": {
            "operationMetadataId": "4379294a-8d8e-4026-984e-14f07eb18a01"
          },
          "type": "Request",
          "kind": "Button",
          "inputs": {
            "schema": {
              "type": "object",
              "properties": {
                "text": {
                  "title": "MessageID",
                  "type": "string",
                  "x-ms-dynamically-added": true,
                  "description": "Please enter your input",
                  "x-ms-content-hint": "TEXT"
                },
                "text_1": {
                  "title": "WorkflowID",
                  "type": "string",
                  "x-ms-dynamically-added": true,
                  "description": "Please enter your input",
                  "x-ms-content-hint": "TEXT"
                },
                "text_2": {
                  "title": "MailTxnID",
                  "type": "string",
                  "x-ms-dynamically-added": true,
                  "description": "Please enter your input",
                  "x-ms-content-hint": "TEXT"
                }
              },
              "required": [
                "text",
                "text_1",
                "text_2"
              ]
            }
          }
        }
      },
      "actions": {
        "Initialize_variable_-_Mail_Txn_ID": {
          "runAfter": {
            "Initialize_variable_-_ChildWorkflowURL": [
              "Succeeded"
            ]
          },
          "metadata": {
            "operationMetadataId": "4d0c2b87-c345-4e39-95c3-e246e4b30d50"
          },
          "type": "InitializeVariable",
          "inputs": {
            "variables": [
              {
                "name": "MailTxnID",
                "type": "string",
                "value": "@triggerBody()['text_2']"
              }
            ]
          }
        },
        "Initialize_variable_2_-_Mail_Sender_Email_ID": {
          "runAfter": {
            "Initialize_variable_-_Mail_Txn_ID": [
              "Succeeded"
            ]
          },
          "metadata": {
            "operationMetadataId": "1392794e-05db-4f4b-b53e-4a3b19166fbc"
          },
          "type": "InitializeVariable",
          "inputs": {
            "variables": [
              {
                "name": "MailSenderEmailID",
                "type": "string"
              }
            ]
          }
        },
        "Initialize_variable_3_-_Mail_Sender_Name": {
          "runAfter": {
            "Initialize_variable_2_-_Mail_Sender_Email_ID": [
              "Succeeded"
            ]
          },
          "metadata": {
            "operationMetadataId": "1745c2ef-6bcf-478c-ac24-74d14ef0193b"
          },
          "type": "InitializeVariable",
          "inputs": {
            "variables": [
              {
                "name": "MailSenderName",
                "type": "string"
              }
            ]
          }
        },
        "Initialize_variable_4_-_IsMailtoFAI": {
          "runAfter": {
            "Initialize_variable_3_-_Mail_Sender_Name": [
              "Succeeded"
            ]
          },
          "metadata": {
            "operationMetadataId": "cd7a02a2-ab5a-4b7d-b850-fa38c79d665c"
          },
          "type": "InitializeVariable",
          "inputs": {
            "variables": [
              {
                "name": "IsMailtoFAI",
                "type": "boolean",
                "value": "@false"
              }
            ]
          }
        },
        "Initialize_variable_5_-_IsValidMailtoFAI": {
          "runAfter": {
            "Initialize_variable_4_-_IsMailtoFAI": [
              "Succeeded"
            ]
          },
          "metadata": {
            "operationMetadataId": "5143cb56-8d6b-4346-bc6b-9dcdee2f872f"
          },
          "type": "InitializeVariable",
          "inputs": {
            "variables": [
              {
                "name": "IsValidMailtoFAI",
                "type": "boolean",
                "value": "@false"
              }
            ]
          }
        },
        "Initialize_variable-Attachments": {
          "runAfter": {
            "Initialize_variable_5_-_IsValidMailtoFAI": [
              "Succeeded"
            ]
          },
          "metadata": {
            "operationMetadataId": "cd4ef6ed-71c4-4030-bd2d-16b61cbd756b"
          },
          "type": "InitializeVariable",
          "inputs": {
            "variables": [
              {
                "name": "Attachments",
                "type": "array"
              }
            ]
          }
        },
        "Initialize_variable_-AgencyEmail": {
          "runAfter": {
            "Initialize_variable-Attachments": [
              "Succeeded"
            ]
          },
          "metadata": {
            "operationMetadataId": "2d995325-a24c-4bf8-b41a-a9826d5dbefd"
          },
          "type": "InitializeVariable",
          "inputs": {
            "variables": [
              {
                "name": "AgencyEmail",
                "type": "string"
              }
            ]
          }
        },
        "Initialize_variable_-_PubCode": {
          "runAfter": {
            "Initialize_variable_-AgencyEmail": [
              "Succeeded"
            ]
          },
          "metadata": {
            "operationMetadataId": "8774e991-6a54-4a15-94a6-3eb845ee1937"
          },
          "type": "InitializeVariable",
          "inputs": {
            "variables": [
              {
                "name": "PubCode",
                "type": "string"
              }
            ]
          }
        },
        "Initialize_variable_-_ContainerName": {
          "runAfter": {
            "Initialize_variable_-_PubCode": [
              "Succeeded"
            ]
          },
          "metadata": {
            "operationMetadataId": "f36cf4cf-1a42-459a-81e0-7bc774865ecd"
          },
          "type": "InitializeVariable",
          "inputs": {
            "variables": [
              {
                "name": "ContainerName",
                "type": "string",
                "value": "zipunzipworkatotest"
              }
            ]
          }
        },
        "Initialize_variable_-_Email_Send_Date_TIme": {
          "runAfter": {
            "Initialize_variable_-_ContainerName": [
              "Succeeded"
            ]
          },
          "metadata": {
            "operationMetadataId": "cccb44ff-3ec0-42ea-9088-6ed41a144383"
          },
          "type": "InitializeVariable",
          "inputs": {
            "variables": [
              {
                "name": "Email Send Date Time",
                "type": "string",
                "value": "1900-01-01"
              }
            ]
          }
        },
        "Initialize_variable_-_Move_Email_To_Folder": {
          "runAfter": {
            "Initialize_variable_-_Email_Send_Date_TIme": [
              "Succeeded"
            ]
          },
          "metadata": {
            "operationMetadataId": "06718ecb-2f4b-46cf-9c4a-881d554f5d57"
          },
          "type": "InitializeVariable",
          "inputs": {
            "variables": [
              {
                "name": "Move Email To Folder",
                "type": "string",
                "value": "_FAIProcessed"
              }
            ]
          }
        },
        "Scope_Try": {
          "actions": {
            "Get_email_(V2)": {
              "runAfter": {},
              "metadata": {
                "operationMetadataId": "478cde29-9dfd-40dd-a421-900967364330"
              },
              "type": "OpenApiConnection",
              "inputs": {
                "host": {
                  "connectionName": "shared_office365_1",
                  "operationId": "GetEmailV2",
                  "apiId": "/providers/Microsoft.PowerApps/apis/shared_office365"
                },
                "parameters": {
                  "messageId": "@triggerBody()['text']",
                  "mailboxAddress": "@parameters('[USA-AP-OOH]SharedMailBoxName (apooh_USAAPOOHSharedMailBoxNam)')",
                  "includeAttachments": true
                },
                "authentication": {
                  "type": "Raw",
                  "value": "@json(decodeBase64(triggerOutputs().headers['X-MS-APIM-Tokens']))['$ConnectionKey']"
                },
                "retryPolicy": {
                  "type": "fixed",
                  "count": 3,
                  "interval": "PT30S"
                }
              },
              "description": "The retry interval is set to 3"
            },
            "MailTxnID": {
              "runAfter": {
                "Get_email_(V2)": [
                  "Succeeded"
                ]
              },
              "metadata": {
                "operationMetadataId": "bfe1c368-e410-46a0-ad61-b22e01a07679"
              },
              "type": "Compose",
              "inputs": "@substring(outputs('Get_email_(V2)')?['body/body'],\r\nadd(indexOf(outputs('Get_email_(V2)')?['body/body'], 'Mail Transaction ID : '), length('Mail Transaction ID : ')),\r\nsub(indexOf(skip(outputs('Get_email_(V2)')?['body/body'], add(indexOf(outputs('Get_email_(V2)')?['body/body'], 'Mail Transaction ID : '), length('Mail Transaction ID : '))), ' Mail Box ID'), 1)\r\n)"
            },
            "Set_variable_MailTxnID": {
              "runAfter": {
                "MailTxnID": [
                  "Succeeded"
                ]
              },
              "metadata": {
                "operationMetadataId": "8d121537-8096-4cd7-a10f-6d6e9bdae6ca"
              },
              "type": "SetVariable",
              "inputs": {
                "name": "MailTxnID",
                "value": "@{outputs('MailTxnID')}"
              }
            },
            "Get_rows_(V2)_-_Mail_Details": {
              "runAfter": {
                "Set_variable_MailTxnID": [
                  "Succeeded"
                ]
              },
              "metadata": {
                "operationMetadataId": "deaf2477-b674-4def-bd0c-cc14c876cade"
              },
              "type": "OpenApiConnection",
              "inputs": {
                "host": {
                  "connectionName": "shared_sql_1",
                  "operationId": "GetItems_V2",
                  "apiId": "/providers/Microsoft.PowerApps/apis/shared_sql"
                },
                "parameters": {
                  "server": "@parameters('[USA-AP-OOH]SQLServerName (apdig_USAAPOOHSQLServerName)')",
                  "database": "@parameters('[USA-AP-OOH]SQLDatabaseName (apdig_USAAPOOHSQLDatabaseName)')",
                  "table": "[dbo].[OOH_Mail_Txn]",
                  "$filter": "Mail_ID eq '@{outputs('MailTxnID')}'"
                },
                "authentication": {
                  "type": "Raw",
                  "value": "@json(decodeBase64(triggerOutputs().headers['X-MS-APIM-Tokens']))['$ConnectionKey']"
                },
                "retryPolicy": {
                  "type": "fixed",
                  "count": 3,
                  "interval": "PT2M"
                }
              },
              "description": "The retry interval is set to 3",
              "runtimeConfiguration": {
                "paginationPolicy": {
                  "minimumItemCount": 500
                }
              }
            },
            "Apply_to_each": {
              "foreach": "@outputs('Get_rows_(V2)_-_Mail_Details')?['body/value']",
              "actions": {
                "Set_Variable_1_-_Agency_Name": {
                  "runAfter": {},
                  "metadata": {
                    "operationMetadataId": "d3694cdf-3bf6-4b86-8266-48d8ba35a34f"
                  },
                  "type": "SetVariable",
                  "inputs": {
                    "name": "AgencyEmail",
                    "value": "@items('Apply_to_each')?['Mail_Box_Name']"
                  }
                },
                "Set_variable_4_-_Mail_Subject": {
                  "runAfter": {
                    "Set_variable_3_-_Mail_Sender_Name": [
                      "Succeeded"
                    ]
                  },
                  "metadata": {
                    "operationMetadataId": "d29133c3-962e-483c-97a0-1821e303cb1b"
                  },
                  "type": "SetVariable",
                  "inputs": {
                    "name": "MailSubject",
                    "value": "@items('Apply_to_each')?['Mail_Subject']"
                  }
                },
                "Set_variable_3_-_Mail_Sender_Name": {
                  "runAfter": {
                    "Set_variable_2_-_Mail_Sender_Email_ID": [
                      "Succeeded"
                    ]
                  },
                  "metadata": {
                    "operationMetadataId": "d99170a1-43c8-40b4-b36d-14d229731f3b"
                  },
                  "type": "SetVariable",
                  "inputs": {
                    "name": "MailSenderName",
                    "value": "@items('Apply_to_each')?['Mail_From_name']"
                  }
                },
                "Set_variable_2_-_Mail_Sender_Email_ID": {
                  "runAfter": {
                    "Set_Variable_1_-_Agency_Name": [
                      "Succeeded"
                    ]
                  },
                  "metadata": {
                    "operationMetadataId": "8eb56596-dba6-4393-b544-23f03fe26515"
                  },
                  "type": "SetVariable",
                  "inputs": {
                    "name": "MailSenderEmailID",
                    "value": "@items('Apply_to_each')?['Mail_SenderId']"
                  }
                }
              },
              "runAfter": {
                "Get_rows_(V2)_-_Mail_Details": [
                  "Succeeded"
                ]
              },
              "metadata": {
                "operationMetadataId": "b69b6c0c-3d0e-465f-a5fa-5aa339629b0b"
              },
              "type": "Foreach"
            },
            "Condition_Move_Google_Emails_to_Ignore": {
              "actions": {
                "Set_variable-_For_Google_Ignore": {
                  "runAfter": {},
                  "metadata": {
                    "operationMetadataId": "8c90ec24-5e15-4e2a-aa9e-8ed7d61fed91"
                  },
                  "type": "SetVariable",
                  "inputs": {
                    "name": "Move Email To Folder",
                    "value": "_GoogleIgnore"
                  }
                }
              },
              "runAfter": {
                "Apply_to_each": [
                  "Succeeded"
                ]
              },
              "expression": {
                "contains": [
                  "@toLower(variables('MailSenderEmailID'))",
                  "'@google.com'"
                ]
              },
              "metadata": {
                "operationMetadataId": "1c1d48b4-2482-4877-984a-1cf82c2e8828"
              },
              "type": "If"
            },
            "Run_a_Child_Flow_-_Log_an_Event": {
              "runAfter": {
                "Condition_Move_Google_Emails_to_Ignore": [
                  "Succeeded"
                ]
              },
              "metadata": {
                "operationMetadataId": "d75e1200-755c-40bc-a623-247fe45b689d"
              },
              "type": "Workflow",
              "inputs": {
                "host": {
                  "workflowReferenceName": "423112eb-8800-ef11-a1fd-6045bd0855fb"
                },
                "body": {
                  "text": "@workflow()?['tags']?['flowDisplayName']",
                  "text_1": "@triggerBody()['text_1']",
                  "text_2": "Extracted all the details from Mail",
                  "text_3": "@concat(variables('MailSenderName'),'-',variables('MailSenderEmailID'),'-',variables('AgencyEmail'),variables('MailSenderEmailID'))",
                  "text_4": "@variables('MailTxnID')"
                }
              }
            },
            "Get_rows_(V2)_-_Lookup_FA_Email": {
              "runAfter": {
                "Run_a_Child_Flow_-_Log_an_Event": [
                  "Succeeded"
                ]
              },
              "metadata": {
                "operationMetadataId": "b94ad93e-cd7e-4718-af08-55636b313ea3"
              },
              "type": "OpenApiConnection",
              "inputs": {
                "host": {
                  "connectionName": "shared_sql_1",
                  "operationId": "GetItems_V2",
                  "apiId": "/providers/Microsoft.PowerApps/apis/shared_sql"
                },
                "parameters": {
                  "server": "@parameters('[USA-AP-OOH]SQLServerName (apdig_USAAPOOHSQLServerName)')",
                  "database": "@parameters('[USA-AP-OOH]SQLDatabaseName (apdig_USAAPOOHSQLDatabaseName)')",
                  "table": "[dbo].[OOH_FA_Master]",
                  "$filter": "FA_Email_ID eq '@{variables('MailSenderEmailID')}'"
                },
                "authentication": {
                  "type": "Raw",
                  "value": "@json(decodeBase64(triggerOutputs().headers['X-MS-APIM-Tokens']))['$ConnectionKey']"
                },
                "retryPolicy": {
                  "type": "fixed",
                  "count": 3,
                  "interval": "PT2M"
                }
              },
              "description": "The retry interval is set to 3",
              "runtimeConfiguration": {
                "paginationPolicy": {
                  "minimumItemCount": 500
                }
              }
            },
            "Condition_6_-_If_Sender_is_a_FA": {
              "actions": {
                "Get_rows_(V2)_-_Lookup_Pubcode": {
                  "runAfter": {
                    "Filter_Subject_for_Pubcode": [
                      "Succeeded"
                    ]
                  },
                  "metadata": {
                    "operationMetadataId": "57a48149-52e9-4fdc-bfa1-77502a4f96bf"
                  },
                  "type": "OpenApiConnection",
                  "inputs": {
                    "host": {
                      "connectionName": "shared_sql_1",
                      "operationId": "GetItems_V2",
                      "apiId": "/providers/Microsoft.PowerApps/apis/shared_sql"
                    },
                    "parameters": {
                      "server": "@parameters('[USA-AP-OOH]SQLServerName (apdig_USAAPOOHSQLServerName)')",
                      "database": "@parameters('[USA-AP-OOH]SQLDatabaseName (apdig_USAAPOOHSQLDatabaseName)')",
                      "table": "[dbo].[OOH_Vendor_Master]",
                      "$filter": "Vendor_Pub_Code eq '@{replace(trim(outputs('Filter_Subject_for_Pubcode')),'''','')}'"
                    },
                    "authentication": {
                      "type": "Raw",
                      "value": "@json(decodeBase64(triggerOutputs().headers['X-MS-APIM-Tokens']))['$ConnectionKey']"
                    },
                    "retryPolicy": {
                      "type": "fixed",
                      "count": 3,
                      "interval": "PT2M"
                    }
                  },
                  "description": "The retry interval is set to 3",
                  "runtimeConfiguration": {
                    "paginationPolicy": {
                      "minimumItemCount": 500
                    }
                  }
                },
                "Condition": {
                  "actions": {
                    "Set_variable_8_-_Is_Valid_Mail_to_FAI": {
                      "runAfter": {},
                      "metadata": {
                        "operationMetadataId": "3edd82ef-b519-4c58-9cc5-f04b1adf1884"
                      },
                      "type": "SetVariable",
                      "inputs": {
                        "name": "IsValidMailtoFAI",
                        "value": "@true"
                      }
                    },
                    "Set_variable_-_PubCode_for_this_transaction": {
                      "runAfter": {
                        "Set_variable_8_-_Is_Valid_Mail_to_FAI": [
                          "Succeeded"
                        ]
                      },
                      "metadata": {
                        "operationMetadataId": "b8f9cc30-eb55-41fc-a937-7902f610ebfc"
                      },
                      "type": "SetVariable",
                      "inputs": {
                        "name": "PubCode",
                        "value": "@{trim(outputs('Filter_Subject_for_Pubcode'))}"
                      }
                    },
                    "Run_a_Child_Flow_-_Log_an_Event_3": {
                      "runAfter": {
                        "Set_variable_-_PubCode_for_this_transaction": [
                          "Succeeded"
                        ]
                      },
                      "metadata": {
                        "operationMetadataId": "204f8f27-6631-4f29-b604-e984b2e14923"
                      },
                      "type": "Workflow",
                      "inputs": {
                        "host": {
                          "workflowReferenceName": "423112eb-8800-ef11-a1fd-6045bd0855fb"
                        },
                        "body": {
                          "text": "@workflow()?['tags']?['flowDisplayName']",
                          "text_1": "@triggerBody()['text_1']",
                          "text_2": "Mail to FAI Valid PubCode Flow",
                          "text_3": "@concat(outputs('Get_email_(V2)')?['body/subject'], '-', outputs('Get_email_(V2)')?['body/from'], '-', variables('IsValidMailtoFAI'))",
                          "text_4": "@variables('MailTxnID')"
                        }
                      }
                    }
                  },
                  "runAfter": {
                    "Get_rows_(V2)_-_Lookup_Pubcode": [
                      "Succeeded"
                    ]
                  },
                  "else": {
                    "actions": {
                      "Set_variable": {
                        "runAfter": {},
                        "metadata": {
                          "operationMetadataId": "3f427b0b-d17d-4137-a665-c345a86a85e6"
                        },
                        "type": "SetVariable",
                        "inputs": {
                          "name": "IsValidMailtoFAI",
                          "value": "@false"
                        }
                      },
                      "Run_a_Child_Flow_-_Log_an_Event_2": {
                        "runAfter": {
                          "Set_variable": [
                            "Succeeded"
                          ]
                        },
                        "metadata": {
                          "operationMetadataId": "9c0c0e45-59e6-4965-8140-738f1603d8bf"
                        },
                        "type": "Workflow",
                        "inputs": {
                          "host": {
                            "workflowReferenceName": "423112eb-8800-ef11-a1fd-6045bd0855fb"
                          },
                          "body": {
                            "text": "@workflow()?['tags']?['flowDisplayName']",
                            "text_1": "@triggerBody()['text_1']",
                            "text_2": "Mail to FAI Invalid PubCode Flow",
                            "text_3": "@concat(outputs('Get_email_(V2)')?['body/subject'], '-', outputs('Get_email_(V2)')?['body/from'], '-', variables('IsValidMailtoFAI'))",
                            "text_4": "@variables('MailTxnID')"
                          }
                        }
                      },
                      "Set_variable_MoveEmailToFolder": {
                        "runAfter": {
                          "Check_valid_mail_to_FAI": [
                            "Succeeded"
                          ]
                        },
                        "metadata": {
                          "operationMetadataId": "8680064c-faa2-457f-ab7a-8b59360a1590"
                        },
                        "type": "SetVariable",
                        "inputs": {
                          "name": "Move Email To Folder",
                          "value": "_Embargo"
                        }
                      },
                      "Check_valid_mail_to_FAI": {
                        "actions": {
                          "For_each": {
                            "foreach": "@outputs('Get_rows_(V2)_-_Mail_Details')?['body/value']",
                            "actions": {
                              "Send_an_email_(V2)_-_Invalid_mail_ToFAI": {
                                "runAfter": {},
                                "metadata": {
                                  "operationMetadataId": "0a161400-cb08-40b4-82cb-0b285948ba4f"
                                },
                                "type": "OpenApiConnection",
                                "inputs": {
                                  "host": {
                                    "connectionName": "shared_office365_1",
                                    "operationId": "SendEmailV2",
                                    "apiId": "/providers/Microsoft.PowerApps/apis/shared_office365"
                                  },
                                  "parameters": {
                                    "emailMessage/To": "@variables('MailSenderEmailID')",
                                    "emailMessage/Subject": "@variables('MailSubject')",
                                    "emailMessage/Body": "<p>Hi @{items('For_each')?['Mail_From_name']},<br>\n<br>\nThe Publication Code in the subject is either invalid or it does not exist in our System for the mail sent on @{items('For_each')?['Mail_Received_Date']}.<br>\n<br>\nPlease update the Subject and re-share the invoice again.<br>\n<br>\nRegards,<br>\nBot<br>\n<br>\n<br>\n----- This is a system generated mail. Please do not reply to this mail. -----</p>",
                                    "emailMessage/Importance": "Normal"
                                  },
                                  "authentication": {
                                    "type": "Raw",
                                    "value": "@json(decodeBase64(triggerOutputs().headers['X-MS-APIM-Tokens']))['$ConnectionKey']"
                                  },
                                  "retryPolicy": {
                                    "type": "fixed",
                                    "count": 3,
                                    "interval": "PT30S"
                                  }
                                },
                                "description": "The retry interval is set to 3"
                              }
                            },
                            "runAfter": {},
                            "metadata": {
                              "operationMetadataId": "c7c45625-7b6c-4c1e-a9e6-38b6d1d0b4fd"
                            },
                            "type": "Foreach"
                          }
                        },
                        "runAfter": {
                          "Run_a_Child_Flow_-_Log_an_Event_2": [
                            "Succeeded"
                          ]
                        },
                        "expression": {
                          "less": [
                            "@length(variables('MailSubject'))",
                            15
                          ]
                        },
                        "metadata": {
                          "operationMetadataId": "9b36aa52-fec0-4a14-a805-e3137b11745d"
                        },
                        "type": "If"
                      }
                    }
                  },
                  "expression": {
                    "greater": [
                      "@length(outputs('Get_rows_(V2)_-_Lookup_Pubcode')?['body/value'])",
                      0
                    ]
                  },
                  "metadata": {
                    "operationMetadataId": "7c749e74-be98-4d9c-ba2f-981960282308"
                  },
                  "type": "If"
                },
                "Set_variable_7_-_Is_Mail_to_FAI": {
                  "runAfter": {},
                  "metadata": {
                    "operationMetadataId": "4fc4f577-5b8a-4300-a12b-e8dd164a10f2"
                  },
                  "type": "SetVariable",
                  "inputs": {
                    "name": "IsMailtoFAI",
                    "value": "@true"
                  }
                },
                "Filter_Subject_for_Pubcode": {
                  "runAfter": {
                    "Set_variable_7_-_Is_Mail_to_FAI": [
                      "Succeeded"
                    ]
                  },
                  "metadata": {
                    "operationMetadataId": "dba5b974-522d-4b4d-a8f3-88ba80aa498d"
                  },
                  "type": "Compose",
                  "inputs": "@if(contains(trim(variables('MailSubject')),'FW:'),substring(trim(variables('MailSubject')),4,sub(length(trim(variables('MailSubject'))),4)),substring(trim(variables('MailSubject')),0,length(trim(variables('MailSubject')))))"
                }
              },
              "runAfter": {
                "Get_rows_(V2)_-_Lookup_FA_Email": [
                  "Succeeded"
                ]
              },
              "expression": {
                "greater": [
                  "@length(outputs('Get_rows_(V2)_-_Lookup_FA_Email')?['body/value'])",
                  0
                ]
              },
              "metadata": {
                "operationMetadataId": "36993872-52ba-44f3-9c9a-cf0e2007e1f7"
              },
              "type": "If"
            },
            "Apply_to_each_Attachment": {
              "foreach": "@outputs('Get_email_(V2)')?['body/attachments']",
              "actions": {
                "Get_Attachment_(V2)": {
                  "runAfter": {},
                  "metadata": {
                    "operationMetadataId": "46a48620-e388-4f7f-b06f-6c0b8afe07f6"
                  },
                  "type": "OpenApiConnection",
                  "inputs": {
                    "host": {
                      "connectionName": "shared_office365_1",
                      "operationId": "GetAttachment_V2",
                      "apiId": "/providers/Microsoft.PowerApps/apis/shared_office365"
                    },
                    "parameters": {
                      "messageId": "@triggerBody()['text']",
                      "attachmentId": "@items('Apply_to_each_Attachment')?['id']",
                      "mailboxAddress": "@{parameters('[USA-AP-OOH]SharedMailBoxName (apooh_USAAPOOHSharedMailBoxNam)')};;"
                    },
                    "authentication": {
                      "type": "Raw",
                      "value": "@json(decodeBase64(triggerOutputs().headers['X-MS-APIM-Tokens']))['$ConnectionKey']"
                    },
                    "retryPolicy": {
                      "type": "fixed",
                      "count": 3,
                      "interval": "PT30S"
                    }
                  },
                  "description": "The retry interval is set to 3"
                },
                "Parse_JSON_2": {
                  "runAfter": {
                    "Get_Attachment_(V2)": [
                      "Succeeded"
                    ]
                  },
                  "metadata": {
                    "operationMetadataId": "c0362056-4143-4f88-9f63-37c92034ff86"
                  },
                  "type": "ParseJson",
                  "inputs": {
                    "content": "@items('Apply_to_each_Attachment')",
                    "schema": {
                      "type": "object",
                      "properties": {
                        "statusCode": {
                          "type": "integer"
                        },
                        "headers": {
                          "type": "object",
                          "properties": {
                            "Cache-Control": {
                              "type": "string"
                            },
                            "Transfer-Encoding": {
                              "type": "string"
                            },
                            "Vary": {
                              "type": "string"
                            },
                            "Strict-Transport-Security": {
                              "type": "string"
                            },
                            "request-id": {
                              "type": "string"
                            },
                            "client-request-id": {
                              "type": "string"
                            },
                            "x-ms-ags-diagnostic": {
                              "type": "string"
                            },
                            "x-ms-environment-id": {
                              "type": "string"
                            },
                            "Timing-Allow-Origin": {
                              "type": "string"
                            },
                            "x-ms-apihub-cached-response": {
                              "type": "string"
                            },
                            "x-ms-apihub-obo": {
                              "type": "string"
                            },
                            "Date": {
                              "type": "string"
                            },
                            "Content-Type": {
                              "type": "string"
                            },
                            "Content-Length": {
                              "type": "string"
                            }
                          }
                        },
                        "body": {
                          "type": "object",
                          "properties": {
                            "@@odata.context": {
                              "type": "string"
                            },
                            "@@odata.type": {
                              "type": "string"
                            },
                            "@@odata.mediaContentType": {
                              "type": "string"
                            },
                            "id": {
                              "type": "string"
                            },
                            "lastModifiedDateTime": {
                              "type": "string"
                            },
                            "name": {
                              "type": "string"
                            },
                            "contentType": {
                              "type": "string"
                            },
                            "size": {
                              "type": "integer"
                            },
                            "isInline": {
                              "type": "boolean"
                            },
                            "contentBytes": {
                              "type": "string"
                            }
                          }
                        }
                      }
                    }
                  }
                },
                "Condition_4_-_If_attachment_is_a_Zip": {
                  "actions": {
                    "Scope_-_Try": {
                      "actions": {
                        "Zip_Unzip_Body": {
                          "runAfter": {},
                          "metadata": {
                            "operationMetadataId": "128b5a53-4022-4032-a68e-7d36ce2438c5"
                          },
                          "type": "Compose",
                          "inputs": {
                            "type": "2",
                            "base64_zip_content": "@outputs('Get_Attachment_(V2)')?['body/contentBytes']",
                            "account_name": "@parameters('[USA-AP-OOH]SplitInvoiceStorageAccountName (apooh_USAAPOOHSplitInvoiceStorageAccountName)')",
                            "connection_string": "@parameters('[USA-AP-OOH]AzureBlobStorageConnectionString (apdig_USAAPOOHAzureBlobStorageConnectionString)')",
                            "primary_key": "@parameters('[USA-AP-OOH]AzureBlobStorageAccountKey (apdig_USAAPOOHAzureBlobStorageAccountKey)')"
                          }
                        },
                        "HTTP_ZIP_UNZIP": {
                          "runAfter": {
                            "Zip_Unzip_Body": [
                              "Succeeded"
                            ]
                          },
                          "metadata": {
                            "operationMetadataId": "6db4259e-db86-4c3f-8137-48a98b14b4bf"
                          },
                          "type": "Http",
                          "inputs": {
                            "method": "POST",
                            "uri": "@parameters('[USA-AP-OOH]ZipExtractStorageAccountName (apooh_USAAPOOHZipExtractStorageAccountName)')",
                            "body": "@outputs('Zip_Unzip_Body')",
                            "retryPolicy": {
                              "type": "fixed",
                              "count": 3,
                              "interval": "PT30S"
                            }
                          }
                        }
                      },
                      "runAfter": {},
                      "metadata": {
                        "operationMetadataId": "ed259f86-d8fd-4b70-b971-4e2dfa332434"
                      },
                      "type": "Scope"
                    },
                    "Scope_2": {
                      "actions": {
                        "Parse_JSON": {
                          "runAfter": {},
                          "metadata": {
                            "operationMetadataId": "b65abfa3-018d-4e9e-a875-e86b0c9c79b5"
                          },
                          "type": "ParseJson",
                          "inputs": {
                            "content": "@body('HTTP_ZIP_UNZIP')",
                            "schema": {
                              "type": "array",
                              "items": {
                                "type": "object",
                                "properties": {
                                  "filename": {
                                    "type": "string"
                                  },
                                  "base64_content": {
                                    "type": "string"
                                  }
                                },
                                "required": [
                                  "filename",
                                  "base64_content"
                                ]
                              }
                            }
                          }
                        },
                        "Apply_to_each_3_-_Add_attachments_to_array": {
                          "foreach": "@body('Parse_JSON')",
                          "actions": {
                            "Set_variable_3_-_IsAnInvoice_2": {
                              "runAfter": {},
                              "metadata": {
                                "operationMetadataId": "52890d9a-6c58-40da-8ff3-fa21b97d128a"
                              },
                              "type": "SetVariable",
                              "inputs": {
                                "name": "IsAnInvoice",
                                "value": "@true"
                              }
                            },
                            "Apply_to_each_2_-_check_for_invalid_filename_terms_on_each_attachment": {
                              "foreach": "@variables('InvalidFilenames')",
                              "actions": {
                                "Condition_2_-_filename_does_not_contain_terms": {
                                  "actions": {
                                    "Set_variable__-_IsAnInvoice": {
                                      "runAfter": {},
                                      "metadata": {
                                        "operationMetadataId": "9357683e-3ed2-4b0e-9c18-0da61ae276db"
                                      },
                                      "type": "SetVariable",
                                      "inputs": {
                                        "name": "IsAnInvoice",
                                        "value": "@false"
                                      }
                                    }
                                  },
                                  "runAfter": {},
                                  "expression": {
                                    "contains": [
                                      "@toLower(items('Apply_to_each_3_-_Add_attachments_to_array')['filename'])",
                                      "@toLower(items('Apply_to_each_2_-_check_for_invalid_filename_terms_on_each_attachment'))"
                                    ]
                                  },
                                  "metadata": {
                                    "operationMetadataId": "ea8cb70a-e9d1-4df6-ad5d-15f4b45ca784"
                                  },
                                  "type": "If"
                                }
                              },
                              "runAfter": {
                                "Set_variable_3_-_IsAnInvoice_2": [
                                  "Succeeded"
                                ]
                              },
                              "metadata": {
                                "operationMetadataId": "ae4bd00d-332b-478b-a31c-5d1c2fbb9e48"
                              },
                              "type": "Foreach"
                            },
                            "Condition_2_-_Is_An_Invoice_then_add_to_array": {
                              "actions": {
                                "Append_to_array_variable": {
                                  "runAfter": {},
                                  "metadata": {
                                    "operationMetadataId": "130264f1-9e70-427f-9cbd-fbf305aee858"
                                  },
                                  "type": "AppendToArrayVariable",
                                  "inputs": {
                                    "name": "Attachments",
                                    "value": {
                                      "Filename": "@items('Apply_to_each_3_-_Add_attachments_to_array')['filename']",
                                      "ContentByte": "@items('Apply_to_each_3_-_Add_attachments_to_array')['base64_content']"
                                    }
                                  }
                                }
                              },
                              "runAfter": {
                                "Apply_to_each_2_-_check_for_invalid_filename_terms_on_each_attachment": [
                                  "Succeeded"
                                ]
                              },
                              "expression": {
                                "equals": [
                                  "@variables('IsAnInvoice')",
                                  "@true"
                                ]
                              },
                              "metadata": {
                                "operationMetadataId": "361068a2-713e-4fe3-a69d-499a35a8e943"
                              },
                              "type": "If"
                            }
                          },
                          "runAfter": {
                            "Parse_JSON": [
                              "Succeeded"
                            ]
                          },
                          "metadata": {
                            "operationMetadataId": "0e070053-d287-4582-a9cf-5a6384ab3e63"
                          },
                          "type": "Foreach"
                        }
                      },
                      "runAfter": {
                        "Scope_-_Catch": [
                          "Failed",
                          "Skipped",
                          "TimedOut"
                        ]
                      },
                      "metadata": {
                        "operationMetadataId": "0e3ab972-a014-4784-ab17-a0aabe364c29"
                      },
                      "type": "Scope"
                    },
                    "Scope_-_Catch": {
                      "actions": {
                        "Run_a_Child_Flow_-_Log_an_Exception": {
                          "runAfter": {},
                          "metadata": {
                            "operationMetadataId": "ef71a2ba-caf3-42d2-93e0-26574d1e825c"
                          },
                          "type": "Workflow",
                          "inputs": {
                            "host": {
                              "workflowReferenceName": "44ff66c8-8800-ef11-a1fd-6045bd0855fb"
                            },
                            "body": {
                              "text": "@workflow()?['tags']?['flowDisplayName']",
                              "text_1": "@triggerBody()['text_1']",
                              "text_2": "@outputs('HTTP_ZIP_UNZIP')['statusCode']",
                              "text_3": "@outputs('HTTP_ZIP_UNZIP')['statusCode']",
                              "text_4": "@body('HTTP_ZIP_UNZIP')",
                              "text_6": "@variables('MailTxnID')",
                              "text_5": "@workflow()['Id']"
                            }
                          }
                        }
                      },
                      "runAfter": {
                        "Scope_-_Try": [
                          "Failed",
                          "Skipped",
                          "TimedOut"
                        ]
                      },
                      "metadata": {
                        "operationMetadataId": "c4be8702-1cea-44ac-bfd4-cc8f703b75b7"
                      },
                      "type": "Scope"
                    },
                    "Run_a_Child_Flow_-_Log_an_Event_5": {
                      "runAfter": {
                        "Scope_2": [
                          "Succeeded"
                        ]
                      },
                      "metadata": {
                        "operationMetadataId": "6ed23d47-12e6-4f17-afec-8ae93ceb1ee1"
                      },
                      "type": "Workflow",
                      "inputs": {
                        "host": {
                          "workflowReferenceName": "423112eb-8800-ef11-a1fd-6045bd0855fb"
                        },
                        "body": {
                          "text": "@workflow()?['tags']?['flowDisplayName']",
                          "text_1": "@triggerBody()['text_1']",
                          "text_2": "Zip Attachment Found ",
                          "text_3": "Zip file unzipped successfully",
                          "text_4": "@variables('MailTxnID')"
                        }
                      }
                    }
                  },
                  "runAfter": {
                    "Set_variable_3_-_IsAnInvoice": [
                      "Succeeded"
                    ]
                  },
                  "else": {
                    "actions": {
                      "Condition_5_-_if_Attachment_is_a_PDF": {
                        "actions": {
                          "Run_a_Child_Flow_-_Log_an_Event_7": {
                            "runAfter": {
                              "Condition_2_-_If_Attachment_is_an_Invoice": [
                                "Succeeded"
                              ]
                            },
                            "metadata": {
                              "operationMetadataId": "2aa9229b-453a-4507-b0b0-da61bf7c3d82"
                            },
                            "type": "Workflow",
                            "inputs": {
                              "host": {
                                "workflowReferenceName": "423112eb-8800-ef11-a1fd-6045bd0855fb"
                              },
                              "body": {
                                "text": "@workflow()?['tags']?['flowDisplayName']",
                                "text_1": "@triggerBody()['text_1']",
                                "text_2": "PDF Attachment Found",
                                "text_3": "@items('Apply_to_each_Attachment')",
                                "text_4": "@variables('MailTxnID')"
                              }
                            }
                          },
                          "Apply_to_each_-_check_if_Attachments_contains_any_Invalid_Filenames": {
                            "foreach": "@variables('InvalidFilenames')",
                            "actions": {
                              "Condition_-_if_filename_contains_terms,_do_not_consider_as_an_invoice": {
                                "actions": {
                                  "Set_variable_2_-_IsAnInvoice": {
                                    "runAfter": {},
                                    "metadata": {
                                      "operationMetadataId": "f3bd4090-2c59-4f3f-af13-d73697740391"
                                    },
                                    "type": "SetVariable",
                                    "inputs": {
                                      "name": "IsAnInvoice",
                                      "value": "@false"
                                    }
                                  }
                                },
                                "runAfter": {},
                                "expression": {
                                  "contains": [
                                    "@toLower(outputs('Get_Attachment_(V2)')?['body/name'])",
                                    "@toLower(items('Apply_to_each_-_check_if_Attachments_contains_any_Invalid_Filenames'))"
                                  ]
                                },
                                "metadata": {
                                  "operationMetadataId": "7c5c2edf-6237-4499-9c68-b91d9f5af26c"
                                },
                                "type": "If"
                              }
                            },
                            "runAfter": {},
                            "metadata": {
                              "operationMetadataId": "fed78118-af59-4213-9fdc-76db58fb9454"
                            },
                            "type": "Foreach"
                          },
                          "Condition_2_-_If_Attachment_is_an_Invoice": {
                            "actions": {
                              "Append_to_array_variable_2": {
                                "runAfter": {},
                                "metadata": {
                                  "operationMetadataId": "22b5bce4-613c-4064-b066-c1ea591d0213"
                                },
                                "type": "AppendToArrayVariable",
                                "inputs": {
                                  "name": "Attachments",
                                  "value": {
                                    "Filename": "@outputs('Get_Attachment_(V2)')?['body/name']",
                                    "ContentByte": "@outputs('Get_Attachment_(V2)')?['body/contentBytes']"
                                  }
                                }
                              }
                            },
                            "runAfter": {
                              "Apply_to_each_-_check_if_Attachments_contains_any_Invalid_Filenames": [
                                "Succeeded"
                              ]
                            },
                            "expression": {
                              "equals": [
                                "@variables('IsAnInvoice')",
                                "@true"
                              ]
                            },
                            "metadata": {
                              "operationMetadataId": "c1810051-69a9-46fe-b923-09d46ad1c6a8"
                            },
                            "type": "If"
                          }
                        },
                        "runAfter": {},
                        "expression": {
                          "and": [
                            {
                              "contains": [
                                "@toLower(outputs('Get_Attachment_(V2)')?['body/name'])",
                                ".pdf"
                              ]
                            }
                          ]
                        },
                        "metadata": {
                          "operationMetadataId": "26d08d35-f4ab-4bc6-b686-5d22669a3a05"
                        },
                        "type": "If"
                      }
                    }
                  },
                  "expression": {
                    "contains": [
                      "@toLower(outputs('Get_Attachment_(V2)')?['body/name'])",
                      ".zip"
                    ]
                  },
                  "metadata": {
                    "operationMetadataId": "2b677f0b-1420-4c29-bf1a-f281eb12ed92"
                  },
                  "type": "If"
                },
                "Set_variable_3_-_IsAnInvoice": {
                  "runAfter": {
                    "Parse_JSON_2": [
                      "Succeeded"
                    ]
                  },
                  "metadata": {
                    "operationMetadataId": "e47a6d1f-2d3b-413a-89d3-e7deec5c9466"
                  },
                  "type": "SetVariable",
                  "inputs": {
                    "name": "IsAnInvoice",
                    "value": "@true"
                  }
                }
              },
              "runAfter": {
                "Condition-_For_groupm.com": [
                  "Succeeded"
                ]
              },
              "metadata": {
                "operationMetadataId": "77a1dc2e-c97c-4b26-9cf5-0c2b8b963c7d"
              },
              "type": "Foreach"
            },
            "Compose": {
              "runAfter": {
                "Apply_to_each_Attachment": [
                  "Succeeded"
                ]
              },
              "metadata": {
                "operationMetadataId": "0a90220c-7e9b-44a6-b76c-f98a3ade34b7"
              },
              "type": "Compose",
              "inputs": "@string(variables('Attachments'))"
            },
            "Run_a_Child_Flow_-_Log_an_Event_6": {
              "runAfter": {
                "Compose": [
                  "Succeeded"
                ]
              },
              "metadata": {
                "operationMetadataId": "6a751374-5b23-4b04-8565-79367f95ff5e"
              },
              "type": "Workflow",
              "inputs": {
                "host": {
                  "workflowReferenceName": "423112eb-8800-ef11-a1fd-6045bd0855fb"
                },
                "body": {
                  "text": "@workflow()?['tags']?['flowDisplayName']",
                  "text_1": "@triggerBody()['text_1']",
                  "text_2": "Moving out from Get Attachment Details Flow",
                  "text_3": "Successfully Completed Get Attachment Details Flow",
                  "text_4": "@variables('MailTxnID')"
                }
              }
            },
            "Condition_NoAttachments": {
              "actions": {
                "Set_variable-_For_NoAttachments": {
                  "runAfter": {},
                  "metadata": {
                    "operationMetadataId": "4c43ff79-7817-4164-8b89-defaf2f34f61"
                  },
                  "type": "SetVariable",
                  "inputs": {
                    "name": "Move Email To Folder",
                    "value": "_NoAttachment"
                  }
                }
              },
              "runAfter": {
                "Run_a_Child_Flow_-_Log_an_Event_6": [
                  "Succeeded"
                ]
              },
              "expression": {
                "or": [
                  {
                    "equals": [
                      "@empty(outputs('Compose'))",
                      "@true"
                    ]
                  },
                  {
                    "lessOrEquals": [
                      "@length(variables('Attachments'))",
                      0
                    ]
                  }
                ]
              },
              "metadata": {
                "operationMetadataId": "99614763-701a-41e4-898a-0b6b926d1c9e"
              },
              "type": "If"
            },
            "Condition-_For_groupm.com": {
              "actions": {
                "Condition_3": {
                  "actions": {},
                  "runAfter": {},
                  "else": {
                    "actions": {
                      "Set_variable-_For_Non_FA_groupm.com_domain": {
                        "runAfter": {},
                        "metadata": {
                          "operationMetadataId": "38f22e15-4fd4-4335-a52d-4bc104b6da8e"
                        },
                        "type": "SetVariable",
                        "inputs": {
                          "name": "Move Email To Folder",
                          "value": "_Ignored"
                        }
                      },
                      "Run_a_Child_Flow_2": {
                        "runAfter": {
                          "Set_variable-_For_Non_FA_groupm.com_domain": [
                            "Succeeded"
                          ]
                        },
                        "metadata": {
                          "operationMetadataId": "6fc365f0-f1d8-4078-8a6a-655920a7218f"
                        },
                        "type": "Workflow",
                        "inputs": {
                          "host": {
                            "workflowReferenceName": "423112eb-8800-ef11-a1fd-6045bd0855fb"
                          },
                          "body": {
                            "text": "@workflow()?['tags']?['flowDisplayName']",
                            "text_1": "@triggerBody()['text_1']",
                            "text_2": "Mail from GroupM domain but Not Valid MailToFAI",
                            "text_3": "@concat(outputs('Get_email_(V2)')?['body/subject'], '-', outputs('Get_email_(V2)')?['body/from'], '-', variables('IsValidMailtoFAI'))",
                            "text_4": "@variables('MailTxnID')"
                          }
                        }
                      }
                    }
                  },
                  "expression": {
                    "or": [
                      {
                        "contains": [
                          "@toLower(variables('MailSenderEmailID'))",
                          "carmen.zuniga"
                        ]
                      },
                      {
                        "contains": [
                          "@toLower(variables('MailSenderEmailID'))",
                          "eric.mayo"
                        ]
                      },
                      {
                        "greater": [
                          "@length(outputs('Get_rows_(V2)_-_Lookup_FA_Email')?['body/value'])",
                          0
                        ]
                      }
                    ]
                  },
                  "metadata": {
                    "operationMetadataId": "d5018ff1-321d-4395-869e-033032888917"
                  },
                  "type": "If"
                }
              },
              "runAfter": {
                "Condition_6_-_If_Sender_is_a_FA": [
                  "Succeeded"
                ]
              },
              "expression": {
                "contains": [
                  "@toLower(variables('MailSenderEmailID'))",
                  "groupm.com"
                ]
              },
              "metadata": {
                "operationMetadataId": "1fb93ce9-d24c-4312-89d8-bf802bc34273"
              },
              "type": "If"
            }
          },
          "runAfter": {
            "Set_variable_-_Array_of_Filenames_for_Invalid_Invoice": [
              "Succeeded"
            ]
          },
          "metadata": {
            "operationMetadataId": "7187f075-3660-482f-80a6-99f825d2c6ff"
          },
          "type": "Scope"
        },
        "Initialize_variable_-_MailSubject": {
          "runAfter": {
            "Initialize_variable_-_Move_Email_To_Folder": [
              "Succeeded"
            ]
          },
          "metadata": {
            "operationMetadataId": "b5b96e6b-b112-4426-8e84-4d14170791ac"
          },
          "type": "InitializeVariable",
          "inputs": {
            "variables": [
              {
                "name": "MailSubject",
                "type": "string"
              }
            ]
          }
        },
        "Scope_Catch": {
          "actions": {
            "Run_a_Child_Flow-_Insert_Into_NoExtTxn_Table": {
              "runAfter": {
                "Run_a_Child_Flow-_Update_MailTxn_Table": [
                  "Succeeded"
                ]
              },
              "metadata": {
                "operationMetadataId": "7d7bd1e5-bf43-4a92-9b43-62eca2a3599e"
              },
              "type": "Workflow",
              "inputs": {
                "host": {
                  "workflowReferenceName": "f5815dbb-8800-ef11-a1fd-6045bd0855fb"
                },
                "body": {
                  "text_2": "Failed: @{workflow().tags.flowDisplayName} on @{utcNow()}",
                  "text_3": "@workflow().tags.flowDisplayName",
                  "text_8": "@variables('MailTxnID')",
                  "text_9": "@triggerBody()['text_1']",
                  "text_12": "@variables('Email Send Date Time')",
                  "text_13": "@variables('MailSenderEmailID')",
                  "text": "NA",
                  "text_1": "NA",
                  "text_4": "NA",
                  "text_5": "NA",
                  "text_6": "NA",
                  "text_7": "NA",
                  "text_10": "NA",
                  "text_11": "NA",
                  "text_14": "NA",
                  "text_15": "NA",
                  "text_16": "NA"
                }
              }
            },
            "Terminate": {
              "runAfter": {
                "Run_a_Child_Flow_-_Log_an_Exception_2": [
                  "Succeeded"
                ]
              },
              "metadata": {
                "operationMetadataId": "2777e57d-6367-4700-9222-ab8105297436"
              },
              "type": "Terminate",
              "inputs": {
                "runStatus": "Failed"
              }
            },
            "Run_a_Child_Flow_-_Log_an_Exception_2": {
              "runAfter": {
                "Run_a_Child_Flow-_Insert_Into_NoExtTxn_Table": [
                  "Succeeded"
                ]
              },
              "metadata": {
                "operationMetadataId": "ef71a2ba-caf3-42d2-93e0-26574d1e825c"
              },
              "type": "Workflow",
              "inputs": {
                "host": {
                  "workflowReferenceName": "44ff66c8-8800-ef11-a1fd-6045bd0855fb"
                },
                "body": {
                  "text": "@workflow()?['tags']?['flowDisplayName']",
                  "text_1": "@triggerBody()['text_1']",
                  "text_2": "NA",
                  "text_3": "NA",
                  "text_4": "NA",
                  "text_6": "@variables('MailTxnID')",
                  "text_5": "@workflow()['Id']"
                }
              }
            },
            "Filter_array": {
              "runAfter": {},
              "metadata": {
                "operationMetadataId": "34936917-69f6-44b8-94b0-78d744510c9e"
              },
              "type": "Query",
              "inputs": {
                "from": "@result('Scope_Try')",
                "where": "@or(equals(item()?['Status'], 'Failed'), equals(item()?['Status'], 'TimedOut'))"
              }
            },
            "Run_a_Child_Flow-_Update_MailTxn_Table": {
              "runAfter": {
                "Child_flow_-_Send_error_Email": [
                  "Succeeded",
                  "TimedOut",
                  "Skipped",
                  "Failed"
                ]
              },
              "metadata": {
                "operationMetadataId": "acce251b-754b-478a-b9d7-2651c4ad6beb"
              },
              "type": "Workflow",
              "inputs": {
                "host": {
                  "workflowReferenceName": "7a79d7db-8800-ef11-a1fd-6045bd0855fb"
                },
                "body": {
                  "text": "Error Failed : @{workflow().tags.flowDisplayName}",
                  "text_1": "@triggerBody()['text_1']",
                  "text_2": "@variables('MailTxnID')",
                  "boolean": false
                }
              }
            },
            "Child_flow_-_Send_error_Email": {
              "runAfter": {
                "Filter_array": [
                  "Succeeded"
                ]
              },
              "metadata": {
                "operationMetadataId": "214a3b36-e049-4d88-8d53-598e28fc85a9"
              },
              "type": "Workflow",
              "inputs": {
                "host": {
                  "workflowReferenceName": "46c1869c-8800-ef11-a1fd-000d3a5ce899"
                },
                "body": {
                  "text": "@string(body('Filter_array'))",
                  "text_1": "@variables('MailTxnID')",
                  "text_2": "@triggerBody()['text_1']",
                  "text_3": "@workflow()?['tags']?['flowDisplayName']",
                  "text_4": "@variables('ChildWorkflowURL')"
                }
              }
            }
          },
          "runAfter": {
            "Scope_Try": [
              "Failed",
              "TimedOut"
            ]
          },
          "metadata": {
            "operationMetadataId": "17a0cb5b-3d29-4f45-9df7-2e2ffeb695e5"
          },
          "type": "Scope"
        },
        "Respond_to_a_PowerApp_or_flow": {
          "runAfter": {
            "Scope_Catch": [
              "Skipped"
            ]
          },
          "metadata": {
            "operationMetadataId": "d021fe96-bbd7-4bfe-a49e-b000e7fcc4ee"
          },
          "type": "Response",
          "kind": "PowerApp",
          "inputs": {
            "statusCode": 200,
            "body": {
              "attachments": "@outputs('Compose')",
              "ismailtofai": "@variables('IsMailtoFAI')",
              "mailtxnid": "@variables('MailTxnID')",
              "sendername": "@variables('MailSenderName')",
              "senderemail": "@variables('MailSenderEmailID')",
              "pubcode": "@variables('PubCode')",
              "agencyemail": "@variables('AgencyEmail')",
              "move_email_to_folder": "@variables('Move Email To Folder')"
            },
            "schema": {
              "type": "object",
              "properties": {
                "attachments": {
                  "title": "Attachments",
                  "x-ms-dynamically-added": true,
                  "type": "string"
                },
                "ismailtofai": {
                  "title": "IsMailToFAI",
                  "x-ms-dynamically-added": true,
                  "type": "boolean"
                },
                "mailtxnid": {
                  "title": "MailTxnID",
                  "x-ms-dynamically-added": true,
                  "type": "string"
                },
                "sendername": {
                  "title": "SenderName",
                  "x-ms-dynamically-added": true,
                  "type": "string"
                },
                "senderemail": {
                  "title": "SenderEmail",
                  "x-ms-dynamically-added": true,
                  "type": "string"
                },
                "pubcode": {
                  "title": "PubCode",
                  "x-ms-dynamically-added": true,
                  "type": "string"
                },
                "agencyemail": {
                  "title": "AgencyEmail",
                  "x-ms-dynamically-added": true,
                  "type": "string"
                },
                "move_email_to_folder": {
                  "title": "Move Email To Folder",
                  "x-ms-dynamically-added": true,
                  "type": "string"
                }
              }
            }
          }
        },
        "Initialize_variable-ErrorAction": {
          "runAfter": {
            "Initialize_variable_-_MailSubject": [
              "Succeeded"
            ]
          },
          "metadata": {
            "operationMetadataId": "1ae91298-74ec-4339-be1a-e54240f6724f"
          },
          "type": "InitializeVariable",
          "inputs": {
            "variables": [
              {
                "name": "ErrorAction",
                "type": "string"
              }
            ]
          }
        },
        "Initialize_variable_-ErrorMessage": {
          "runAfter": {
            "Initialize_variable-ErrorAction": [
              "Succeeded"
            ]
          },
          "metadata": {
            "operationMetadataId": "171549ae-e0d3-4313-9e00-1752b3ce52e7"
          },
          "type": "InitializeVariable",
          "inputs": {
            "variables": [
              {
                "name": "ErrorMessage",
                "type": "string"
              }
            ]
          }
        },
        "Initialize_variable_-_Invalid_Filenames_for_an_Invoice": {
          "runAfter": {
            "Initialize_variable_-ErrorMessage": [
              "Succeeded"
            ]
          },
          "metadata": {
            "operationMetadataId": "285055f2-610f-4c2b-a14a-e2ce685d1640"
          },
          "type": "InitializeVariable",
          "inputs": {
            "variables": [
              {
                "name": "InvalidFilenames",
                "type": "array"
              }
            ]
          }
        },
        "Set_variable_-_Array_of_Filenames_for_Invalid_Invoice": {
          "runAfter": {
            "Initialize_variable": [
              "Succeeded"
            ]
          },
          "metadata": {
            "operationMetadataId": "e403224f-ad20-444d-b52d-37199d74080e"
          },
          "type": "SetVariable",
          "inputs": {
            "name": "InvalidFilenames",
            "value": "@split(parameters('[USA-AP-OOH]InvalidInvoiceFileName (apdig_USAAPOOHInvoiceFileName)'),',')"
          }
        },
        "Initialize_variable": {
          "runAfter": {
            "Initialize_variable_-_Invalid_Filenames_for_an_Invoice": [
              "Succeeded"
            ]
          },
          "metadata": {
            "operationMetadataId": "c23103b7-69f6-47c0-955c-c81f9ae805f5"
          },
          "type": "InitializeVariable",
          "inputs": {
            "variables": [
              {
                "name": "IsAnInvoice",
                "type": "boolean",
                "value": "@true"
              }
            ]
          }
        },
        "Initialize_variable_-_ChildWorkflowURL": {
          "runAfter": {},
          "metadata": {
            "operationMetadataId": "c0ad8c24-9b7e-439c-921d-59a5d25b2cd9"
          },
          "type": "InitializeVariable",
          "inputs": {
            "variables": [
              {
                "name": "ChildWorkflowURL",
                "type": "string",
                "value": "@{concat('https://make.powerautomate.com/environments/', workflow()?['tags']['environmentName'], '/flows/', workflow()?['name'], '/runs/', workflow()?['run']['name'])}"
              }
            ]
          }
        }
      }
    },
    "templateName": ""
  },
  "schemaVersion": "1.0.0.0"
}