{
  "properties": {
    "connectionReferences": {},
    "definition": {
      "$schema": "https://schema.management.azure.com/providers/Microsoft.Logic/schemas/2016-06-01/workflowdefinition.json#",
      "contentVersion": "1.0.0.0",
      "parameters": {
        "$authentication": {
          "defaultValue": {},
          "type": "SecureObject"
        },
        "[USA-AP-OOH]FunctionAppExceptionLogURI (apooh_USAAPOOHFunctionAppExceptionLogURI)": {
          "defaultValue": "https://eusfuncappgmnaaperrordev01.azurewebsites.net/api/Log_Information?code=jKmHSA5siQ2Ws3FaBHnLbOUvT_TFFKQ8TPCf29ujsuF5AzFuJCHU2g==",
          "type": "String",
          "metadata": {
            "schemaName": "apooh_USAAPOOHFunctionAppExceptionLogURI",
            "description": "Function App URI for Exception Logging"
          }
        }
      },
      "triggers": {
        "manual": {
          "metadata": {
            "operationMetadataId": "1720fe02-805c-4741-a5d2-133550fcade0"
          },
          "type": "Request",
          "kind": "Button",
          "inputs": {
            "schema": {
              "type": "object",
              "properties": {
                "text": {
                  "description": "Please enter your input",
                  "title": "FlowName",
                  "type": "string",
                  "x-ms-content-hint": "TEXT",
                  "x-ms-dynamically-added": true
                },
                "text_1": {
                  "description": "Please enter your input",
                  "title": "FlowURL",
                  "type": "string",
                  "x-ms-content-hint": "TEXT",
                  "x-ms-dynamically-added": true
                },
                "text_2": {
                  "description": "Please enter your input",
                  "title": "ErrorStatus",
                  "type": "string",
                  "x-ms-content-hint": "TEXT",
                  "x-ms-dynamically-added": true
                },
                "text_3": {
                  "description": "Please enter your input",
                  "title": "ErrorCode",
                  "type": "string",
                  "x-ms-content-hint": "TEXT",
                  "x-ms-dynamically-added": true
                },
                "text_4": {
                  "description": "Please enter your input",
                  "title": "ErrorDescription",
                  "type": "string",
                  "x-ms-content-hint": "TEXT",
                  "x-ms-dynamically-added": true
                },
                "text_6": {
                  "title": "MailTxnID",
                  "type": "string",
                  "x-ms-dynamically-added": true,
                  "description": "Please enter your input",
                  "x-ms-content-hint": "TEXT"
                },
                "text_5": {
                  "title": "TrackingID",
                  "type": "string",
                  "x-ms-dynamically-added": true,
                  "description": "Please enter your input",
                  "x-ms-content-hint": "TEXT"
                }
              },
              "required": [
                "text",
                "text_1",
                "text_2",
                "text_3",
                "text_4",
                "text_6",
                "text_5"
              ]
            }
          }
        }
      },
      "actions": {
        "HTTP": {
          "runAfter": {},
          "metadata": {
            "operationMetadataId": "d5944440-f41f-487c-aad8-7289ac198ec0"
          },
          "type": "Http",
          "inputs": {
            "method": "POST",
            "uri": "@parameters('[USA-AP-OOH]FunctionAppExceptionLogURI (apooh_USAAPOOHFunctionAppExceptionLogURI)')",
            "headers": {
              "Content-Type": "application/json"
            },
            "body": {
              "CorrelationId": "@guid()",
              "EnvironmentId": "@workflow()?['tags']?['environmentName']",
              "FlowName": "@triggerBody()?['text']",
              "FlowUrl": "@triggerBody()?['text_1']",
              "ErrorStatus": "@triggerBody()?['text_2']",
              "ErrorCode": "@triggerBody()?['text_3']",
              "ErrorDescription": "@concat(triggerBody()['text_6'],' : ',triggerBody()['text_4'])",
              "TrackingId": "@triggerBody()['text_5']"
            },
            "retryPolicy": {
              "type": "fixed",
              "count": 3,
              "interval": "PT30S"
            }
          },
          "description": "The retry interval is set to 3"
        },
        "Respond_to_a_PowerApp_or_flow": {
          "runAfter": {
            "HTTP": [
              "Succeeded"
            ]
          },
          "metadata": {
            "operationMetadataId": "7f732a4a-2150-4c91-b71d-4471964506d9"
          },
          "type": "Response",
          "kind": "PowerApp",
          "inputs": {
            "statusCode": 200,
            "body": {},
            "schema": {
              "type": "object",
              "properties": {}
            }
          }
        }
      }
    },
    "templateName": ""
  },
  "schemaVersion": "1.0.0.0"
}