{
  "properties": {
    "connectionReferences": {},
    "definition": {
      "$schema": "https://schema.management.azure.com/providers/Microsoft.Logic/schemas/2016-06-01/workflowdefinition.json#",
      "contentVersion": "1.0.0.0",
      "parameters": {
        "$authentication": {
          "defaultValue": {},
          "type": "SecureObject"
        },
        "[USA-AP-OOH]FunctionAppEventLogURI (apooh_USAAPOOHFunctionAppEventLogURI)": {
          "defaultValue": "https://eusfuncappgmnaapinfodev01.azurewebsites.net/api/Log_Success_Information?code=rGB__WGc7Mz7P8mnc4Sq7mQNmha0j1duSdIKbvDNj-9rAzFu3o1_wQ==",
          "type": "String",
          "metadata": {
            "schemaName": "apooh_USAAPOOHFunctionAppEventLogURI",
            "description": "URI parameter for Event logging Function App"
          }
        }
      },
      "triggers": {
        "manual": {
          "metadata": {
            "operationMetadataId": "40fa8612-15c8-4e60-bb83-0ef9ed1ecf70"
          },
          "type": "Request",
          "kind": "Button",
          "inputs": {
            "schema": {
              "type": "object",
              "properties": {
                "text": {
                  "description": "Flow Name which is calling this Child Flow",
                  "title": "FlowName",
                  "type": "string",
                  "x-ms-content-hint": "TEXT",
                  "x-ms-dynamically-added": true
                },
                "text_1": {
                  "description": "Flow URL which is calling this Child Flow",
                  "title": "FlowURL",
                  "type": "string",
                  "x-ms-content-hint": "TEXT",
                  "x-ms-dynamically-added": true
                },
                "text_2": {
                  "title": "EventName",
                  "type": "string",
                  "x-ms-dynamically-added": true,
                  "description": "Name of the event",
                  "x-ms-content-hint": "TEXT"
                },
                "text_3": {
                  "title": "EventDescription",
                  "type": "string",
                  "x-ms-dynamically-added": true,
                  "description": "Details of the Event",
                  "x-ms-content-hint": "TEXT"
                },
                "text_4": {
                  "title": "MailTxnID",
                  "type": "string",
                  "x-ms-dynamically-added": true,
                  "description": "Mail Txn ID as number",
                  "x-ms-content-hint": "TEXT"
                }
              },
              "required": [
                "text",
                "text_1",
                "text_2",
                "text_3",
                "text_4"
              ]
            },
            "headersSchema": {
              "x-ms-user-name-encoded": {
                "title": "User name",
                "type": "string",
                "format": "byte",
                "x-ms-dynamically-added": false
              },
              "x-ms-user-email-encoded": {
                "title": "User email",
                "type": "string",
                "format": "byte",
                "x-ms-dynamically-added": false
              },
              "x-ms-user-timestamp": {
                "title": "Timestamp",
                "type": "string",
                "x-ms-dynamically-added": false
              }
            }
          }
        }
      },
      "actions": {
        "HTTP": {
          "runAfter": {},
          "metadata": {
            "operationMetadataId": "4433fc11-ca6f-49cd-b524-062b9d24d2e0"
          },
          "type": "Http",
          "inputs": {
            "method": "POST",
            "uri": "@parameters('[USA-AP-OOH]FunctionAppEventLogURI (apooh_USAAPOOHFunctionAppEventLogURI)')",
            "headers": {
              "Content-Type": "application/json"
            },
            "body": {
              "CorrelationId": "@guid()",
              "EnvironmentId": "@workflow()?['tags']?['environmentName']",
              "FlowName": "@concat(triggerBody()['text'],' : ',triggerBody()['text_3'])",
              "FlowUrl": "@triggerBody()['text_1']",
              "ErrorStatus": "@triggerBody()['text_2']",
              "ErrorCode": "200",
              "ErrorDescription": "@concat(triggerBody()['text_4'],' : ',triggerBody()['text'])",
              "TrackingId": "@workflow()?['Id']"
            },
            "retryPolicy": {
              "type": "fixed",
              "count": 3,
              "interval": "PT30S"
            }
          },
          "description": "The retry interval is set to 3"
        },
        "Respond_to_a_PowerApp_or_flow": {
          "runAfter": {
            "HTTP": [
              "Succeeded"
            ]
          },
          "metadata": {
            "operationMetadataId": "e1bdbd25-f885-4141-b2a0-92c311213282"
          },
          "type": "Response",
          "kind": "PowerApp",
          "inputs": {
            "statusCode": 200,
            "body": {},
            "schema": {
              "type": "object",
              "properties": {}
            }
          }
        }
      }
    },
    "templateName": ""
  },
  "schemaVersion": "1.0.0.0"
}