{
  "properties": {
    "connectionReferences": {},
    "definition": {
      "$schema": "https://schema.management.azure.com/providers/Microsoft.Logic/schemas/2016-06-01/workflowdefinition.json#",
      "contentVersion": "1.0.0.0",
      "parameters": {
        "$authentication": {
          "defaultValue": {},
          "type": "SecureObject"
        },
        "[USA-AP-OOH]FunctionAppDataSanitizationURI (apooh_USAAPOOHFunctionAppDataSanitizationURI)": {
          "defaultValue": "https://eufuncappgmnaapinvprocdev02.azurewebsites.net/api/DataSanitization?code=2briP-B1G4s5wMYE57lBa8HRGDPJeHYTE3dtCucSuP1vAzFu3YYFIQ==",
          "type": "String",
          "metadata": {
            "schemaName": "apooh_USAAPOOHFunctionAppDataSanitizationURI"
          }
        }
      },
      "triggers": {
        "manual": {
          "metadata": {
            "operationMetadataId": "32a2e792-494a-4304-95fc-115aa6479cc9"
          },
          "type": "Request",
          "kind": "Button",
          "inputs": {
            "schema": {
              "type": "object",
              "properties": {
                "text": {
                  "title": "Invoice Amount",
                  "type": "string",
                  "x-ms-dynamically-added": true,
                  "description": "Please enter your input",
                  "x-ms-content-hint": "TEXT"
                },
                "text_1": {
                  "title": "Tax Amount",
                  "type": "string",
                  "x-ms-dynamically-added": true,
                  "description": "Please enter your input",
                  "x-ms-content-hint": "TEXT"
                },
                "text_2": {
                  "title": "Invoice Number",
                  "type": "string",
                  "x-ms-dynamically-added": true,
                  "description": "Please enter your input",
                  "x-ms-content-hint": "TEXT"
                },
                "text_3": {
                  "title": "File Name",
                  "type": "string",
                  "x-ms-dynamically-added": true,
                  "description": "Please enter your input",
                  "x-ms-content-hint": "TEXT"
                },
                "text_4": {
                  "title": "Campaign ID",
                  "type": "string",
                  "x-ms-dynamically-added": true,
                  "description": "Please enter your input",
                  "x-ms-content-hint": "TEXT"
                },
                "text_5": {
                  "title": "Insertion Order",
                  "type": "string",
                  "x-ms-dynamically-added": true,
                  "description": "Please enter your input",
                  "x-ms-content-hint": "TEXT"
                },
                "text_6": {
                  "title": "CPE String",
                  "type": "string",
                  "x-ms-dynamically-added": true,
                  "description": "Please enter your input",
                  "x-ms-content-hint": "TEXT"
                },
                "text_7": {
                  "title": "Invoice Date",
                  "type": "string",
                  "x-ms-dynamically-added": true,
                  "description": "Please enter your input",
                  "x-ms-content-hint": "TEXT"
                },
                "text_8": {
                  "title": "MOS",
                  "type": "string",
                  "x-ms-dynamically-added": true,
                  "description": "Please enter your input",
                  "x-ms-content-hint": "TEXT"
                },
                "text_9": {
                  "description": "Please enter your input",
                  "title": "MailTxnID",
                  "type": "string",
                  "x-ms-content-hint": "TEXT",
                  "x-ms-dynamically-added": true
                },
                "text_10": {
                  "description": "Please enter your input",
                  "title": "Flow URL",
                  "type": "string",
                  "x-ms-content-hint": "TEXT",
                  "x-ms-dynamically-added": true
                },
                "text_11": {
                  "description": "Please enter your input",
                  "title": "Contract Number",
                  "type": "string",
                  "x-ms-content-hint": "TEXT",
                  "x-ms-dynamically-added": true
                }
              },
              "required": [
                "text",
                "text_1",
                "text_2",
                "text_3",
                "text_4",
                "text_5",
                "text_6",
                "text_7",
                "text_8",
                "text_9",
                "text_10",
                "text_11"
              ]
            }
          }
        }
      },
      "actions": {
        "Respond_to_a_PowerApp_or_flow": {
          "runAfter": {
            "Run_a_Child_Flow_-_Log_an_Event_2": [
              "Succeeded"
            ]
          },
          "metadata": {
            "operationMetadataId": "64ca8ba6-285b-4466-b897-739bc949c52e"
          },
          "type": "Response",
          "kind": "PowerApp",
          "inputs": {
            "statusCode": 200,
            "body": {
              "sanitized_invoice_number": "@if(empty(body('Parse_JSON')?['Sanitized_Invoice_Number']),'NOT FOUND',body('Parse_JSON')?['Sanitized_Invoice_Number'])",
              "sanitized_invoice_amount": "@if(empty(body('Parse_JSON')?['Sanitized_Amount']),'0.00',body('Parse_JSON')?['Sanitized_Amount'])",
              "sanitized_invoice_date": "@if(empty(body('Parse_JSON')?['output_InvoiceDate']),'1900-01-01',body('Parse_JSON')?['output_InvoiceDate'])",
              "sanitized_invoice_mos": "@if(empty(body('Parse_JSON')?['output_MOS']),'1900-01',body('Parse_JSON')?['output_MOS'])",
              "sanitized_campaignid": "@if(empty(body('Parse_JSON')?['Sanitized_CampaignID']),null,body('Parse_JSON')?['Sanitized_CampaignID'])",
              "sanitized_insertion_order": "@if(empty(body('Parse_JSON')?['Sanitized_InsertionOrder']),null,body('Parse_JSON')?['Sanitized_InsertionOrder'])",
              "sanitized_c_code": "@if(empty(body('Parse_JSON')?['C_Code']),null,body('Parse_JSON')?['C_Code'])",
              "sanitized_p_code": "@if(empty(body('Parse_JSON')?['P_Code']),null,body('Parse_JSON')?['P_Code'])",
              "sanitized_e_code": "@if(empty(body('Parse_JSON')?['E_Code']),null,body('Parse_JSON')?['E_Code'])",
              "sanitized_file_name": "@if(empty(body('Parse_JSON')?['Sanitized_Invoice_Filename']),'NONE',body('Parse_JSON')?['Sanitized_Invoice_Filename'])",
              "sanitized_tax_amount": "0.00",
              "sanitized_contract_number": "@{if(empty(body('Parse_JSON')?['Sanitized_ContractNumber']),'',body('Parse_JSON')?['Sanitized_ContractNumber'])}"
            },
            "schema": {
              "type": "object",
              "properties": {
                "sanitized_invoice_number": {
                  "title": "Sanitized Invoice Number",
                  "x-ms-dynamically-added": true,
                  "type": "string"
                },
                "sanitized_invoice_amount": {
                  "title": "Sanitized Invoice Amount",
                  "x-ms-dynamically-added": true,
                  "type": "string"
                },
                "sanitized_invoice_date": {
                  "title": "Sanitized Invoice Date",
                  "x-ms-dynamically-added": true,
                  "type": "string"
                },
                "sanitized_invoice_mos": {
                  "title": "Sanitized Invoice MOS",
                  "x-ms-dynamically-added": true,
                  "type": "string"
                },
                "sanitized_campaignid": {
                  "title": "Sanitized CampaignID",
                  "x-ms-dynamically-added": true,
                  "type": "string"
                },
                "sanitized_insertion_order": {
                  "title": "Sanitized Insertion Order",
                  "x-ms-dynamically-added": true,
                  "type": "string"
                },
                "sanitized_c_code": {
                  "title": "Sanitized C Code",
                  "x-ms-dynamically-added": true,
                  "type": "string"
                },
                "sanitized_p_code": {
                  "title": "Sanitized P Code",
                  "x-ms-dynamically-added": true,
                  "type": "string"
                },
                "sanitized_e_code": {
                  "title": "Sanitized E Code",
                  "x-ms-dynamically-added": true,
                  "type": "string"
                },
                "sanitized_file_name": {
                  "title": "Sanitized File Name",
                  "x-ms-dynamically-added": true,
                  "type": "string"
                },
                "sanitized_tax_amount": {
                  "title": "Sanitized Tax Amount",
                  "x-ms-dynamically-added": true,
                  "type": "string"
                },
                "sanitized_contract_number": {
                  "title": "Sanitized Contract Number",
                  "x-ms-dynamically-added": true,
                  "type": "string"
                }
              }
            }
          }
        },
        "HTTP": {
          "runAfter": {
            "Run_a_Child_Flow_-_Log_an_Event": [
              "Succeeded"
            ]
          },
          "metadata": {
            "operationMetadataId": "ee408a79-10c6-4578-a4c6-751b2c3b12ee"
          },
          "type": "Http",
          "inputs": {
            "method": "POST",
            "uri": "@parameters('[USA-AP-OOH]FunctionAppDataSanitizationURI (apooh_USAAPOOHFunctionAppDataSanitizationURI)')",
            "body": {
              "type": "2",
              "inputInvoiceNumberString": "@triggerBody()['text_2']",
              "inputInvoiceFilenameString": "@triggerBody()['text_3']",
              "inputDate": "@triggerBody()['text_7']",
              "inputMOS": "@triggerBody()['text_8']",
              "inputCPE": "@triggerBody()['text_6']",
              "inputAmountString": "@triggerBody()['text']",
              "inputCampaignID": "@triggerBody()['text_4']",
              "inputContractNumber": "@triggerBody()?['text_11']",
              "inputInsertionOrder": "@triggerBody()['text_5']"
            },
            "retryPolicy": {
              "type": "fixed",
              "count": 3,
              "interval": "PT30S"
            }
          },
          "description": "The retry interval is set to 3"
        },
        "Parse_JSON": {
          "runAfter": {
            "HTTP": [
              "Succeeded"
            ]
          },
          "metadata": {
            "operationMetadataId": "e46b8134-8169-4b72-bd4e-7bdf47403623"
          },
          "type": "ParseJson",
          "inputs": {
            "content": "@body('HTTP')",
            "schema": {
              "type": "object",
              "properties": {
                "Sanitized_Invoice_Number": {
                  "type": "string"
                },
                "Sanitized_Invoice_Filename": {
                  "type": "string"
                },
                "output_MOS": {
                  "type": "string"
                },
                "output_InvoiceDate": {
                  "type": "string"
                },
                "C_Code": {
                  "type": [
                    "string",
                    "null"
                  ]
                },
                "P_Code": {
                  "type": [
                    "string",
                    "null"
                  ]
                },
                "E_Code": {
                  "type": [
                    "string",
                    "null"
                  ]
                },
                "Sanitized_Amount": {
                  "type": "string"
                },
                "Sanitized_CampaignID": {
                  "type": [
                    "string",
                    "null"
                  ]
                },
                "Sanitized_ContractNumber": {
                  "type": [
                    "string",
                    "null"
                  ]
                },
                "Sanitized_InsertionOrder": {
                  "type": [
                    "string",
                    "null"
                  ]
                }
              }
            }
          }
        },
        "Run_a_Child_Flow_-_Log_an_Event": {
          "runAfter": {},
          "metadata": {
            "operationMetadataId": "ca7eb28c-f9b5-48d6-8031-cdc7fec49e7a"
          },
          "type": "Workflow",
          "inputs": {
            "host": {
              "workflowReferenceName": "423112eb-8800-ef11-a1fd-6045bd0855fb"
            },
            "body": {
              "text": "@workflow()?['tags']?['flowDisplayName']",
              "text_1": "@triggerBody()['text_10']",
              "text_2": "Data Sanitization ",
              "text_3": "Data Sanitization  Started",
              "text_4": "@triggerBody()['text_9']"
            }
          }
        },
        "Run_a_Child_Flow_-_Log_an_Event_2": {
          "runAfter": {
            "Parse_JSON": [
              "Succeeded"
            ]
          },
          "metadata": {
            "operationMetadataId": "57fcc61c-c106-4c06-a25d-20aa83149215"
          },
          "type": "Workflow",
          "inputs": {
            "host": {
              "workflowReferenceName": "423112eb-8800-ef11-a1fd-6045bd0855fb"
            },
            "body": {
              "text": "@workflow()?['tags']?['flowDisplayName']",
              "text_1": "@triggerBody()['text_10']",
              "text_2": "Data Sanitization ",
              "text_3": "Data Sanitization Completed InvoiceNumber:@{if(empty(body('Parse_JSON')?['Sanitized_Invoice_Number']),'NOT FOUND',body('Parse_JSON')?['Sanitized_Invoice_Number'])}  InvoiceAmount:@{if(empty(body('Parse_JSON')?['Sanitized_Amount']),'0.00',body('Parse_JSON')?['Sanitized_Amount'])}",
              "text_4": "@triggerBody()['text_9']"
            }
          }
        }
      }
    },
    "templateName": ""
  },
  "schemaVersion": "1.0.0.0"
}