{
  "properties": {
    "connectionReferences": {
      "shared_office365_1": {
        "runtimeSource": "embedded",
        "connection": {
          "connectionReferenceLogicalName": "apdig_sharedoffice365_c2e78"
        },
        "api": {
          "name": "shared_office365"
        }
      }
    },
    "definition": {
      "$schema": "https://schema.management.azure.com/providers/Microsoft.Logic/schemas/2016-06-01/workflowdefinition.json#",
      "contentVersion": "1.0.0.0",
      "parameters": {
        "$connections": {
          "defaultValue": {},
          "type": "Object"
        },
        "$authentication": {
          "defaultValue": {},
          "type": "SecureObject"
        },
        "[USA-AP-OOH]SharedMailBoxName (apooh_USAAPOOHSharedMailBoxNam)": {
          "defaultValue": "aoc.ap.ooh.dev@groupm.com",
          "type": "String",
          "metadata": {
            "schemaName": "apooh_USAAPOOHSharedMailBoxNam",
            "description": "email address of the shared mailbox"
          }
        }
      },
      "triggers": {
        "manual": {
          "metadata": {
            "operationMetadataId": "bc304ecf-93e3-435f-abea-fea4c5a3b79b"
          },
          "type": "Request",
          "kind": "Button",
          "inputs": {
            "schema": {
              "type": "object",
              "properties": {
                "text": {
                  "title": "MessageID",
                  "type": "string",
                  "x-ms-dynamically-added": true,
                  "description": "Please enter your input",
                  "x-ms-content-hint": "TEXT"
                },
                "text_1": {
                  "title": "FolderName",
                  "type": "string",
                  "x-ms-dynamically-added": true,
                  "description": "Please enter your input",
                  "x-ms-content-hint": "TEXT"
                }
              },
              "required": [
                "text",
                "text_1"
              ]
            }
          }
        }
      },
      "actions": {
        "Move_email_(V2)": {
          "runAfter": {},
          "metadata": {
            "operationMetadataId": "d9c0f0e0-52a6-4bd6-b967-3e01204f25de"
          },
          "type": "OpenApiConnection",
          "inputs": {
            "host": {
              "connectionName": "shared_office365_1",
              "operationId": "MoveV2",
              "apiId": "/providers/Microsoft.PowerApps/apis/shared_office365"
            },
            "parameters": {
              "messageId": "@triggerBody()['text']",
              "folderPath": "@triggerBody()['text_1']",
              "mailboxAddress": "@{parameters('[USA-AP-OOH]SharedMailBoxName (apooh_USAAPOOHSharedMailBoxNam)')};"
            },
            "authentication": {
              "type": "Raw",
              "value": "@json(decodeBase64(triggerOutputs().headers['X-MS-APIM-Tokens']))['$ConnectionKey']"
            },
            "retryPolicy": {
              "type": "fixed",
              "count": 3,
              "interval": "PT30S"
            }
          },
          "description": "The retry interval is set to 3"
        },
        "Respond_to_a_PowerApp_or_flow": {
          "runAfter": {
            "Move_email_(V2)": [
              "Succeeded"
            ]
          },
          "metadata": {
            "operationMetadataId": "6b1a9259-e2b8-497e-8a73-070103005d4b"
          },
          "type": "Response",
          "kind": "PowerApp",
          "inputs": {
            "statusCode": 200,
            "body": {},
            "schema": {
              "type": "object",
              "properties": {}
            }
          }
        }
      }
    },
    "templateName": ""
  },
  "schemaVersion": "1.0.0.0"
}