{
  "properties": {
    "connectionReferences": {
      "shared_sql_1": {
        "runtimeSource": "embedded",
        "connection": {
          "connectionReferenceLogicalName": "apdig_sharedsql_711e5"
        },
        "api": {
          "name": "shared_sql"
        }
      },
      "shared_office365_1": {
        "runtimeSource": "embedded",
        "connection": {
          "connectionReferenceLogicalName": "apdig_sharedoffice365_c2e78"
        },
        "api": {
          "name": "shared_office365"
        }
      }
    },
    "definition": {
      "$schema": "https://schema.management.azure.com/providers/Microsoft.Logic/schemas/2016-06-01/workflowdefinition.json#",
      "contentVersion": "1.0.0.0",
      "parameters": {
        "$connections": {
          "defaultValue": {},
          "type": "Object"
        },
        "$authentication": {
          "defaultValue": {},
          "type": "SecureObject"
        },
        "[USA-AP-OOH]ErrorMailToEmails (apdig_USAAPOOHErrorMailToEmails)": {
          "defaultValue": "vishaljagta@cybage.com;rohitpaw@cybage.com;souravra@cybage.com;nikhilkumars@cybage.com;apurvakun@cybage.com",
          "type": "String",
          "metadata": {
            "schemaName": "apdig_USAAPOOHErrorMailToEmails"
          }
        },
        "[USA-AP-OOH]SQLServerName (apdig_USAAPOOHSQLServerName)": {
          "defaultValue": "eussqsvgrmusafinance01.database.windows.net",
          "type": "String",
          "metadata": {
            "schemaName": "apdig_USAAPOOHSQLServerName",
            "description": "OOH DB Server Name"
          }
        },
        "[USA-AP-OOH]SQLDatabaseName (apdig_USAAPOOHSQLDatabaseName)": {
          "defaultValue": "eussqdbgrmusaapoohdev01",
          "type": "String",
          "metadata": {
            "schemaName": "apdig_USAAPOOHSQLDatabaseName",
            "description": "SQL DB Name for OOH"
          }
        }
      },
      "triggers": {
        "manual": {
          "metadata": {
            "operationMetadataId": "73ba5989-1518-4489-90e3-15a32311ec62"
          },
          "type": "Request",
          "kind": "Button",
          "inputs": {
            "schema": {
              "type": "object",
              "properties": {
                "text": {
                  "title": "ErrorDetails",
                  "type": "string",
                  "x-ms-dynamically-added": true,
                  "description": "Please enter your input",
                  "x-ms-content-hint": "TEXT"
                },
                "text_1": {
                  "title": "POA_Flow_URI",
                  "type": "string",
                  "x-ms-dynamically-added": true,
                  "description": "Please enter your input",
                  "x-ms-content-hint": "TEXT"
                },
                "text_2": {
                  "title": "MailTxnID",
                  "type": "string",
                  "x-ms-dynamically-added": true,
                  "description": "Please enter your input",
                  "x-ms-content-hint": "TEXT"
                },
                "boolean": {
                  "title": "Is_Flow_Successful",
                  "type": "boolean",
                  "x-ms-dynamically-added": true,
                  "description": "Please select yes or no",
                  "x-ms-content-hint": "BOOLEAN"
                }
              },
              "required": [
                "text",
                "text_1",
                "text_2",
                "boolean"
              ]
            }
          }
        }
      },
      "actions": {
        "Execute_a_SQL_query_(V2)_-_Update_Mail_Txn_Table": {
          "runAfter": {
            "Initialize_variable-_IsFlowSuccess": [
              "Succeeded"
            ]
          },
          "metadata": {
            "operationMetadataId": "dbc9b910-f6e4-4de6-80cb-d7cd12058185"
          },
          "type": "OpenApiConnection",
          "inputs": {
            "host": {
              "connectionName": "shared_sql_1",
              "operationId": "ExecutePassThroughNativeQuery_V2",
              "apiId": "/providers/Microsoft.PowerApps/apis/shared_sql"
            },
            "parameters": {
              "server": "@parameters('[USA-AP-OOH]SQLServerName (apdig_USAAPOOHSQLServerName)')",
              "database": "@parameters('[USA-AP-OOH]SQLDatabaseName (apdig_USAAPOOHSQLDatabaseName)')",
              "query/query": "UPDATE OOH_Mail_Txn SET Mail_IsPAO_Successful= '@{if(equals(variables('isFlowSuccess'),false),0,1)}', Mail_ErrorDetails= '@{variables('ErrorDetails')}', Mail_Workflow_ID= '@{variables('Flow URI')}' where Mail_ID=@{variables('MailTXnID')} "
            },
            "authentication": {
              "type": "Raw",
              "value": "@json(decodeBase64(triggerOutputs().headers['X-MS-APIM-Tokens']))['$ConnectionKey']"
            },
            "retryPolicy": {
              "type": "fixed",
              "count": 3,
              "interval": "PT30S"
            }
          },
          "description": "The retry interval is set to 3"
        },
        "Initialize_variable-_Error_Details": {
          "runAfter": {},
          "metadata": {
            "operationMetadataId": "8d68b307-d82b-4ddd-aac8-7d06a1d5c3c9"
          },
          "type": "InitializeVariable",
          "inputs": {
            "variables": [
              {
                "name": "ErrorDetails",
                "type": "string",
                "value": "@triggerBody()['text']"
              }
            ]
          }
        },
        "Initialize_variable-_POA_Flow_URI": {
          "runAfter": {
            "Initialize_variable-_Error_Details": [
              "Succeeded"
            ]
          },
          "metadata": {
            "operationMetadataId": "23520153-286e-437c-bedb-5b6326b9e3f5"
          },
          "type": "InitializeVariable",
          "inputs": {
            "variables": [
              {
                "name": "Flow URI",
                "type": "string",
                "value": "@triggerBody()['text_1']"
              }
            ]
          }
        },
        "Initialize_variable-_MailTxnID": {
          "runAfter": {
            "Initialize_variable-_POA_Flow_URI": [
              "Succeeded"
            ]
          },
          "metadata": {
            "operationMetadataId": "844764a7-6f30-4203-95a2-438a1c82a9ac"
          },
          "type": "InitializeVariable",
          "inputs": {
            "variables": [
              {
                "name": "MailTXnID",
                "type": "string",
                "value": "@triggerBody()['text_2']"
              }
            ]
          }
        },
        "Initialize_variable-_IsFlowSuccess": {
          "runAfter": {
            "Initialize_variable-_MailTxnID": [
              "Succeeded"
            ]
          },
          "metadata": {
            "operationMetadataId": "44402347-f296-4f74-84ae-5e9c3bc71b01"
          },
          "type": "InitializeVariable",
          "inputs": {
            "variables": [
              {
                "name": "isFlowSuccess",
                "type": "boolean",
                "value": "@triggerBody()['boolean']"
              }
            ]
          }
        },
        "Send_an_email_(V2)_-_Aleart_Email_To_Team": {
          "runAfter": {
            "Execute_a_SQL_query_(V2)_-_Update_Mail_Txn_Table": [
              "Failed",
              "TimedOut",
              "Skipped"
            ]
          },
          "metadata": {
            "operationMetadataId": "a421a306-5a5b-423d-b1da-b7a445a5b675"
          },
          "type": "OpenApiConnection",
          "inputs": {
            "host": {
              "connectionName": "shared_office365_1",
              "operationId": "SendEmailV2",
              "apiId": "/providers/Microsoft.PowerApps/apis/shared_office365"
            },
            "parameters": {
              "emailMessage/To": "@parameters('[USA-AP-OOH]ErrorMailToEmails (apdig_USAAPOOHErrorMailToEmails)')",
              "emailMessage/Subject": "Failed: Update MailTxn Table Flow.",
              "emailMessage/Body": "<p>Hi Team,<br>\nFlow is terminated, Please check the error.<br>\nPlease check Flow: @{variables('Flow URI')}<br>\nDateTime: @{utcNow()}<br>\n</p>",
              "emailMessage/Importance": "High"
            },
            "authentication": {
              "type": "Raw",
              "value": "@json(decodeBase64(triggerOutputs().headers['X-MS-APIM-Tokens']))['$ConnectionKey']"
            },
            "retryPolicy": {
              "type": "fixed",
              "count": 3,
              "interval": "PT30S"
            }
          },
          "description": "The retry interval is set to 3"
        },
        "Terminate": {
          "runAfter": {
            "Send_an_email_(V2)_-_Aleart_Email_To_Team": [
              "Succeeded"
            ]
          },
          "metadata": {
            "operationMetadataId": "948db13c-07b3-4c32-8162-53f6419609f3"
          },
          "type": "Terminate",
          "inputs": {
            "runStatus": "Failed",
            "runError": {
              "code": "01",
              "message": "Failed: Update MailTxn Table"
            }
          }
        },
        "Respond_to_a_PowerApp_or_flow": {
          "runAfter": {
            "Terminate": [
              "Skipped"
            ]
          },
          "metadata": {
            "operationMetadataId": "d057298f-3fce-4bf2-9afb-58d02e1b9cfb"
          },
          "type": "Response",
          "kind": "PowerApp",
          "inputs": {
            "statusCode": 200,
            "body": {
              "result": "SUCCESS : @{variables('MailTXnID')}"
            },
            "schema": {
              "type": "object",
              "properties": {
                "result": {
                  "title": "Result",
                  "x-ms-dynamically-added": true,
                  "type": "string"
                }
              }
            }
          }
        }
      }
    },
    "templateName": ""
  },
  "schemaVersion": "1.0.0.0"
}