{
  "properties": {
    "connectionReferences": {
      "shared_sharepointonline_1": {
        "runtimeSource": "embedded",
        "connection": {
          "connectionReferenceLogicalName": "apdig_USOOHCONNSharePointOOHInvoiceBot"
        },
        "api": {
          "name": "shared_sharepointonline"
        }
      },
      "shared_office365_1": {
        "runtimeSource": "embedded",
        "connection": {
          "connectionReferenceLogicalName": "apdig_sharedoffice365_c2e78"
        },
        "api": {
          "name": "shared_office365"
        }
      }
    },
    "definition": {
      "$schema": "https://schema.management.azure.com/providers/Microsoft.Logic/schemas/2016-06-01/workflowdefinition.json#",
      "contentVersion": "1.0.0.0",
      "parameters": {
        "$connections": {
          "defaultValue": {},
          "type": "Object"
        },
        "$authentication": {
          "defaultValue": {},
          "type": "SecureObject"
        },
        "[USA-AP-OOH]SharePointFilePathToCreateFile (apdig_USAAPOOHSharePointFilePathToCrateFile)": {
          "defaultValue": "/Shared Documents/BotRuns/Test Power Automate/",
          "type": "String",
          "metadata": {
            "schemaName": "apdig_USAAPOOHSharePointFilePathToCrateFile"
          }
        },
        "[USA-AP-OOH]SharePointFilePathToCreateFolder (apdig_USAAPOOHSharePointFilePathToCrateFolder)": {
          "defaultValue": "/BotRuns/Test Power Automate/",
          "type": "String",
          "metadata": {
            "schemaName": "apdig_USAAPOOHSharePointFilePathToCrateFolder"
          }
        },
        "[USA-AP-OOH]SharePointSitePath (apdig_USAAPOOHSharePointSitePath)": {
          "defaultValue": "https://insidemedia.sharepoint.com/sites/GMUSA-KineticFinanceAutomation",
          "type": "String",
          "metadata": {
            "schemaName": "apdig_USAAPOOHSharePointSitePath"
          }
        },
        "[USA-AP-OOH]KineticFinanceAutoSharePointSite (apdig_USAAPOOHKineticFinanceAutoSharePointSite)": {
          "defaultValue": "https://insidemedia.sharepoint.com/sites/GMUSA-KineticFinanceAutomation",
          "type": "String",
          "metadata": {
            "schemaName": "apdig_USAAPOOHKineticFinanceAutoSharePointSite"
          }
        },
        "[USA-AP-OOH]KineticFinanceAutoSharePointList (apdig_USAAPOOHKineticFinanceAutoSharePointList)": {
          "defaultValue": "6dce9562-419d-400c-8731-a11c04381166",
          "type": "String",
          "metadata": {
            "schemaName": "apdig_USAAPOOHKineticFinanceAutoSharePointList"
          }
        },
        "[USA-AP-OOH]ErrorMailToEmails (apdig_USAAPOOHErrorMailToEmails)": {
          "defaultValue": "vishaljagta@cybage.com;rohitpaw@cybage.com;souravra@cybage.com;nikhilkumars@cybage.com;apurvakun@cybage.com",
          "type": "String",
          "metadata": {
            "schemaName": "apdig_USAAPOOHErrorMailToEmails"
          }
        },
        "[USA-AP-OOH]SharepointApiURL (apdig_USAAPOOHShrepointApiURL)": {
          "defaultValue": "/sites/GMUSA-KineticFinanceAutomation/Shared%20Documents/BotRuns/Test%20Power%20Automate",
          "type": "String",
          "metadata": {
            "schemaName": "apdig_USAAPOOHShrepointApiURL"
          }
        },
        "[USA-AP-DIG]SharePointFilePathToCreateFile (apdig_USAAPDIGSharePointFilePathToCreateFile)": {
          "defaultValue": "/Shared Documents/BotRuns/Test Power Automate/",
          "type": "String",
          "metadata": {
            "schemaName": "apdig_USAAPDIGSharePointFilePathToCreateFile"
          }
        }
      },
      "triggers": {
        "manual": {
          "metadata": {
            "operationMetadataId": "2e26caed-9347-4f3b-8e00-ef5af9827489"
          },
          "type": "Request",
          "kind": "Button",
          "inputs": {
            "schema": {
              "type": "object",
              "properties": {
                "text": {
                  "title": "AgencyName",
                  "type": "string",
                  "x-ms-dynamically-added": true,
                  "description": "Please enter your input",
                  "x-ms-content-hint": "TEXT"
                },
                "text_1": {
                  "title": "VendorName",
                  "type": "string",
                  "x-ms-dynamically-added": true,
                  "description": "Please enter your input",
                  "x-ms-content-hint": "TEXT"
                },
                "text_2": {
                  "title": "FAName",
                  "type": "string",
                  "x-ms-dynamically-added": true,
                  "description": "Please enter your input",
                  "x-ms-content-hint": "TEXT"
                },
                "text_3": {
                  "title": "FileName",
                  "type": "string",
                  "x-ms-dynamically-added": true,
                  "description": "Please enter your input",
                  "x-ms-content-hint": "TEXT"
                },
                "text_4": {
                  "title": "FileContent",
                  "type": "string",
                  "x-ms-dynamically-added": true,
                  "description": "Please enter your input",
                  "x-ms-content-hint": "TEXT"
                },
                "text_5": {
                  "title": "MailTxnID",
                  "type": "string",
                  "x-ms-dynamically-added": true,
                  "description": "Please enter your input",
                  "x-ms-content-hint": "TEXT"
                },
                "text_6": {
                  "title": "FlowURL",
                  "type": "string",
                  "x-ms-dynamically-added": true,
                  "description": "Please enter your input",
                  "x-ms-content-hint": "TEXT"
                }
              },
              "required": [
                "text",
                "text_1",
                "text_2",
                "text_3",
                "text_4",
                "text_5",
                "text_6"
              ]
            }
          }
        }
      },
      "actions": {
        "FileName": {
          "runAfter": {
            "FileContent": [
              "Succeeded"
            ]
          },
          "metadata": {
            "operationMetadataId": "091a8dbc-f2de-481e-8d74-9bbc79798d3a"
          },
          "type": "InitializeVariable",
          "inputs": {
            "variables": [
              {
                "name": "FileName",
                "type": "string",
                "value": "@triggerBody()['text_3']"
              }
            ]
          }
        },
        "SharpointURL": {
          "runAfter": {
            "FileName": [
              "Succeeded"
            ]
          },
          "metadata": {
            "operationMetadataId": "d956911e-3f07-45e9-a5e8-6e0ec8af87d3"
          },
          "type": "InitializeVariable",
          "inputs": {
            "variables": [
              {
                "name": "SharpointURL",
                "type": "string"
              }
            ]
          }
        },
        "is_uploaded": {
          "runAfter": {
            "SharpointURL": [
              "Succeeded"
            ]
          },
          "metadata": {
            "operationMetadataId": "9e8f138a-0d11-4eea-af8a-0a1abde50881"
          },
          "type": "InitializeVariable",
          "inputs": {
            "variables": [
              {
                "name": "Is_Uploaded",
                "type": "boolean",
                "value": false
              }
            ]
          }
        },
        "FileContent": {
          "runAfter": {
            "Initialize_variable_-_ChildWorkflowURL": [
              "Succeeded"
            ]
          },
          "metadata": {
            "operationMetadataId": "705a3da5-b996-453e-a1aa-d161ef189a75"
          },
          "type": "Compose",
          "inputs": {
            "$content-type": "application/pdf",
            "$content": "@triggerBody()['text_4']"
          }
        },
        "Respond_to_a_PowerApp_or_flow": {
          "runAfter": {
            "Run_a_Child_Flow_-_Log_an_Event_6": [
              "Succeeded"
            ]
          },
          "metadata": {
            "operationMetadataId": "d48fa235-d83a-4e5c-a65d-18dd258066d1"
          },
          "type": "Response",
          "kind": "PowerApp",
          "inputs": {
            "statusCode": 200,
            "body": {
              "sharepointfileurl": "@variables('SharpointURL')",
              "is_pdffileuploaded": "@{variables('Is_Uploaded')}",
              "sharepointfilename": "@variables('FileName')"
            },
            "schema": {
              "type": "object",
              "properties": {
                "sharepointfileurl": {
                  "title": "SharePointFileURL",
                  "x-ms-dynamically-added": true,
                  "type": "string"
                },
                "is_pdffileuploaded": {
                  "title": "Is_PDFFileUploaded",
                  "x-ms-dynamically-added": true,
                  "type": "boolean"
                },
                "sharepointfilename": {
                  "title": "SharePointFileName",
                  "x-ms-dynamically-added": true,
                  "type": "string"
                }
              }
            }
          }
        },
        "Create_folder_Structure": {
          "runAfter": {
            "is_uploaded": [
              "Succeeded"
            ]
          },
          "metadata": {
            "operationMetadataId": "4aac58a4-bc5c-4612-8170-fe557f90406f"
          },
          "type": "OpenApiConnection",
          "inputs": {
            "host": {
              "connectionName": "shared_sharepointonline_1",
              "operationId": "CreateNewFolder",
              "apiId": "/providers/Microsoft.PowerApps/apis/shared_sharepointonline"
            },
            "parameters": {
              "dataset": "@parameters('[USA-AP-OOH]KineticFinanceAutoSharePointSite (apdig_USAAPOOHKineticFinanceAutoSharePointSite)')",
              "table": "@parameters('[USA-AP-OOH]KineticFinanceAutoSharePointList (apdig_USAAPOOHKineticFinanceAutoSharePointList)')",
              "parameters/path": "@{parameters('[USA-AP-OOH]SharePointFilePathToCreateFolder (apdig_USAAPOOHSharePointFilePathToCrateFolder)')}@{triggerBody()['text']}/@{triggerBody()['text_2']}/@{formatDateTime(utcNow(),'yyyy-MM-dd')}/@{triggerBody()['text_1']}"
            },
            "authentication": {
              "type": "Raw",
              "value": "@json(decodeBase64(triggerOutputs().headers['X-MS-APIM-Tokens']))['$ConnectionKey']"
            },
            "retryPolicy": {
              "type": "fixed",
              "count": 3,
              "interval": "PT30S"
            }
          },
          "description": "The retry interval is set to 3"
        },
        "Try": {
          "actions": {
            "Parse_JSON": {
              "runAfter": {
                "SharePoint_Http_Request": [
                  "Succeeded"
                ]
              },
              "metadata": {
                "operationMetadataId": "53f0f167-2bed-4991-9d47-0bb0f7d68c45"
              },
              "type": "ParseJson",
              "inputs": {
                "content": "@body('SharePoint_Http_Request')",
                "schema": {
                  "type": "object",
                  "properties": {
                    "statusCode": {
                      "type": "integer"
                    },
                    "headers": {
                      "type": "object",
                      "properties": {
                        "Cache-Control": {
                          "type": "string"
                        },
                        "Transfer-Encoding": {
                          "type": "string"
                        },
                        "Vary": {
                          "type": "string"
                        },
                        "Set-Cookie": {
                          "type": "string"
                        },
                        "Strict-Transport-Security": {
                          "type": "string"
                        },
                        "X-NetworkStatistics": {
                          "type": "string"
                        },
                        "X-SharePointHealthScore": {
                          "type": "string"
                        },
                        "X-SP-SERVERSTATE": {
                          "type": "string"
                        },
                        "DATASERVICEVERSION": {
                          "type": "string"
                        },
                        "SPClientServiceRequestDuration": {
                          "type": "string"
                        },
                        "SPRequestDuration": {
                          "type": "string"
                        },
                        "X-DataBoundary": {
                          "type": "string"
                        },
                        "X-1DSCollectorUrl": {
                          "type": "string"
                        },
                        "X-AriaCollectorURL": {
                          "type": "string"
                        },
                        "SPRequestGuid": {
                          "type": "string"
                        },
                        "Request-Id": {
                          "type": "string"
                        },
                        "MS-CV": {
                          "type": "string"
                        },
                        "X-Frame-Options": {
                          "type": "string"
                        },
                        "Content-Security-Policy": {
                          "type": "string"
                        },
                        "MicrosoftSharePointTeamServices": {
                          "type": "string"
                        },
                        "X-Content-Type-Options": {
                          "type": "string"
                        },
                        "X-MS-InvokeApp": {
                          "type": "string"
                        },
                        "P3P": {
                          "type": "string"
                        },
                        "X-AspNet-Version": {
                          "type": "string"
                        },
                        "X-Powered-By": {
                          "type": "string"
                        },
                        "x-ms-request-id": {
                          "type": "string"
                        },
                        "Timing-Allow-Origin": {
                          "type": "string"
                        },
                        "x-ms-apihub-cached-response": {
                          "type": "string"
                        },
                        "x-ms-apihub-obo": {
                          "type": "string"
                        },
                        "Date": {
                          "type": "string"
                        },
                        "Content-Type": {
                          "type": "string"
                        },
                        "Expires": {
                          "type": "string"
                        },
                        "Last-Modified": {
                          "type": "string"
                        }
                      }
                    },
                    "body": {
                      "type": "object",
                      "properties": {
                        "d": {
                          "type": "object",
                          "properties": {
                            "__metadata": {
                              "type": "object",
                              "properties": {
                                "id": {
                                  "type": "string"
                                },
                                "uri": {
                                  "type": "string"
                                },
                                "type": {
                                  "type": "string"
                                }
                              }
                            },
                            "Author": {
                              "type": "object",
                              "properties": {
                                "__deferred": {
                                  "type": "object",
                                  "properties": {
                                    "uri": {
                                      "type": "string"
                                    }
                                  }
                                }
                              }
                            },
                            "CheckedOutByUser": {
                              "type": "object",
                              "properties": {
                                "__deferred": {
                                  "type": "object",
                                  "properties": {
                                    "uri": {
                                      "type": "string"
                                    }
                                  }
                                }
                              }
                            },
                            "EffectiveInformationRightsManagementSettings": {
                              "type": "object",
                              "properties": {
                                "__deferred": {
                                  "type": "object",
                                  "properties": {
                                    "uri": {
                                      "type": "string"
                                    }
                                  }
                                }
                              }
                            },
                            "InformationRightsManagementSettings": {
                              "type": "object",
                              "properties": {
                                "__deferred": {
                                  "type": "object",
                                  "properties": {
                                    "uri": {
                                      "type": "string"
                                    }
                                  }
                                }
                              }
                            },
                            "ListItemAllFields": {
                              "type": "object",
                              "properties": {
                                "__deferred": {
                                  "type": "object",
                                  "properties": {
                                    "uri": {
                                      "type": "string"
                                    }
                                  }
                                }
                              }
                            },
                            "LockedByUser": {
                              "type": "object",
                              "properties": {
                                "__deferred": {
                                  "type": "object",
                                  "properties": {
                                    "uri": {
                                      "type": "string"
                                    }
                                  }
                                }
                              }
                            },
                            "ModifiedBy": {
                              "type": "object",
                              "properties": {
                                "__deferred": {
                                  "type": "object",
                                  "properties": {
                                    "uri": {
                                      "type": "string"
                                    }
                                  }
                                }
                              }
                            },
                            "Properties": {
                              "type": "object",
                              "properties": {
                                "__deferred": {
                                  "type": "object",
                                  "properties": {
                                    "uri": {
                                      "type": "string"
                                    }
                                  }
                                }
                              }
                            },
                            "VersionEvents": {
                              "type": "object",
                              "properties": {
                                "__deferred": {
                                  "type": "object",
                                  "properties": {
                                    "uri": {
                                      "type": "string"
                                    }
                                  }
                                }
                              }
                            },
                            "VersionExpirationReport": {
                              "type": "object",
                              "properties": {
                                "__deferred": {
                                  "type": "object",
                                  "properties": {
                                    "uri": {
                                      "type": "string"
                                    }
                                  }
                                }
                              }
                            },
                            "Versions": {
                              "type": "object",
                              "properties": {
                                "__deferred": {
                                  "type": "object",
                                  "properties": {
                                    "uri": {
                                      "type": "string"
                                    }
                                  }
                                }
                              }
                            },
                            "CheckInComment": {
                              "type": "string"
                            },
                            "CheckOutType": {
                              "type": "integer"
                            },
                            "ContentTag": {
                              "type": "string"
                            },
                            "CustomizedPageStatus": {
                              "type": "integer"
                            },
                            "ETag": {
                              "type": "string"
                            },
                            "Exists": {
                              "type": "boolean"
                            },
                            "ExistsAllowThrowForPolicyFailures": {
                              "type": "boolean"
                            },
                            "IrmEnabled": {
                              "type": "boolean"
                            },
                            "Length": {
                              "type": "string"
                            },
                            "Level": {
                              "type": "integer"
                            },
                            "LinkingUri": {},
                            "LinkingUrl": {
                              "type": "string"
                            },
                            "MajorVersion": {
                              "type": "integer"
                            },
                            "MinorVersion": {
                              "type": "integer"
                            },
                            "Name": {
                              "type": "string"
                            },
                            "ServerRelativeUrl": {
                              "type": "string"
                            },
                            "TimeCreated": {
                              "type": "string"
                            },
                            "TimeLastModified": {
                              "type": "string"
                            },
                            "Title": {},
                            "UIVersion": {
                              "type": "integer"
                            },
                            "UIVersionLabel": {
                              "type": "string"
                            },
                            "UniqueId": {
                              "type": "string"
                            }
                          }
                        }
                      }
                    }
                  }
                }
              }
            },
            "Compose": {
              "runAfter": {
                "Parse_JSON": [
                  "Succeeded"
                ]
              },
              "metadata": {
                "operationMetadataId": "9322cde5-ddaf-4d70-b00f-61d87cd9f7e7"
              },
              "type": "Compose",
              "inputs": "@body('Parse_JSON')?['body']?['d']?['Exists']"
            },
            "Run_a_Child_Flow_-_Log_an_Event_2": {
              "runAfter": {
                "Compose": [
                  "Succeeded"
                ]
              },
              "metadata": {
                "operationMetadataId": "c0dfa1e8-7bae-48a9-9541-01e1e106382d"
              },
              "type": "Workflow",
              "inputs": {
                "host": {
                  "workflowReferenceName": "423112eb-8800-ef11-a1fd-6045bd0855fb"
                },
                "body": {
                  "text": "@workflow()?['tags']?['flowDisplayName']",
                  "text_1": "@triggerBody()['text_6']",
                  "text_2": "Sharepoint Http Request",
                  "text_3": "Sharepoint Http Request Ended",
                  "text_4": "@triggerBody()['text_5']"
                }
              }
            },
            "Run_a_Child_Flow_-_Log_an_Event": {
              "runAfter": {},
              "metadata": {
                "operationMetadataId": "533b38b2-00f5-4971-94d1-76446345921d"
              },
              "type": "Workflow",
              "inputs": {
                "host": {
                  "workflowReferenceName": "423112eb-8800-ef11-a1fd-6045bd0855fb"
                },
                "body": {
                  "text": "@workflow()?['tags']?['flowDisplayName']",
                  "text_1": "@triggerBody()['text_6']",
                  "text_2": "Sharepoint Http Request",
                  "text_3": "Sharepoint Http Request Started",
                  "text_4": "@triggerBody()['text_5']"
                }
              }
            },
            "SharePoint_Http_Request": {
              "runAfter": {
                "Run_a_Child_Flow_-_Log_an_Event": [
                  "Succeeded"
                ]
              },
              "metadata": {
                "operationMetadataId": "6d0fbdcc-3c42-4a8f-aff8-f9d25cad46a1"
              },
              "type": "OpenApiConnection",
              "inputs": {
                "host": {
                  "connectionName": "shared_sharepointonline_1",
                  "operationId": "HttpRequest",
                  "apiId": "/providers/Microsoft.PowerApps/apis/shared_sharepointonline"
                },
                "parameters": {
                  "dataset": "@parameters('[USA-AP-OOH]KineticFinanceAutoSharePointSite (apdig_USAAPOOHKineticFinanceAutoSharePointSite)')",
                  "parameters/method": "GET",
                  "parameters/uri": "_api/web/GetFileByServerRelativeUrl('@{parameters('[USA-AP-OOH]SharepointApiURL (apdig_USAAPOOHShrepointApiURL)')}/@{replace(triggerBody()['text'],' ','%20')}/@{replace(triggerBody()['text_2'],' ','%20')}/@{formatDateTime(utcNow(),'yyyy-MM-dd')}/@{replace(triggerBody()['text_1'],' ','%20')}/@{replace(variables('FileName'),' ','%20')}')?expand=Files"
                },
                "authentication": {
                  "type": "Raw",
                  "value": "@json(decodeBase64(triggerOutputs().headers['X-MS-APIM-Tokens']))['$ConnectionKey']"
                },
                "retryPolicy": {
                  "type": "fixed",
                  "count": 3,
                  "interval": "PT30S"
                }
              },
              "description": "1. This flow uses an environmental variable for OOH SharePoint site which contains part of the URL. Please confirm it's correct.    2.The retry interval is set to 3"
            }
          },
          "runAfter": {
            "Create_folder_Structure": [
              "Succeeded"
            ]
          },
          "metadata": {
            "operationMetadataId": "7e4cd86d-17f8-4e26-bd86-d10a9e718786"
          },
          "type": "Scope"
        },
        "Catch": {
          "actions": {
            "Condition_2": {
              "actions": {
                "Set_variable_2": {
                  "runAfter": {},
                  "metadata": {
                    "operationMetadataId": "0021f6fb-aae9-4e67-91f5-f4355c3a08e5"
                  },
                  "type": "SetVariable",
                  "inputs": {
                    "name": "Is_Uploaded",
                    "value": false
                  }
                },
                "Run_a_Child_Flow_-_Log_an_Event_8": {
                  "runAfter": {
                    "Set_variable_2": [
                      "Succeeded"
                    ]
                  },
                  "metadata": {
                    "operationMetadataId": "8d7ac94d-117a-4a86-8460-625a3fb67f4e"
                  },
                  "type": "Workflow",
                  "inputs": {
                    "host": {
                      "workflowReferenceName": "423112eb-8800-ef11-a1fd-6045bd0855fb"
                    },
                    "body": {
                      "text": "@workflow()?['tags']?['flowDisplayName']",
                      "text_1": "@triggerBody()['text_6']",
                      "text_2": "Set Is_Upload variable",
                      "text_3": "Set Is_Upload variable to false",
                      "text_4": "@triggerBody()['text_5']"
                    }
                  }
                }
              },
              "runAfter": {},
              "else": {
                "actions": {
                  "Try_": {
                    "actions": {
                      "Create_file": {
                        "runAfter": {},
                        "trackedProperties": {
                          "contentType": "application/pdf"
                        },
                        "metadata": {
                          "operationMetadataId": "ce2cd5d9-b135-4191-a433-60c222eaac69"
                        },
                        "type": "OpenApiConnection",
                        "inputs": {
                          "host": {
                            "connectionName": "shared_sharepointonline_1",
                            "operationId": "CreateFile",
                            "apiId": "/providers/Microsoft.PowerApps/apis/shared_sharepointonline"
                          },
                          "parameters": {
                            "dataset": "@parameters('[USA-AP-OOH]KineticFinanceAutoSharePointSite (apdig_USAAPOOHKineticFinanceAutoSharePointSite)')",
                            "folderPath": "@{parameters('[USA-AP-OOH]SharePointFilePathToCreateFile (apdig_USAAPOOHSharePointFilePathToCrateFile)')}@{triggerBody()['text']}/@{triggerBody()['text_2']}/@{formatDateTime(utcNow(),'yyyy-MM-dd')}/@{triggerBody()['text_1']}",
                            "name": "@variables('FileName')",
                            "body": "@outputs('FileContent')"
                          },
                          "authentication": {
                            "type": "Raw",
                            "value": "@json(decodeBase64(triggerOutputs().headers['X-MS-APIM-Tokens']))['$ConnectionKey']"
                          },
                          "retryPolicy": {
                            "type": "fixed",
                            "count": 3,
                            "interval": "PT30S"
                          }
                        },
                        "description": "The retry interval is set to 3",
                        "runtimeConfiguration": {
                          "contentTransfer": {
                            "transferMode": "Chunked"
                          }
                        }
                      },
                      "Filepath": {
                        "runAfter": {
                          "Create_file": [
                            "Succeeded"
                          ]
                        },
                        "metadata": {
                          "operationMetadataId": "451216b6-80e5-4660-858b-91ab2a8f5ecb"
                        },
                        "type": "SetVariable",
                        "inputs": {
                          "name": "SharpointURL",
                          "value": "@{parameters('[USA-AP-OOH]SharePointSitePath (apdig_USAAPOOHSharePointSitePath)')}@{parameters('[USA-AP-DIG]SharePointFilePathToCreateFile (apdig_USAAPDIGSharePointFilePathToCreateFile)')}@{triggerBody()['text']}/@{triggerBody()['text_2']}/@{formatDateTime(utcNow(),'yyyy-MM-dd')}/@{triggerBody()['text_1']}/@{variables('FileName')}"
                        }
                      },
                      "Set_variable": {
                        "runAfter": {
                          "Filepath": [
                            "Succeeded"
                          ]
                        },
                        "metadata": {
                          "operationMetadataId": "597d3052-1e38-4cad-9229-1646157c9048"
                        },
                        "type": "SetVariable",
                        "inputs": {
                          "name": "Is_Uploaded",
                          "value": true
                        }
                      },
                      "Run_a_Child_Flow_-_Log_an_Event_9": {
                        "runAfter": {
                          "Set_variable": [
                            "Succeeded"
                          ]
                        },
                        "metadata": {
                          "operationMetadataId": "dea598e0-d22a-4d51-955e-55537bc76ec1"
                        },
                        "type": "Workflow",
                        "inputs": {
                          "host": {
                            "workflowReferenceName": "423112eb-8800-ef11-a1fd-6045bd0855fb"
                          },
                          "body": {
                            "text": "@workflow()?['tags']?['flowDisplayName']",
                            "text_1": "@triggerBody()['text_6']",
                            "text_2": "Set Is_Upload variable",
                            "text_3": "Set Is_Upload variable to true",
                            "text_4": "@triggerBody()['text_5']"
                          }
                        }
                      }
                    },
                    "runAfter": {},
                    "metadata": {
                      "operationMetadataId": "f2f8a504-615c-47eb-b001-6f19b91ea16a"
                    },
                    "type": "Scope"
                  },
                  "Catch_": {
                    "actions": {
                      "Run_a_Child_Flow-_Insert_Into_NoExtTxn_Table_2": {
                        "runAfter": {
                          "Run_a_Child_Flow-_Update_MailTxn_Table_2": [
                            "Succeeded"
                          ]
                        },
                        "metadata": {
                          "operationMetadataId": "7d7bd1e5-bf43-4a92-9b43-62eca2a3599e"
                        },
                        "type": "Workflow",
                        "inputs": {
                          "host": {
                            "workflowReferenceName": "f5815dbb-8800-ef11-a1fd-6045bd0855fb"
                          },
                          "body": {
                            "text_2": "Failed: @{workflow().tags.flowDisplayName} on @{utcNow()}",
                            "text_3": "@workflow().tags.flowDisplayName",
                            "text_8": "@triggerBody()['text_5']",
                            "text_9": "@triggerBody()['text_6']",
                            "text_12": "Not Available",
                            "text_13": "Not Available",
                            "text": "NA",
                            "text_1": "NA",
                            "text_4": "NA",
                            "text_5": "NA",
                            "text_6": "NA",
                            "text_7": "NA",
                            "text_10": "NA",
                            "text_11": "NA",
                            "text_14": "NA",
                            "text_15": "NA",
                            "text_16": "NA"
                          },
                          "retryPolicy": {
                            "type": "none"
                          }
                        }
                      },
                      "Send_an_email_(V2)_2": {
                        "runAfter": {
                          "Run_a_Child_Flow-_Insert_Into_NoExtTxn_Table_2": [
                            "Succeeded"
                          ]
                        },
                        "metadata": {
                          "operationMetadataId": "debbedb6-000a-4c32-a63e-dc4a9ef1c562"
                        },
                        "type": "OpenApiConnection",
                        "inputs": {
                          "host": {
                            "connectionName": "shared_office365_1",
                            "operationId": "SendEmailV2",
                            "apiId": "/providers/Microsoft.PowerApps/apis/shared_office365"
                          },
                          "parameters": {
                            "emailMessage/To": "@parameters('[USA-AP-OOH]ErrorMailToEmails (apdig_USAAPOOHErrorMailToEmails)')",
                            "emailMessage/Subject": "Error Logging Failed",
                            "emailMessage/Body": "<p>Error Logging Failed: In Catch Block of Flow- @{workflow().tags.flowDisplayName}<br>\n</p>",
                            "emailMessage/Importance": "High"
                          },
                          "authentication": {
                            "type": "Raw",
                            "value": "@json(decodeBase64(triggerOutputs().headers['X-MS-APIM-Tokens']))['$ConnectionKey']"
                          },
                          "retryPolicy": {
                            "type": "fixed",
                            "count": 3,
                            "interval": "PT30S"
                          }
                        },
                        "description": "The retry interval is set to 3"
                      },
                      "Terminate": {
                        "runAfter": {
                          "Send_an_email_(V2)_2": [
                            "Succeeded",
                            "Failed",
                            "Skipped",
                            "TimedOut"
                          ]
                        },
                        "metadata": {
                          "operationMetadataId": "9203d236-ca8c-4188-8ff2-cfbb2bf053d6"
                        },
                        "type": "Terminate",
                        "inputs": {
                          "runStatus": "Failed"
                        }
                      },
                      "Run_a_Child_Flow_-_Log_an_Exception": {
                        "runAfter": {},
                        "metadata": {
                          "operationMetadataId": "ef71a2ba-caf3-42d2-93e0-26574d1e825c"
                        },
                        "type": "Workflow",
                        "inputs": {
                          "host": {
                            "workflowReferenceName": "44ff66c8-8800-ef11-a1fd-6045bd0855fb"
                          },
                          "body": {
                            "text": "@workflow()?['tags']?['flowDisplayName']",
                            "text_1": "@triggerBody()['text_6']",
                            "text_2": "Not Available",
                            "text_3": "Not Available",
                            "text_4": "Faild to create file on sharepoint ",
                            "text_6": "@triggerBody()['text_5']",
                            "text_5": "@workflow()['ID']"
                          }
                        }
                      },
                      "Run_a_Child_Flow-_Update_MailTxn_Table_2": {
                        "runAfter": {
                          "Run_a_Child_Flow_-_Send_Error_Email": [
                            "Succeeded"
                          ]
                        },
                        "metadata": {
                          "operationMetadataId": "acce251b-754b-478a-b9d7-2651c4ad6beb"
                        },
                        "type": "Workflow",
                        "inputs": {
                          "host": {
                            "workflowReferenceName": "7a79d7db-8800-ef11-a1fd-6045bd0855fb"
                          },
                          "body": {
                            "text": "@workflow().tags.flowDisplayName",
                            "text_1": "@triggerBody()['text_6']",
                            "text_2": "@triggerBody()['text_5']",
                            "boolean": false
                          },
                          "retryPolicy": {
                            "type": "none"
                          }
                        }
                      },
                      "Filter_array_2": {
                        "runAfter": {
                          "Run_a_Child_Flow_-_Log_an_Exception": [
                            "Succeeded"
                          ]
                        },
                        "metadata": {
                          "operationMetadataId": "30421516-7ccd-4024-824f-966d51b65b85"
                        },
                        "type": "Query",
                        "inputs": {
                          "from": "@result('Try')",
                          "where": "@or(equals(item()?['Status'], 'Failed'), equals(item()?['Status'], 'TimedOut'))"
                        }
                      },
                      "Run_a_Child_Flow_-_Send_Error_Email": {
                        "runAfter": {
                          "Filter_array_2": [
                            "Succeeded"
                          ]
                        },
                        "metadata": {
                          "operationMetadataId": "3fb0b0cc-7051-41d2-9228-7c8e4ca9b07a"
                        },
                        "type": "Workflow",
                        "inputs": {
                          "host": {
                            "workflowReferenceName": "46c1869c-8800-ef11-a1fd-000d3a5ce899"
                          },
                          "body": {
                            "text": "@string(body('Filter_array_2'))",
                            "text_1": "@triggerBody()['text_5']",
                            "text_2": "@triggerBody()['text_6']",
                            "text_3": "@workflow()?['tags']?['flowDisplayName']",
                            "text_4": "@variables('ChildWorkflowURL')"
                          }
                        }
                      }
                    },
                    "runAfter": {
                      "Try_": [
                        "Failed",
                        "Skipped",
                        "TimedOut"
                      ]
                    },
                    "metadata": {
                      "operationMetadataId": "a2303461-da7a-4c57-9aa3-def69b2bb2d4"
                    },
                    "type": "Scope"
                  }
                }
              },
              "expression": {
                "or": [
                  {
                    "equals": [
                      "@toLower(variables('FileName'))",
                      "document.pdf"
                    ]
                  },
                  {
                    "equals": [
                      "@toLower(variables('FileName'))",
                      "invoice.pdf"
                    ]
                  }
                ]
              },
              "metadata": {
                "operationMetadataId": "32a532a8-7f7a-499a-89e1-f5b1f1bdc2d1"
              },
              "type": "If"
            }
          },
          "runAfter": {
            "Try": [
              "Failed",
              "TimedOut"
            ]
          },
          "metadata": {
            "operationMetadataId": "a3141eae-0a89-43ce-af1b-e32f2a7021a4"
          },
          "type": "Scope"
        },
        "Condition": {
          "actions": {
            "scope_Try": {
              "actions": {
                "NewFileName": {
                  "runAfter": {
                    "add_UUID": [
                      "Succeeded"
                    ]
                  },
                  "metadata": {
                    "operationMetadataId": "59fce502-d502-46be-bc34-a275bcf33f27"
                  },
                  "type": "Compose",
                  "inputs": "@replace(variables('FileName'),'.pdf',concat('--',outputs('add_UUID')))"
                },
                "UpdateFileName": {
                  "runAfter": {
                    "NewFileName": [
                      "Succeeded"
                    ]
                  },
                  "metadata": {
                    "operationMetadataId": "6e12b834-a92c-47e0-968f-07963979d605"
                  },
                  "type": "SetVariable",
                  "inputs": {
                    "name": "FileName",
                    "value": "@{outputs('NewFileName')}.pdf"
                  }
                },
                "Create_file_2": {
                  "runAfter": {
                    "UpdateFileName": [
                      "Succeeded"
                    ]
                  },
                  "trackedProperties": {
                    "contentType": "application/pdf"
                  },
                  "metadata": {
                    "operationMetadataId": "c847f288-9c50-4ffd-bf5d-ba561d224168"
                  },
                  "type": "OpenApiConnection",
                  "inputs": {
                    "host": {
                      "connectionName": "shared_sharepointonline_1",
                      "operationId": "CreateFile",
                      "apiId": "/providers/Microsoft.PowerApps/apis/shared_sharepointonline"
                    },
                    "parameters": {
                      "dataset": "@parameters('[USA-AP-OOH]KineticFinanceAutoSharePointSite (apdig_USAAPOOHKineticFinanceAutoSharePointSite)')",
                      "folderPath": "@{parameters('[USA-AP-OOH]SharePointFilePathToCreateFile (apdig_USAAPOOHSharePointFilePathToCrateFile)')}@{triggerBody()['text']}/@{triggerBody()['text_2']}/@{formatDateTime(utcNow(),'yyyy-MM-dd')}/@{triggerBody()['text_1']}",
                      "name": "@variables('FileName')",
                      "body": "@outputs('FileContent')"
                    },
                    "authentication": {
                      "type": "Raw",
                      "value": "@json(decodeBase64(triggerOutputs().headers['X-MS-APIM-Tokens']))['$ConnectionKey']"
                    },
                    "retryPolicy": {
                      "type": "fixed",
                      "count": 3,
                      "interval": "PT30S"
                    }
                  },
                  "description": "The retry interval is set to 3",
                  "runtimeConfiguration": {
                    "contentTransfer": {
                      "transferMode": "Chunked"
                    }
                  }
                },
                "Sharepoint_File_Path": {
                  "runAfter": {
                    "Create_file_2": [
                      "Succeeded"
                    ]
                  },
                  "metadata": {
                    "operationMetadataId": "0f831783-dd85-443d-80ff-6771b1bc08af"
                  },
                  "type": "SetVariable",
                  "inputs": {
                    "name": "SharpointURL",
                    "value": "@{parameters('[USA-AP-OOH]SharePointSitePath (apdig_USAAPOOHSharePointSitePath)')}@{parameters('[USA-AP-DIG]SharePointFilePathToCreateFile (apdig_USAAPDIGSharePointFilePathToCreateFile)')}@{triggerBody()['text']}/@{triggerBody()['text_2']}/@{formatDateTime(utcNow(),'yyyy-MM-dd')}/@{triggerBody()['text_1']}/@{variables('FileName')}"
                  }
                },
                "Run_a_Child_Flow_-_Log_an_Event_3": {
                  "runAfter": {},
                  "metadata": {
                    "operationMetadataId": "9438d8a2-bb46-4034-a5bf-718aace83632"
                  },
                  "type": "Workflow",
                  "inputs": {
                    "host": {
                      "workflowReferenceName": "423112eb-8800-ef11-a1fd-6045bd0855fb"
                    },
                    "body": {
                      "text": "@workflow()?['tags']?['flowDisplayName']",
                      "text_1": "@triggerBody()['text_6']",
                      "text_2": "Create File",
                      "text_3": "Creating file on SharePoint",
                      "text_4": "@triggerBody()['text_5']"
                    }
                  }
                },
                "add_UUID": {
                  "runAfter": {
                    "Run_a_Child_Flow_-_Log_an_Event_3": [
                      "Succeeded"
                    ]
                  },
                  "metadata": {
                    "operationMetadataId": "6a3b5519-db91-4494-87b8-964e5acf0aea"
                  },
                  "type": "Compose",
                  "inputs": "@replace(guid(),'-','')"
                },
                "Run_a_Child_Flow_-_Log_an_Event_4": {
                  "runAfter": {
                    "Sharepoint_File_Path": [
                      "Succeeded"
                    ]
                  },
                  "metadata": {
                    "operationMetadataId": "f3bf777d-ae38-4526-aac8-59c69fe635be"
                  },
                  "type": "Workflow",
                  "inputs": {
                    "host": {
                      "workflowReferenceName": "423112eb-8800-ef11-a1fd-6045bd0855fb"
                    },
                    "body": {
                      "text": "@workflow()?['tags']?['flowDisplayName']",
                      "text_1": "@triggerBody()['text_6']",
                      "text_2": "Storing Invoice Pdf attachment on SharePoint With UUID",
                      "text_3": "@variables('SharpointURL')",
                      "text_4": "@triggerBody()['text_5']"
                    }
                  }
                }
              },
              "runAfter": {},
              "metadata": {
                "operationMetadataId": "84c29844-8132-4341-9606-e3f90694c45a"
              },
              "type": "Scope"
            },
            "scope_Catch_": {
              "actions": {
                "Run_a_Child_Flow-_Insert_Into_NoExtTxn_Table": {
                  "runAfter": {
                    "Run_a_Child_Flow-_Update_MailTxn_Table": [
                      "Succeeded"
                    ]
                  },
                  "metadata": {
                    "operationMetadataId": "7d7bd1e5-bf43-4a92-9b43-62eca2a3599e"
                  },
                  "type": "Workflow",
                  "inputs": {
                    "host": {
                      "workflowReferenceName": "f5815dbb-8800-ef11-a1fd-6045bd0855fb"
                    },
                    "body": {
                      "text_2": "Failed: @{workflow().tags.flowDisplayName} on @{utcNow()}",
                      "text_3": "@workflow().tags.flowDisplayName",
                      "text_8": "@triggerBody()['text_5']",
                      "text_9": "@triggerBody()['text_6']",
                      "text_12": "Not Available",
                      "text_13": "Not Available",
                      "text": "NA",
                      "text_1": "NA",
                      "text_4": "NA",
                      "text_5": "NA",
                      "text_6": "NA",
                      "text_7": "NA",
                      "text_10": "NA",
                      "text_11": "NA",
                      "text_14": "NA",
                      "text_15": "NA",
                      "text_16": "NA"
                    },
                    "retryPolicy": {
                      "type": "none"
                    }
                  }
                },
                "Send_an_email_(V2)": {
                  "runAfter": {
                    "Run_a_Child_Flow-_Insert_Into_NoExtTxn_Table": [
                      "Failed",
                      "Skipped",
                      "TimedOut"
                    ]
                  },
                  "metadata": {
                    "operationMetadataId": "debbedb6-000a-4c32-a63e-dc4a9ef1c562"
                  },
                  "type": "OpenApiConnection",
                  "inputs": {
                    "host": {
                      "connectionName": "shared_office365_1",
                      "operationId": "SendEmailV2",
                      "apiId": "/providers/Microsoft.PowerApps/apis/shared_office365"
                    },
                    "parameters": {
                      "emailMessage/To": "@parameters('[USA-AP-OOH]ErrorMailToEmails (apdig_USAAPOOHErrorMailToEmails)')",
                      "emailMessage/Subject": "Error Logging Failed",
                      "emailMessage/Body": "<p>Error Logging Failed: In Catch Block of Flow- @{workflow().tags.flowDisplayName}<br>\n</p>",
                      "emailMessage/Importance": "High"
                    },
                    "authentication": {
                      "type": "Raw",
                      "value": "@json(decodeBase64(triggerOutputs().headers['X-MS-APIM-Tokens']))['$ConnectionKey']"
                    },
                    "retryPolicy": {
                      "type": "fixed",
                      "count": 3,
                      "interval": "PT30S"
                    }
                  },
                  "description": "The retry interval is set to 3"
                },
                "Terminate_3": {
                  "runAfter": {
                    "Send_an_email_(V2)": [
                      "Succeeded",
                      "TimedOut",
                      "Skipped",
                      "Failed"
                    ]
                  },
                  "metadata": {
                    "operationMetadataId": "9203d236-ca8c-4188-8ff2-cfbb2bf053d6"
                  },
                  "type": "Terminate",
                  "inputs": {
                    "runStatus": "Failed"
                  }
                },
                "Run_a_Child_Flow_-_Log_an_Exception_2": {
                  "runAfter": {},
                  "metadata": {
                    "operationMetadataId": "ef71a2ba-caf3-42d2-93e0-26574d1e825c"
                  },
                  "type": "Workflow",
                  "inputs": {
                    "host": {
                      "workflowReferenceName": "44ff66c8-8800-ef11-a1fd-6045bd0855fb"
                    },
                    "body": {
                      "text": "@workflow()?['tags']?['flowDisplayName']",
                      "text_1": "@triggerBody()['text_6']",
                      "text_2": "Not Available",
                      "text_3": "Not Available",
                      "text_4": "Faild to create file on sharepoint with UUID",
                      "text_6": "@triggerBody()['text_5']",
                      "text_5": "@workflow()['ID']"
                    }
                  }
                },
                "Run_a_Child_Flow-_Update_MailTxn_Table": {
                  "runAfter": {
                    "Run_a_Child_Flow_3": [
                      "Succeeded"
                    ]
                  },
                  "metadata": {
                    "operationMetadataId": "acce251b-754b-478a-b9d7-2651c4ad6beb"
                  },
                  "type": "Workflow",
                  "inputs": {
                    "host": {
                      "workflowReferenceName": "7a79d7db-8800-ef11-a1fd-6045bd0855fb"
                    },
                    "body": {
                      "text": "@workflow().tags.flowDisplayName",
                      "text_1": "@triggerBody()['text_6']",
                      "text_2": "@triggerBody()['text_5']",
                      "boolean": false
                    },
                    "retryPolicy": {
                      "type": "none"
                    }
                  }
                },
                "Filter_array": {
                  "runAfter": {
                    "Run_a_Child_Flow_-_Log_an_Exception_2": [
                      "Succeeded"
                    ]
                  },
                  "metadata": {
                    "operationMetadataId": "53ae7452-9b00-4ecc-ab58-4fe1c60315ed"
                  },
                  "type": "Query",
                  "inputs": {
                    "from": "@result('scope_Try')",
                    "where": "@or(equals(item()?['Status'], 'Failed'), equals(item()?['Status'], 'TimedOut'))"
                  }
                },
                "Run_a_Child_Flow_3": {
                  "runAfter": {
                    "Filter_array": [
                      "Succeeded"
                    ]
                  },
                  "metadata": {
                    "operationMetadataId": "3fb0b0cc-7051-41d2-9228-7c8e4ca9b07a"
                  },
                  "type": "Workflow",
                  "inputs": {
                    "host": {
                      "workflowReferenceName": "46c1869c-8800-ef11-a1fd-000d3a5ce899"
                    },
                    "body": {
                      "text": "@string(body('Filter_array'))",
                      "text_1": "@triggerBody()['text_5']",
                      "text_2": "@triggerBody()['text_6']",
                      "text_3": "@workflow()?['tags']?['flowDisplayName']",
                      "text_4": "@variables('ChildWorkflowURL')"
                    }
                  }
                }
              },
              "runAfter": {
                "scope_Try": [
                  "Failed",
                  "Skipped",
                  "TimedOut"
                ]
              },
              "metadata": {
                "operationMetadataId": "a2303461-da7a-4c57-9aa3-def69b2bb2d4"
              },
              "type": "Scope"
            }
          },
          "runAfter": {
            "Catch": [
              "Succeeded",
              "Failed",
              "Skipped",
              "TimedOut"
            ]
          },
          "else": {
            "actions": {
              "Run_a_Child_Flow_-_Log_an_Event_5": {
                "runAfter": {},
                "metadata": {
                  "operationMetadataId": "382bdaa4-f60a-432f-96b0-bce242acf9b2"
                },
                "type": "Workflow",
                "inputs": {
                  "host": {
                    "workflowReferenceName": "423112eb-8800-ef11-a1fd-6045bd0855fb"
                  },
                  "body": {
                    "text": "@workflow()?['tags']?['flowDisplayName']",
                    "text_1": "@triggerBody()['text_6']",
                    "text_2": "Check File upload status",
                    "text_3": "File is uploaded on SharePoint",
                    "text_4": "@triggerBody()['text_5']"
                  }
                }
              }
            }
          },
          "expression": {
            "equals": [
              "@variables('Is_Uploaded')",
              false
            ]
          },
          "metadata": {
            "operationMetadataId": "08cbcba7-0419-4ce6-81e9-4108ac4f4d47"
          },
          "type": "If"
        },
        "Run_a_Child_Flow_-_Log_an_Event_6": {
          "runAfter": {
            "Condition": [
              "Succeeded"
            ]
          },
          "metadata": {
            "operationMetadataId": "556f109e-22ce-4dd0-a5cc-02f6ace1aeda"
          },
          "type": "Workflow",
          "inputs": {
            "host": {
              "workflowReferenceName": "423112eb-8800-ef11-a1fd-6045bd0855fb"
            },
            "body": {
              "text": "@workflow()?['tags']?['flowDisplayName']",
              "text_1": "@triggerBody()['text_6']",
              "text_2": "SharePointAttachementStore",
              "text_3": "SharePointAttachementStore flow  ended",
              "text_4": "@triggerBody()['text_5']"
            }
          }
        },
        "Run_a_Child_Flow_-_Log_an_Event_7": {
          "runAfter": {},
          "metadata": {
            "operationMetadataId": "a08f66bb-b1d4-4dfc-a9ef-424fe2011451"
          },
          "type": "Workflow",
          "inputs": {
            "host": {
              "workflowReferenceName": "423112eb-8800-ef11-a1fd-6045bd0855fb"
            },
            "body": {
              "text": "@workflow()?['tags']?['flowDisplayName']",
              "text_1": "@triggerBody()['text_6']",
              "text_2": "SharePointAttachementStore",
              "text_3": "SharePointAttachementStore flow started",
              "text_4": "@triggerBody()['text_5']"
            }
          }
        },
        "Initialize_variable_-_ChildWorkflowURL": {
          "runAfter": {
            "Run_a_Child_Flow_-_Log_an_Event_7": [
              "Succeeded"
            ]
          },
          "metadata": {
            "operationMetadataId": "c0ad8c24-9b7e-439c-921d-59a5d25b2cd9"
          },
          "type": "InitializeVariable",
          "inputs": {
            "variables": [
              {
                "name": "ChildWorkflowURL",
                "type": "string",
                "value": "@{concat('https://make.powerautomate.com/environments/', workflow()?['tags']['environmentName'], '/flows/', workflow()?['name'], '/runs/', workflow()?['run']['name'])}"
              }
            ]
          }
        }
      }
    },
    "templateName": ""
  },
  "schemaVersion": "1.0.0.0"
}