{
  "properties": {
    "connectionReferences": {
      "shared_sql_2": {
        "runtimeSource": "embedded",
        "connection": {
          "connectionReferenceLogicalName": "apdig_sharedsql_711e5"
        },
        "api": {
          "name": "shared_sql"
        }
      },
      "shared_office365": {
        "runtimeSource": "embedded",
        "connection": {
          "connectionReferenceLogicalName": "apdig_sharedoffice365_c2e78"
        },
        "api": {
          "name": "shared_office365"
        }
      }
    },
    "definition": {
      "$schema": "https://schema.management.azure.com/providers/Microsoft.Logic/schemas/2016-06-01/workflowdefinition.json#",
      "contentVersion": "1.0.0.0",
      "parameters": {
        "$connections": {
          "defaultValue": {},
          "type": "Object"
        },
        "$authentication": {
          "defaultValue": {},
          "type": "SecureObject"
        },
        "[USA-AP-OOH]SQLServerName (apdig_USAAPOOHSQLServerName)": {
          "defaultValue": "eussqsvgrmusafinance01.database.windows.net",
          "type": "String",
          "metadata": {
            "schemaName": "apdig_USAAPOOHSQLServerName",
            "description": "OOH DB Server Name"
          }
        },
        "[USA-AP-OOH]SQLDatabaseName (apdig_USAAPOOHSQLDatabaseName)": {
          "defaultValue": "eussqdbgrmusaapoohdev01",
          "type": "String",
          "metadata": {
            "schemaName": "apdig_USAAPOOHSQLDatabaseName",
            "description": "SQL DB Name for OOH"
          }
        },
        "[USA-AP-OOH]ErrorMailToEmails (apdig_USAAPOOHErrorMailToEmails)": {
          "defaultValue": "vishaljagta@cybage.com;rohitpaw@cybage.com;souravra@cybage.com;nikhilkumars@cybage.com;apurvakun@cybage.com",
          "type": "String",
          "metadata": {
            "schemaName": "apdig_USAAPOOHErrorMailToEmails"
          }
        }
      },
      "triggers": {
        "manual": {
          "metadata": {
            "operationMetadataId": "70963acf-59c8-4578-9163-e87b7eef7036"
          },
          "type": "Request",
          "kind": "Button",
          "inputs": {
            "schema": {
              "type": "object",
              "properties": {
                "number": {
                  "description": "Please enter a number",
                  "title": "Log_Mail_Txn_ID",
                  "type": "number",
                  "x-ms-content-hint": "NUMBER",
                  "x-ms-dynamically-added": true
                },
                "number_1": {
                  "description": "Please enter a number",
                  "title": "Log_Vendor_ID",
                  "type": "number",
                  "x-ms-content-hint": "NUMBER",
                  "x-ms-dynamically-added": true
                },
                "number_2": {
                  "description": "Please enter a number",
                  "title": "Log_Agency_ID",
                  "type": "number",
                  "x-ms-content-hint": "NUMBER",
                  "x-ms-dynamically-added": true
                },
                "number_3": {
                  "description": "Please enter a number",
                  "title": "Log_FA_ID",
                  "type": "number",
                  "x-ms-content-hint": "NUMBER",
                  "x-ms-dynamically-added": true
                },
                "boolean": {
                  "description": "Please select yes or no",
                  "title": "Log_IsAnInvoice",
                  "type": "boolean",
                  "x-ms-content-hint": "BOOLEAN",
                  "x-ms-dynamically-added": true
                },
                "boolean_1": {
                  "description": "Please select yes or no",
                  "title": "Log_Is_Duplicate",
                  "type": "boolean",
                  "x-ms-content-hint": "BOOLEAN",
                  "x-ms-dynamically-added": true
                },
                "text": {
                  "description": "Please enter your input",
                  "title": "Log_Invoice_Date",
                  "type": "string",
                  "x-ms-content-hint": "TEXT",
                  "x-ms-dynamically-added": true
                },
                "text_1": {
                  "description": "Please enter your input",
                  "title": "Log_Invoice_FileName",
                  "type": "string",
                  "x-ms-content-hint": "TEXT",
                  "x-ms-dynamically-added": true
                },
                "text_2": {
                  "description": "Please enter your input",
                  "title": "Log_Invoice_Number",
                  "type": "string",
                  "x-ms-content-hint": "TEXT",
                  "x-ms-dynamically-added": true
                },
                "text_4": {
                  "description": "Please enter your input",
                  "title": "Log_Invoice_Amount",
                  "type": "string",
                  "x-ms-content-hint": "TEXT",
                  "x-ms-dynamically-added": true
                },
                "text_6": {
                  "description": "Please enter your input",
                  "title": "Log_Invoice_PDFText",
                  "type": "string",
                  "x-ms-content-hint": "TEXT",
                  "x-ms-dynamically-added": true
                },
                "text_9": {
                  "description": "Please enter your input",
                  "title": "Log_Invoice_MOS",
                  "type": "string",
                  "x-ms-content-hint": "TEXT",
                  "x-ms-dynamically-added": true
                },
                "text_15": {
                  "description": "Please enter your input",
                  "title": "Log_Invoice_FormRec_VendorName",
                  "type": "string",
                  "x-ms-content-hint": "TEXT",
                  "x-ms-dynamically-added": true
                },
                "text_16": {
                  "description": "Please enter your input",
                  "title": "Log_Client_Name",
                  "type": "string",
                  "x-ms-content-hint": "TEXT",
                  "x-ms-dynamically-added": true
                },
                "text_17": {
                  "description": "Please enter your input",
                  "title": "Log_Publication_Code",
                  "type": "string",
                  "x-ms-content-hint": "TEXT",
                  "x-ms-dynamically-added": true
                },
                "text_18": {
                  "description": "Please enter your input",
                  "title": "Log_Publication_Name",
                  "type": "string",
                  "x-ms-content-hint": "TEXT",
                  "x-ms-dynamically-added": true
                },
                "text_20": {
                  "description": "Please enter your input",
                  "title": "Log_SP_FilePath",
                  "type": "string",
                  "x-ms-content-hint": "TEXT",
                  "x-ms-dynamically-added": true
                },
                "boolean_2": {
                  "description": "Please select yes or no",
                  "title": "Log_FA_Interface_Ready",
                  "type": "boolean",
                  "x-ms-content-hint": "BOOLEAN",
                  "x-ms-dynamically-added": true
                },
                "text_23": {
                  "description": "Please enter your input",
                  "title": "SenderEmail",
                  "type": "string",
                  "x-ms-content-hint": "TEXT",
                  "x-ms-dynamically-added": true
                },
                "boolean_3": {
                  "description": "Please select yes or no",
                  "title": "ISPresentinInvMstr",
                  "type": "boolean",
                  "x-ms-content-hint": "BOOLEAN",
                  "x-ms-dynamically-added": true
                },
                "text_7": {
                  "description": "Please enter your input",
                  "title": "FlowURI",
                  "type": "string",
                  "x-ms-content-hint": "TEXT",
                  "x-ms-dynamically-added": true
                },
                "text_21": {
                  "description": "Please enter your input",
                  "title": "Log_Invoice_Bill_To",
                  "type": "string",
                  "x-ms-content-hint": "TEXT",
                  "x-ms-dynamically-added": true
                },
                "number_4": {
                  "description": "Please enter a number",
                  "title": "Log_Agency_Bill_To_ID",
                  "type": "number",
                  "x-ms-content-hint": "NUMBER",
                  "x-ms-dynamically-added": true
                },
                "text_22": {
                  "description": "Please enter your input",
                  "title": "Log_Invoice_ContractNumber",
                  "type": "string",
                  "x-ms-content-hint": "TEXT",
                  "x-ms-dynamically-added": true
                },
                "text_24": {
                  "description": "Please enter your input",
                  "title": "Log_Invoice_Advertiser_Name",
                  "type": "string",
                  "x-ms-content-hint": "TEXT",
                  "x-ms-dynamically-added": true
                }
              },
              "required": [
                "number",
                "number_1",
                "number_2",
                "number_3",
                "boolean",
                "boolean_1",
                "text",
                "text_1",
                "text_2",
                "text_4",
                "text_9",
                "text_17",
                "text_18",
                "text_20",
                "boolean_2",
                "boolean_3",
                "text_7",
                "text_21",
                "number_4",
                "text_24"
              ]
            }
          }
        }
      },
      "actions": {
        "Respond_to_a_PowerApp_or_flow": {
          "runAfter": {
            "Scope_Catch": [
              "Skipped"
            ]
          },
          "metadata": {
            "operationMetadataId": "3f45779f-f3d5-4fbd-b328-24deba312c37"
          },
          "type": "Response",
          "kind": "PowerApp",
          "inputs": {
            "statusCode": 200,
            "body": {
              "message": "Data Inserted"
            },
            "schema": {
              "type": "object",
              "properties": {
                "message": {
                  "title": "Message",
                  "x-ms-dynamically-added": true,
                  "type": "string"
                }
              }
            }
          }
        },
        "InvClientName": {
          "runAfter": {
            "Initialize_variable_-SP_Failed_flag": [
              "Succeeded"
            ]
          },
          "metadata": {
            "operationMetadataId": "12d3752b-cc93-4038-8802-534f64dd8f2a"
          },
          "type": "InitializeVariable",
          "inputs": {
            "variables": [
              {
                "name": "InvClientName",
                "type": "string",
                "value": "@triggerBody()?['text_16']"
              }
            ]
          }
        },
        "InvFormRecVendorName": {
          "runAfter": {
            "InvClientName": [
              "Succeeded"
            ]
          },
          "metadata": {
            "operationMetadataId": "21c7b629-e1d4-4dd9-866c-a16748aecdb2"
          },
          "type": "InitializeVariable",
          "inputs": {
            "variables": [
              {
                "name": "InvFormRecVendorName",
                "type": "string",
                "value": "@triggerBody()?['text_15']"
              }
            ]
          }
        },
        "InvPDFText": {
          "runAfter": {
            "InvFormRecVendorName": [
              "Succeeded"
            ]
          },
          "metadata": {
            "operationMetadataId": "90219517-a220-4b32-96d0-d35d090e76fe"
          },
          "type": "InitializeVariable",
          "inputs": {
            "variables": [
              {
                "name": "InvPDFText",
                "type": "string",
                "value": "@triggerBody()?['text_6']"
              }
            ]
          }
        },
        "ISDuplicate": {
          "runAfter": {
            "Message_for_SP": [
              "Succeeded"
            ]
          },
          "metadata": {
            "operationMetadataId": "5a840bda-167b-4cd3-b5b7-97f47a95d9fc"
          },
          "type": "Compose",
          "inputs": "@if(equals(triggerBody()['boolean_1'], true),true,false)\r\n"
        },
        "ISInvoice": {
          "runAfter": {
            "ISDuplicate": [
              "Succeeded"
            ]
          },
          "metadata": {
            "operationMetadataId": "c5cd43af-b65d-4d39-94f9-cb405f447298"
          },
          "type": "Compose",
          "inputs": "@if(equals(triggerBody()['boolean'], true),true,false)"
        },
        "Message_for_SP": {
          "runAfter": {
            "InvPDFText": [
              "Succeeded"
            ]
          },
          "metadata": {
            "operationMetadataId": "fb7d7afd-f0dd-4f29-a58f-5f1f5d8f0db3"
          },
          "type": "InitializeVariable",
          "inputs": {
            "variables": [
              {
                "name": "Message",
                "type": "string",
                "value": " "
              }
            ]
          }
        },
        "SenderEmail": {
          "runAfter": {
            "ISInvoice": [
              "Succeeded"
            ]
          },
          "metadata": {
            "operationMetadataId": "dd6d656b-2dbc-4f9b-8ca3-0ba096c64c80"
          },
          "type": "InitializeVariable",
          "inputs": {
            "variables": [
              {
                "name": "SenderEmail",
                "type": "string",
                "value": "@triggerBody()?['text_23']"
              }
            ]
          }
        },
        "Scope_Try": {
          "actions": {
            "Insert_data_into_invoice_master_if_not_present": {
              "actions": {
                "Message": {
                  "runAfter": {},
                  "metadata": {
                    "operationMetadataId": "5f4efb9d-e2bb-4869-af3d-a2b2228e4e6c"
                  },
                  "type": "Compose",
                  "inputs": "Record already present in Invoice Master"
                },
                "Run_a_Child_Flow_-_Log_an_Event_3": {
                  "runAfter": {
                    "Message": [
                      "Succeeded",
                      "Failed",
                      "Skipped",
                      "TimedOut"
                    ]
                  },
                  "metadata": {
                    "operationMetadataId": "2b9cfa8e-0ab4-4083-b254-d3494582a985"
                  },
                  "type": "Workflow",
                  "inputs": {
                    "host": {
                      "workflowReferenceName": "423112eb-8800-ef11-a1fd-6045bd0855fb"
                    },
                    "body": {
                      "text": "@workflow()?['tags']?['flowDisplayName']",
                      "text_1": "@triggerBody()['text_7']",
                      "text_2": "Insert Data To SQL",
                      "text_3": "If yes:  Record already present in Invoice Master",
                      "text_4": "@triggerBody()['number']"
                    }
                  }
                }
              },
              "runAfter": {},
              "else": {
                "actions": {
                  "Execute_stored_procedure_Insert_date_into_invoice_Master": {
                    "runAfter": {},
                    "metadata": {
                      "operationMetadataId": "c6e2adb1-0048-49b2-867a-25b26f96a7e8"
                    },
                    "type": "OpenApiConnection",
                    "inputs": {
                      "host": {
                        "connectionName": "shared_sql_2",
                        "operationId": "ExecuteProcedure_V2",
                        "apiId": "/providers/Microsoft.PowerApps/apis/shared_sql"
                      },
                      "parameters": {
                        "server": "@parameters('[USA-AP-OOH]SQLServerName (apdig_USAAPOOHSQLServerName)')",
                        "database": "@parameters('[USA-AP-OOH]SQLDatabaseName (apdig_USAAPOOHSQLDatabaseName)')",
                        "procedure": "[dbo].[SP_OOH_InsertData_InvMaster]",
                        "parameters/InvAgencyID": "@int(triggerBody()['number_2'])",
                        "parameters/InvAmount": "@triggerBody()['text_4']",
                        "parameters/InvDate": "@formatDateTime(triggerBody()['text'],'yyyy-MM-ddTHH:mm:ssZ')",
                        "parameters/InvFileName": "@triggerBody()['text_1']",
                        "parameters/InvInsertionDate": "@formatDateTime(utcNow(),'yyyy-MM-ddTHH:mm:ssZ')",
                        "parameters/InvNum": "@triggerBody()['text_2']",
                        "parameters/InvSenderEmail": "@variables('SenderEmail')",
                        "parameters/InvVendorID": "@triggerBody()['number_1']"
                      },
                      "retryPolicy": {
                        "type": "fixed",
                        "count": 3,
                        "interval": "PT30S"
                      },
                      "authentication": "@parameters('$authentication')"
                    },
                    "description": "The retry interval is set to 3"
                  },
                  "Run_a_Child_Flow_-_Log_an_Event_4": {
                    "runAfter": {
                      "Execute_stored_procedure_Insert_date_into_invoice_Master": [
                        "Succeeded",
                        "Failed",
                        "Skipped",
                        "TimedOut"
                      ]
                    },
                    "metadata": {
                      "operationMetadataId": "2f2f8057-bdf1-4bbc-9bef-d876ae1e6873"
                    },
                    "type": "Workflow",
                    "inputs": {
                      "host": {
                        "workflowReferenceName": "423112eb-8800-ef11-a1fd-6045bd0855fb"
                      },
                      "body": {
                        "text": "@workflow()?['tags']?['flowDisplayName']",
                        "text_1": "@triggerBody()['text_7']",
                        "text_2": "Insert Data To SQL",
                        "text_3": "If no: Stored procedure [dbo].[SP_OOH_InsertData_InvMaster] execution",
                        "text_4": "@triggerBody()['number']"
                      }
                    }
                  }
                }
              },
              "expression": {
                "equals": [
                  "@triggerBody()['boolean_3']",
                  true
                ]
              },
              "metadata": {
                "operationMetadataId": "96717cdb-c23f-4c69-a9f0-e2c5abde7e0e"
              },
              "type": "If"
            },
            "Apply_to_each_2": {
              "foreach": "@outputs('Execute_stored_procedure_insert_to_log_txn')?['body/resultsets/Table1']",
              "actions": {
                "Log_ID_of_Inserted_Record": {
                  "runAfter": {},
                  "metadata": {
                    "operationMetadataId": "f92a5b61-6ccb-434f-aea3-48966f9c5b43"
                  },
                  "type": "Compose",
                  "inputs": "@items('Apply_to_each_2')?['Log_ID']"
                },
                "Execute_stored_procedure_Insert_Into_archive_Table": {
                  "runAfter": {
                    "Log_ID_of_Inserted_Record": [
                      "Succeeded"
                    ]
                  },
                  "metadata": {
                    "operationMetadataId": "b658be04-5d4a-4e14-957b-bd36c286b5f4"
                  },
                  "type": "OpenApiConnection",
                  "inputs": {
                    "host": {
                      "connectionName": "shared_sql_2",
                      "operationId": "ExecuteProcedure_V2",
                      "apiId": "/providers/Microsoft.PowerApps/apis/shared_sql"
                    },
                    "parameters": {
                      "server": "@parameters('[USA-AP-OOH]SQLServerName (apdig_USAAPOOHSQLServerName)')",
                      "database": "@parameters('[USA-AP-OOH]SQLDatabaseName (apdig_USAAPOOHSQLDatabaseName)')",
                      "procedure": "[dbo].[SP_OOH_InsertData_RecordUpdateDetails_Arch]",
                      "parameters/Msg": "@variables('Message')",
                      "parameters/RU_Dets_Agency_ID": "@triggerBody()['number_2']",
                      "parameters/RU_Dets_Client_Name": "@variables('InvClientName')",
                      "parameters/RU_Dets_Invoice_Amount": "@triggerBody()['text_4']",
                      "parameters/RU_Dets_Invoice_Date": "@triggerBody()['text']",
                      "parameters/RU_Dets_Invoice_Number": "@triggerBody()['text_2']",
                      "parameters/RU_Dets_UpdatedDate": "@formatDateTime(utcnow(), 'yyyy-MM-ddTHH:mm:ssZ')",
                      "parameters/RU_Dets_UpdateReason_ID": 35,
                      "parameters/RU_Dets_Vendor_ID": "@triggerBody()['number_1']",
                      "parameters/RUDets_LogTxn_ID": "@outputs('Log_ID_of_Inserted_Record')"
                    },
                    "retryPolicy": {
                      "type": "fixed",
                      "count": 3,
                      "interval": "PT30S"
                    },
                    "authentication": "@parameters('$authentication')"
                  },
                  "description": "The retry interval is set to 3"
                }
              },
              "runAfter": {
                "Execute_stored_procedure_insert_to_log_txn": [
                  "Succeeded"
                ]
              },
              "metadata": {
                "operationMetadataId": "478ab48d-7d77-48c7-bab3-8b2fda35be27"
              },
              "type": "Foreach"
            },
            "Execute_stored_procedure_insert_to_log_txn": {
              "runAfter": {
                "Insert_data_into_invoice_master_if_not_present": [
                  "Succeeded"
                ]
              },
              "metadata": {
                "operationMetadataId": "21ce5e37-ce06-4674-8f79-f4830ad10bbc"
              },
              "type": "OpenApiConnection",
              "inputs": {
                "host": {
                  "connectionName": "shared_sql_2",
                  "operationId": "ExecuteProcedure_V2",
                  "apiId": "/providers/Microsoft.PowerApps/apis/shared_sql"
                },
                "parameters": {
                  "server": "@parameters('[USA-AP-OOH]SQLServerName (apdig_USAAPOOHSQLServerName)')",
                  "database": "@parameters('[USA-AP-OOH]SQLDatabaseName (apdig_USAAPOOHSQLDatabaseName)')",
                  "procedure": "[dbo].[SP_OOH_InsertData_LogTxn]",
                  "parameters/InvAdvertiserName": "@triggerBody()['text_24']",
                  "parameters/InvAgencyBillToID": "@triggerBody()['number_4']",
                  "parameters/InvAgencyID": "@triggerBody()['number_2']",
                  "parameters/InvAmount": "@triggerBody()['text_4']",
                  "parameters/InvBillTo": "@triggerBody()['text_21']",
                  "parameters/InvClientName": "@variables('InvClientName')",
                  "parameters/InvContractNo": "@triggerBody()['text_22']",
                  "parameters/InvFAID": "@triggerBody()['number_3']",
                  "parameters/InvFAInterfaceReady": true,
                  "parameters/InvFileName": "@triggerBody()['text_1']",
                  "parameters/InvFormRecVendorName": "@variables('InvFormRecVendorName')",
                  "parameters/InvInsertionDate": "@formatDateTime(utcnow(), 'yyyy-MM-ddTHH:mm:ssZ')",
                  "parameters/InvInvoiceDate": "@triggerBody()['text']",
                  "parameters/InvIsAnInvoice": "@outputs('ISInvoice')",
                  "parameters/InvIsDuplicate": "@outputs('ISDuplicate')",
                  "parameters/InvMOS": "@triggerBody()['text_9']",
                  "parameters/InvNum": "@triggerBody()['text_2']",
                  "parameters/InvPDFText": "@variables('InvPDFText')",
                  "parameters/InvPubCode": "@triggerBody()['text_17']",
                  "parameters/InvPubName": "@triggerBody()['text_18']",
                  "parameters/InvSPFilePath": "@triggerBody()['text_20']",
                  "parameters/InvVendorID": "@triggerBody()['number_1']",
                  "parameters/MailTxnID": "@triggerBody()['number']"
                },
                "retryPolicy": {
                  "type": "fixed",
                  "count": 3,
                  "interval": "PT30S"
                },
                "authentication": "@parameters('$authentication')"
              },
              "description": "The retry interval is set to 3"
            },
            "Apply_to_each": {
              "foreach": "@outputs('Execute_stored_procedure_insert_to_log_txn')?['body/resultsets/Table1']",
              "actions": {
                "Execute_stored_procedure_(V2)": {
                  "runAfter": {},
                  "limit": {
                    "timeout": "PT1H"
                  },
                  "metadata": {
                    "operationMetadataId": "cf9131b1-38f3-4e35-ad7d-ce4450521ac2"
                  },
                  "type": "OpenApiConnection",
                  "inputs": {
                    "host": {
                      "connectionName": "shared_sql_2",
                      "operationId": "ExecuteProcedure_V2",
                      "apiId": "/providers/Microsoft.PowerApps/apis/shared_sql"
                    },
                    "parameters": {
                      "server": "@parameters('[USA-AP-OOH]SQLServerName (apdig_USAAPOOHSQLServerName)')",
                      "database": "@parameters('[USA-AP-OOH]SQLDatabaseName (apdig_USAAPOOHSQLDatabaseName)')",
                      "procedure": "[dbo].[SP_OOH_Matching]",
                      "parameters/In_Log_ID": "@items('Apply_to_each')?['Log_ID']"
                    },
                    "retryPolicy": {
                      "type": "fixed",
                      "count": 3,
                      "interval": "PT30S"
                    },
                    "authentication": "@parameters('$authentication')"
                  },
                  "description": "The retry interval is set to 3"
                },
                "Set_variable": {
                  "runAfter": {
                    "Execute_stored_procedure_(V2)": [
                      "Succeeded"
                    ]
                  },
                  "metadata": {
                    "operationMetadataId": "4ad9ae2b-31f4-4ad9-801f-495657517faf"
                  },
                  "type": "SetVariable",
                  "inputs": {
                    "name": "Message",
                    "value": "@outputs('Execute_stored_procedure_(V2)')?['body/outputparameters/Msg']"
                  }
                }
              },
              "runAfter": {
                "Apply_to_each_2": [
                  "Succeeded"
                ]
              },
              "metadata": {
                "operationMetadataId": "9bf5bcc1-18c4-48fe-bd75-6218264abe14"
              },
              "type": "Foreach"
            },
            "Run_a_Child_Flow_-_Log_an_Event_2": {
              "runAfter": {
                "SP_-_Matching_Failed": [
                  "Succeeded"
                ]
              },
              "metadata": {
                "operationMetadataId": "b8b02f79-11b0-4773-80fd-4da7835b92f8"
              },
              "type": "Workflow",
              "inputs": {
                "host": {
                  "workflowReferenceName": "423112eb-8800-ef11-a1fd-6045bd0855fb"
                },
                "body": {
                  "text": "@workflow()?['tags']?['flowDisplayName']",
                  "text_1": "@triggerBody()['text_7']",
                  "text_2": "Insert Data To SQL",
                  "text_3": "Insert Data To SQL flow ended",
                  "text_4": "@triggerBody()['number']"
                }
              }
            },
            "SP_-_Matching_Failed": {
              "actions": {
                "Set_variable_-_failed_SP": {
                  "runAfter": {},
                  "metadata": {
                    "operationMetadataId": "7cc49ec5-d740-4d06-a265-aea1b0cc071e"
                  },
                  "type": "SetVariable",
                  "inputs": {
                    "name": "SpFailed",
                    "value": "@outputs('Execute_stored_procedure_(V2)')?['body/outputparameters/Msg']"
                  }
                }
              },
              "runAfter": {
                "Apply_to_each": [
                  "Succeeded"
                ]
              },
              "expression": {
                "equals": [
                  "@empty(variables('Message'))",
                  "@false"
                ]
              },
              "metadata": {
                "operationMetadataId": "e9a573fa-e63d-446a-916d-2da719b3e49a"
              },
              "type": "If"
            }
          },
          "runAfter": {
            "SenderEmail": [
              "Succeeded"
            ]
          },
          "metadata": {
            "operationMetadataId": "ca17e4e8-6a00-4c3a-ae08-c846c794144d"
          },
          "type": "Scope"
        },
        "Scope_Catch": {
          "actions": {
            "Run_a_Child_Flow-_Send_Error_Email": {
              "runAfter": {
                "Filter_array_For_Error_Message": [
                  "Succeeded"
                ]
              },
              "metadata": {
                "operationMetadataId": "25ef331a-e730-4dc7-911a-cb8b4dfe31d4"
              },
              "type": "Workflow",
              "inputs": {
                "host": {
                  "workflowReferenceName": "46c1869c-8800-ef11-a1fd-000d3a5ce899"
                },
                "body": {
                  "text": "@string(body('Filter_array_For_Error_Message'))",
                  "text_1": "@{string(triggerBody()?['number'])}",
                  "text_2": "@triggerBody()['text_7']",
                  "text_3": "@workflow().tags.flowDisplayName",
                  "text_4": "@variables('ChildWorkflowURL')"
                }
              }
            },
            "Run_a_Child_Flow-_Update_MailTxn_Table": {
              "runAfter": {
                "Run_a_Child_Flow-_Send_Error_Email": [
                  "Succeeded",
                  "Failed",
                  "Skipped",
                  "TimedOut"
                ]
              },
              "metadata": {
                "operationMetadataId": "acce251b-754b-478a-b9d7-2651c4ad6beb"
              },
              "type": "Workflow",
              "inputs": {
                "host": {
                  "workflowReferenceName": "7a79d7db-8800-ef11-a1fd-6045bd0855fb"
                },
                "body": {
                  "text": "@workflow().tags.flowDisplayName",
                  "text_1": "@triggerBody()['text_7']",
                  "text_2": "@{string(triggerBody()?['number'])}",
                  "boolean": false
                }
              }
            },
            "Run_a_Child_Flow-_Insert_Into_NoExtTxn_Table": {
              "runAfter": {
                "Run_a_Child_Flow-_Update_MailTxn_Table": [
                  "Succeeded",
                  "Failed",
                  "Skipped",
                  "TimedOut"
                ]
              },
              "metadata": {
                "operationMetadataId": "7d7bd1e5-bf43-4a92-9b43-62eca2a3599e"
              },
              "type": "Workflow",
              "inputs": {
                "host": {
                  "workflowReferenceName": "f5815dbb-8800-ef11-a1fd-6045bd0855fb"
                },
                "body": {
                  "text_2": "Failed: @{workflow().tags.flowDisplayName} : @{body('Run_a_Child_Flow-_Send_Error_Email')?['error_action']}",
                  "text_3": "@workflow().tags.flowDisplayName",
                  "text_8": "@string(triggerBody()?['number'])",
                  "text_9": "@triggerBody()['text_7']",
                  "text_12": "NA",
                  "text_13": "@variables('SenderEmail')",
                  "text": "NA",
                  "text_1": "NA",
                  "text_4": "NA",
                  "text_5": "NA",
                  "text_6": "NA",
                  "text_7": "NA",
                  "text_10": "NA",
                  "text_11": "NA",
                  "text_14": "NA",
                  "text_15": "NA",
                  "text_16": "NA"
                }
              }
            },
            "Send_an_email_(V2)": {
              "runAfter": {
                "Run_a_Child_Flow-_Insert_Into_NoExtTxn_Table": [
                  "TimedOut"
                ]
              },
              "metadata": {
                "operationMetadataId": "debbedb6-000a-4c32-a63e-dc4a9ef1c562"
              },
              "type": "OpenApiConnection",
              "inputs": {
                "host": {
                  "connectionName": "shared_office365",
                  "operationId": "SendEmailV2",
                  "apiId": "/providers/Microsoft.PowerApps/apis/shared_office365"
                },
                "parameters": {
                  "emailMessage/To": "@parameters('[USA-AP-OOH]ErrorMailToEmails (apdig_USAAPOOHErrorMailToEmails)')",
                  "emailMessage/Subject": "Error Logging Failed : Insert Data SQL",
                  "emailMessage/Body": "<p><strong>Email Transaction ID :</strong> @{triggerBody()['number']}<br>\n<br>\n\n<style>\ntable {\nwidth: 100%;\nborder-collapse: collapse;\n}\nth, td {\nborder: 1px solid #dddddd;\ntext-align: left;\npadding: 8px;\n}\nth {\nbackground-color: #f2f2f2;\n}\ntr:nth-child(even) {\nbackground-color: #f2f2f2;\n}\n</style>\n\n<table>\n<thead>\n<tr>\n<th>Action</th>\n<th>Status</th>\n<th>Error Message</th>\n</tr>\n</thead>\n<tbody>\n<tr>\n<td>@{body('Run_a_Child_Flow-_Send_Error_Email')?['error_action']}</td>\n<td>Failed</td>\n<td>@{body('Run_a_Child_Flow-_Send_Error_Email')?['error_details']}</td>\n</tr>\n</table>\n<br>\n<strong>Work Flow Link:&nbsp;</strong><a href='@{triggerBody()['text_7']}'>Check Flow Run</a>\n<br>\n<br>\n\n************ This is system generated email, Please do not reply ************\n</p> ",
                  "emailMessage/Importance": "High"
                },
                "authentication": {
                  "type": "Raw",
                  "value": "@json(decodeBase64(triggerOutputs().headers['X-MS-APIM-Tokens']))['$ConnectionKey']"
                },
                "retryPolicy": {
                  "type": "fixed",
                  "count": 3,
                  "interval": "PT30S"
                }
              },
              "description": "The retry interval is set to 3"
            },
            "Terminate": {
              "runAfter": {
                "Run_a_Child_Flow_-_Log_an_Exception": [
                  "Succeeded",
                  "Failed",
                  "Skipped",
                  "TimedOut"
                ]
              },
              "metadata": {
                "operationMetadataId": "19b701b8-9679-40c6-9dad-595294f24336"
              },
              "type": "Terminate",
              "inputs": {
                "runStatus": "Failed",
                "runError": {
                  "code": "P-EX-05"
                }
              }
            },
            "Filter_array_For_Error_Message": {
              "runAfter": {},
              "metadata": {
                "operationMetadataId": "cb066039-f619-47e7-b5d2-0a1254bc734c"
              },
              "type": "Query",
              "inputs": {
                "from": "@result('Scope_Try')",
                "where": "@or(equals(item()?['Status'], 'Failed'), equals(item()?['Status'], 'TimedOut'))"
              }
            },
            "Run_a_Child_Flow_-_Log_an_Exception": {
              "runAfter": {
                "Send_an_email_(V2)": [
                  "Succeeded",
                  "TimedOut",
                  "Skipped",
                  "Failed"
                ]
              },
              "metadata": {
                "operationMetadataId": "4bfdcfbc-7e40-4e3b-ab58-da4bc5dd88ae"
              },
              "type": "Workflow",
              "inputs": {
                "host": {
                  "workflowReferenceName": "44ff66c8-8800-ef11-a1fd-6045bd0855fb"
                },
                "body": {
                  "text": "@workflow()?['tags']?['flowDisplayName']",
                  "text_1": "@triggerBody()['text_7']",
                  "text_2": "Not available",
                  "text_3": "Not available",
                  "text_4": "Stored procedure execution failed.",
                  "text_6": "@triggerBody()['number']",
                  "text_5": "@workflow()['ID']"
                }
              }
            }
          },
          "runAfter": {
            "Scope_Try": [
              "TimedOut",
              "Skipped",
              "Failed"
            ]
          },
          "metadata": {
            "operationMetadataId": "2e5dfd51-df62-49f9-8fc6-f2a9de121303"
          },
          "type": "Scope"
        },
        "Run_a_Child_Flow_-_Log_an_Event": {
          "runAfter": {},
          "metadata": {
            "operationMetadataId": "43661f1c-4318-4733-babc-89eb32e69036"
          },
          "type": "Workflow",
          "inputs": {
            "host": {
              "workflowReferenceName": "423112eb-8800-ef11-a1fd-6045bd0855fb"
            },
            "body": {
              "text": "@workflow()?['tags']?['flowDisplayName']",
              "text_1": "@triggerBody()['text_7']",
              "text_2": "Insert Data To SQL",
              "text_3": "Insert Data To SQL flow started",
              "text_4": "@triggerBody()['number']"
            }
          }
        },
        "Initialize_variable_-_ChildWorkflowURL": {
          "runAfter": {
            "Run_a_Child_Flow_-_Log_an_Event": [
              "Succeeded"
            ]
          },
          "metadata": {
            "operationMetadataId": "c0ad8c24-9b7e-439c-921d-59a5d25b2cd9"
          },
          "type": "InitializeVariable",
          "inputs": {
            "variables": [
              {
                "name": "ChildWorkflowURL",
                "type": "string",
                "value": "@{concat('https://make.powerautomate.com/environments/', workflow()?['tags']['environmentName'], '/flows/', workflow()?['name'], '/runs/', workflow()?['run']['name'])}"
              }
            ]
          }
        },
        "Initialize_variable_-SP_Failed_flag": {
          "runAfter": {
            "Initialize_variable_-_ChildWorkflowURL": [
              "Succeeded"
            ]
          },
          "metadata": {
            "operationMetadataId": "c0ad8c24-9b7e-439c-921d-59a5d25b2cd9"
          },
          "type": "InitializeVariable",
          "inputs": {
            "variables": [
              {
                "name": "SpFailed",
                "type": "boolean",
                "value": "@true"
              }
            ]
          }
        }
      }
    },
    "templateName": ""
  },
  "schemaVersion": "1.0.0.0"
}