{
  "properties": {
    "connectionReferences": {
      "shared_sql_1": {
        "runtimeSource": "embedded",
        "connection": {
          "connectionReferenceLogicalName": "apdig_sharedsql_711e5"
        },
        "api": {
          "name": "shared_sql"
        }
      },
      "shared_office365_1": {
        "runtimeSource": "embedded",
        "connection": {
          "connectionReferenceLogicalName": "apdig_sharedoffice365_c2e78"
        },
        "api": {
          "name": "shared_office365"
        }
      }
    },
    "definition": {
      "$schema": "https://schema.management.azure.com/providers/Microsoft.Logic/schemas/2016-06-01/workflowdefinition.json#",
      "contentVersion": "1.0.0.0",
      "parameters": {
        "$connections": {
          "defaultValue": {},
          "type": "Object"
        },
        "$authentication": {
          "defaultValue": {},
          "type": "SecureObject"
        },
        "[USA-AP-OOH]SQLServerName (apdig_USAAPOOHSQLServerName)": {
          "defaultValue": "eussqsvgrmusafinance01.database.windows.net",
          "type": "String",
          "metadata": {
            "schemaName": "apdig_USAAPOOHSQLServerName",
            "description": "OOH DB Server Name"
          }
        },
        "[USA-AP-OOH]SQLDatabaseName (apdig_USAAPOOHSQLDatabaseName)": {
          "defaultValue": "eussqdbgrmusaapoohdev01",
          "type": "String",
          "metadata": {
            "schemaName": "apdig_USAAPOOHSQLDatabaseName",
            "description": "SQL DB Name for OOH"
          }
        },
        "[USA-AP-OOH]ErrorMailToEmails (apdig_USAAPOOHErrorMailToEmails)": {
          "defaultValue": "vishaljagta@cybage.com;rohitpaw@cybage.com;souravra@cybage.com;nikhilkumars@cybage.com;apurvakun@cybage.com",
          "type": "String",
          "metadata": {
            "schemaName": "apdig_USAAPOOHErrorMailToEmails"
          }
        }
      },
      "triggers": {
        "manual": {
          "metadata": {
            "operationMetadataId": "46f9eab8-b7e7-4909-b24e-883154da0460"
          },
          "type": "Request",
          "kind": "Button",
          "inputs": {
            "schema": {
              "type": "object",
              "properties": {
                "text": {
                  "title": "InvoiceNumber",
                  "type": "string",
                  "x-ms-dynamically-added": true,
                  "description": "Please enter your input",
                  "x-ms-content-hint": "TEXT"
                },
                "text_1": {
                  "title": "InvoiceAmount",
                  "type": "string",
                  "x-ms-dynamically-added": true,
                  "description": "Please enter your input",
                  "x-ms-content-hint": "TEXT"
                },
                "number": {
                  "title": "AgencyID",
                  "type": "number",
                  "x-ms-dynamically-added": true,
                  "description": "Please enter a number",
                  "x-ms-content-hint": "NUMBER"
                },
                "number_1": {
                  "title": "VendorID",
                  "type": "number",
                  "x-ms-dynamically-added": true,
                  "description": "Please enter a number",
                  "x-ms-content-hint": "NUMBER"
                },
                "text_2": {
                  "title": "InvoiceFileName",
                  "type": "string",
                  "x-ms-dynamically-added": true,
                  "description": "Please enter your input",
                  "x-ms-content-hint": "TEXT"
                },
                "text_3": {
                  "title": "InvoiceSenderEmail",
                  "type": "string",
                  "x-ms-dynamically-added": true,
                  "description": "Please enter your input",
                  "x-ms-content-hint": "TEXT"
                },
                "text_4": {
                  "title": "FlowURL",
                  "type": "string",
                  "x-ms-dynamically-added": true,
                  "description": "Please enter your input",
                  "x-ms-content-hint": "TEXT"
                },
                "number_2": {
                  "title": "MailTxnID",
                  "type": "number",
                  "x-ms-dynamically-added": true,
                  "description": "Please enter a number",
                  "x-ms-content-hint": "NUMBER"
                }
              },
              "required": [
                "text",
                "text_1",
                "number",
                "number_1",
                "text_2",
                "text_3",
                "text_4",
                "number_2"
              ]
            }
          }
        }
      },
      "actions": {
        "IS_Duplicate": {
          "runAfter": {
            "Initialize_variable_-_ChildWorkflowURL": [
              "Succeeded"
            ]
          },
          "metadata": {
            "operationMetadataId": "52f7d3e5-aa30-48d5-a15f-65ad608bd26d"
          },
          "type": "InitializeVariable",
          "inputs": {
            "variables": [
              {
                "name": "IS_Duplicate",
                "type": "boolean",
                "value": false
              }
            ]
          }
        },
        "IS_Present_in_INVMaster": {
          "runAfter": {
            "IS_Duplicate": [
              "Succeeded"
            ]
          },
          "metadata": {
            "operationMetadataId": "5398c6f2-d579-4324-a603-3ec88be447a8"
          },
          "type": "InitializeVariable",
          "inputs": {
            "variables": [
              {
                "name": "IS Present in INVMaster",
                "type": "boolean",
                "value": false
              }
            ]
          }
        },
        "RepCodesForMatchRecords": {
          "runAfter": {
            "IS_Present_in_INVMaster": [
              "Succeeded"
            ]
          },
          "metadata": {
            "operationMetadataId": "726049d1-dd16-4066-8f92-04a7c8e97278"
          },
          "type": "InitializeVariable",
          "inputs": {
            "variables": [
              {
                "name": "RepCodesForMatchRecords",
                "type": "array"
              }
            ]
          }
        },
        "CurrentVendorRepCode": {
          "runAfter": {
            "RepCodesForMatchRecords": [
              "Succeeded"
            ]
          },
          "metadata": {
            "operationMetadataId": "9c1d5bbc-5d36-40cd-95f2-41f6b7786d73"
          },
          "type": "InitializeVariable",
          "inputs": {
            "variables": [
              {
                "name": "CurrentVendorRepCode",
                "type": "string"
              }
            ]
          }
        },
        "Respond_to_a_PowerApp_or_flow": {
          "runAfter": {
            "Run_a_Child_Flow_-_Log_an_Event_2": [
              "Succeeded",
              "Failed",
              "TimedOut",
              "Skipped"
            ]
          },
          "metadata": {
            "operationMetadataId": "0db3067b-ec66-4305-95bc-c2233f4dcab0"
          },
          "type": "Response",
          "kind": "PowerApp",
          "inputs": {
            "statusCode": 200,
            "body": {
              "is_duplicate": "@variables('IS_Duplicate')",
              "is_present_in_inv_master": "@variables('IS Present in INVMaster')"
            },
            "schema": {
              "type": "object",
              "properties": {
                "is_duplicate": {
                  "title": "Is_Duplicate",
                  "x-ms-dynamically-added": true,
                  "type": "boolean"
                },
                "is_present_in_inv_master": {
                  "title": "Is_Present_In_Inv_Master",
                  "x-ms-dynamically-added": true,
                  "type": "boolean"
                }
              }
            }
          }
        },
        "Inv_Amount": {
          "runAfter": {
            "CurrentVendorRepCode": [
              "Succeeded"
            ]
          },
          "metadata": {
            "operationMetadataId": "7ad4d33a-da45-420f-b3ad-161cfb284d9f"
          },
          "type": "InitializeVariable",
          "inputs": {
            "variables": [
              {
                "name": "Inv_Amount",
                "type": "string",
                "value": "@{replace(replace(triggerBody()['text_1'], ',', ''), '$', '')\r\n}"
              }
            ]
          }
        },
        "Try": {
          "actions": {
            "Condition_For_Valid_Extraction_of_Invoice_Number": {
              "actions": {
                "Set_variable_IS_Duplicate": {
                  "runAfter": {},
                  "metadata": {
                    "operationMetadataId": "463722bb-7f05-44b5-9359-1f5ed37073a3"
                  },
                  "type": "SetVariable",
                  "inputs": {
                    "name": "IS_Duplicate",
                    "value": "@false"
                  }
                },
                "Set_variable_IS_present_in_INVMaster": {
                  "runAfter": {
                    "Set_variable_IS_Duplicate": [
                      "Succeeded"
                    ]
                  },
                  "metadata": {
                    "operationMetadataId": "e74be028-5aa1-4f07-b305-5426dd3873fe"
                  },
                  "type": "SetVariable",
                  "inputs": {
                    "name": "IS Present in INVMaster",
                    "value": "@false"
                  }
                },
                "Run_a_Child_Flow_-_Log_an_Event_5": {
                  "runAfter": {
                    "Set_variable_IS_present_in_INVMaster": [
                      "Succeeded"
                    ]
                  },
                  "metadata": {
                    "operationMetadataId": "39e82eb7-434d-4f2a-8b3d-df6ea719e525"
                  },
                  "type": "Workflow",
                  "inputs": {
                    "host": {
                      "workflowReferenceName": "423112eb-8800-ef11-a1fd-6045bd0855fb"
                    },
                    "body": {
                      "text": "@workflow()?['tags']?['flowDisplayName']",
                      "text_1": "@triggerBody()['text_4']",
                      "text_2": "Duplicate Check",
                      "text_3": "If Yes: Set IS_Duplicate @{variables('IS_Duplicate')} and IS Present  in INVMaster @{variables('IS Present in INVMaster')}",
                      "text_4": "@triggerBody()['number_2']"
                    }
                  }
                }
              },
              "runAfter": {},
              "else": {
                "actions": {
                  "Check_count": {
                    "actions": {
                      "check_on_InvNum_InvAmt_AgencyID_VendorID_": {
                        "runAfter": {},
                        "metadata": {
                          "operationMetadataId": "643fdb99-03ad-4bac-8e1d-a7e88227f58f"
                        },
                        "type": "OpenApiConnection",
                        "inputs": {
                          "host": {
                            "connectionName": "shared_sql_1",
                            "operationId": "GetItems_V2",
                            "apiId": "/providers/Microsoft.PowerApps/apis/shared_sql"
                          },
                          "parameters": {
                            "server": "@parameters('[USA-AP-OOH]SQLServerName (apdig_USAAPOOHSQLServerName)')",
                            "database": "@parameters('[USA-AP-OOH]SQLDatabaseName (apdig_USAAPOOHSQLDatabaseName)')",
                            "table": "[dbo].[OOH_Invoice_Master]",
                            "$filter": "Invoice_Number eq '@{triggerBody()['text']}' and Invoice_Amount eq '@{variables('Inv_Amount')}'  and Invoice_Agency_ID eq '@{triggerBody()['number']}' and Invoice_Vendor_ID eq '@{triggerBody()['number_1']}'"
                          },
                          "authentication": {
                            "type": "Raw",
                            "value": "@json(decodeBase64(triggerOutputs().headers['X-MS-APIM-Tokens']))['$ConnectionKey']"
                          },
                          "retryPolicy": {
                            "type": "fixed",
                            "count": 3,
                            "interval": "PT2M"
                          }
                        },
                        "description": "The retry interval is set to 3",
                        "runtimeConfiguration": {
                          "paginationPolicy": {
                            "minimumItemCount": 500
                          }
                        }
                      },
                      "ReturnedRowCount_ON_Vendor_Agency_InvNum_Amount": {
                        "runAfter": {
                          "check_on_InvNum_InvAmt_AgencyID_VendorID_": [
                            "Succeeded"
                          ]
                        },
                        "metadata": {
                          "operationMetadataId": "1e988eb7-6ca8-497a-b735-e04349adc0ca"
                        },
                        "type": "Compose",
                        "inputs": "@length(outputs('check_on_InvNum_InvAmt_AgencyID_VendorID_')?['body/value'])"
                      },
                      "Condition_2": {
                        "actions": {
                          "Duplicate_Record": {
                            "runAfter": {},
                            "metadata": {
                              "operationMetadataId": "86b14ff9-63d5-4ab4-a183-89384a168784"
                            },
                            "type": "SetVariable",
                            "inputs": {
                              "name": "IS_Duplicate",
                              "value": true
                            }
                          },
                          "Is_Present_is_True": {
                            "runAfter": {
                              "Duplicate_Record": [
                                "Succeeded"
                              ]
                            },
                            "metadata": {
                              "operationMetadataId": "2d60702b-df2c-4a21-8a3b-ac6704caa65c"
                            },
                            "type": "SetVariable",
                            "inputs": {
                              "name": "IS Present in INVMaster",
                              "value": true
                            }
                          },
                          "Run_a_Child_Flow_-_Log_an_Event_7": {
                            "runAfter": {
                              "Is_Present_is_True": [
                                "Succeeded"
                              ]
                            },
                            "metadata": {
                              "operationMetadataId": "01580722-3e40-4fe0-bf3d-d77dce52c869"
                            },
                            "type": "Workflow",
                            "inputs": {
                              "host": {
                                "workflowReferenceName": "423112eb-8800-ef11-a1fd-6045bd0855fb"
                              },
                              "body": {
                                "text": "@workflow()?['tags']?['flowDisplayName']",
                                "text_1": "@triggerBody()['text_4']",
                                "text_2": "Duplicate Check ",
                                "text_3": "If no-If yes: Set IS_Duplicate @{variables('IS_Duplicate')} and IS Present  in INVMaster @{variables('IS Present in INVMaster')}",
                                "text_4": "@triggerBody()['number_2']"
                              }
                            }
                          }
                        },
                        "runAfter": {
                          "ReturnedRowCount_ON_Vendor_Agency_InvNum_Amount": [
                            "Succeeded"
                          ]
                        },
                        "else": {
                          "actions": {
                            "New_Record": {
                              "runAfter": {},
                              "metadata": {
                                "operationMetadataId": "c7371b17-9fd2-4206-9223-ef4d0da0d5ee"
                              },
                              "type": "SetVariable",
                              "inputs": {
                                "name": "IS_Duplicate",
                                "value": false
                              }
                            },
                            "Apply_to_each": {
                              "foreach": "@outputs('check_on_InvNum_AgencyID_VendorID')?['body/value']",
                              "actions": {
                                "Compose": {
                                  "runAfter": {},
                                  "metadata": {
                                    "operationMetadataId": "9bd731ed-1b61-4d1a-8323-e476bffdf59b"
                                  },
                                  "type": "Compose",
                                  "inputs": "@items('Apply_to_each')?['Invoice_ID']"
                                },
                                "Update_row_(V2)": {
                                  "runAfter": {
                                    "Compose": [
                                      "Succeeded"
                                    ]
                                  },
                                  "metadata": {
                                    "operationMetadataId": "c77910ee-9109-4d75-852d-17f7b23cff96"
                                  },
                                  "type": "OpenApiConnection",
                                  "inputs": {
                                    "host": {
                                      "connectionName": "shared_sql_1",
                                      "operationId": "PatchItem_V2",
                                      "apiId": "/providers/Microsoft.PowerApps/apis/shared_sql"
                                    },
                                    "parameters": {
                                      "server": "@parameters('[USA-AP-OOH]SQLServerName (apdig_USAAPOOHSQLServerName)')",
                                      "database": "@parameters('[USA-AP-OOH]SQLDatabaseName (apdig_USAAPOOHSQLDatabaseName)')",
                                      "table": "[dbo].[OOH_Invoice_Master]",
                                      "id": "@items('Apply_to_each')?['Invoice_ID']",
                                      "item/Invoice_Cease_Date": "@formatDateTime(utcNow(),'yyyy-MM-dd')"
                                    },
                                    "authentication": {
                                      "type": "Raw",
                                      "value": "@json(decodeBase64(triggerOutputs().headers['X-MS-APIM-Tokens']))['$ConnectionKey']"
                                    },
                                    "retryPolicy": {
                                      "type": "fixed",
                                      "count": 3,
                                      "interval": "PT2M"
                                    }
                                  },
                                  "description": "The retry interval is set to 3"
                                }
                              },
                              "runAfter": {
                                "Run_a_Child_Flow_-_Log_an_Event_8": [
                                  "Succeeded"
                                ]
                              },
                              "metadata": {
                                "operationMetadataId": "61e5513c-a5bf-4f9a-8a00-38b7bbb16c17"
                              },
                              "type": "Foreach"
                            },
                            "Is_Present_is_false": {
                              "runAfter": {
                                "New_Record": [
                                  "Succeeded"
                                ]
                              },
                              "metadata": {
                                "operationMetadataId": "1e33060b-bfef-4f96-b2f4-27c49f57d3f3"
                              },
                              "type": "SetVariable",
                              "inputs": {
                                "name": "IS Present in INVMaster",
                                "value": false
                              }
                            },
                            "Run_a_Child_Flow_-_Log_an_Event_8": {
                              "runAfter": {
                                "Is_Present_is_false": [
                                  "Succeeded"
                                ]
                              },
                              "metadata": {
                                "operationMetadataId": "1d683c35-4e16-4b0d-b2fa-2b44ac8c93c9"
                              },
                              "type": "Workflow",
                              "inputs": {
                                "host": {
                                  "workflowReferenceName": "423112eb-8800-ef11-a1fd-6045bd0855fb"
                                },
                                "body": {
                                  "text": "@workflow()?['tags']?['flowDisplayName']",
                                  "text_1": "@triggerBody()['text_4']",
                                  "text_2": "Duplicate Check ",
                                  "text_3": "If no-If no: Set IS_Duplicate @{variables('IS_Duplicate')} and IS Present  in INVMaster @{variables('IS Present in INVMaster')}",
                                  "text_4": "@triggerBody()['number_2']"
                                }
                              }
                            }
                          }
                        },
                        "expression": {
                          "greater": [
                            "@outputs('ReturnedRowCount_ON_Vendor_Agency_InvNum_Amount')",
                            0
                          ]
                        },
                        "metadata": {
                          "operationMetadataId": "e54f0acf-95f6-4531-8a32-fba0f047da76"
                        },
                        "type": "If"
                      }
                    },
                    "runAfter": {
                      "Run_a_Child_Flow_-_Log_an_Event_6": [
                        "Succeeded"
                      ]
                    },
                    "else": {
                      "actions": {
                        "check_on_InvNum_InvAmt_": {
                          "runAfter": {},
                          "metadata": {
                            "operationMetadataId": "643fdb99-03ad-4bac-8e1d-a7e88227f58f"
                          },
                          "type": "OpenApiConnection",
                          "inputs": {
                            "host": {
                              "connectionName": "shared_sql_1",
                              "operationId": "GetItems_V2",
                              "apiId": "/providers/Microsoft.PowerApps/apis/shared_sql"
                            },
                            "parameters": {
                              "server": "@parameters('[USA-AP-OOH]SQLServerName (apdig_USAAPOOHSQLServerName)')",
                              "database": "@parameters('[USA-AP-OOH]SQLDatabaseName (apdig_USAAPOOHSQLDatabaseName)')",
                              "table": "[dbo].[OOH_Invoice_Master]",
                              "$filter": "Invoice_Number eq '@{triggerBody()['text']}'  and Invoice_Amount eq '@{variables('Inv_Amount')}'"
                            },
                            "authentication": {
                              "type": "Raw",
                              "value": "@json(decodeBase64(triggerOutputs().headers['X-MS-APIM-Tokens']))['$ConnectionKey']"
                            },
                            "retryPolicy": {
                              "type": "fixed",
                              "count": 3,
                              "interval": "PT2M"
                            }
                          },
                          "description": "The retry interval is set to 3",
                          "runtimeConfiguration": {
                            "paginationPolicy": {
                              "minimumItemCount": 500
                            }
                          }
                        },
                        "ReturnedRowCount_ON_InvNum_and_InvAmt": {
                          "runAfter": {
                            "Compose_3": [
                              "Succeeded"
                            ]
                          },
                          "metadata": {
                            "operationMetadataId": "a22aec5a-6f7e-4edd-a3e1-4af81f374eaf"
                          },
                          "type": "Compose",
                          "inputs": "@length(outputs('check_on_InvNum_InvAmt_')?['body/value'])"
                        },
                        "Check_count_from_inv_number_and_inv_amount": {
                          "actions": {
                            "New_Entry_in_Invoice_master_with_new_vendorID_and_AgnecyID": {
                              "runAfter": {
                                "_Duplicate_as_match_on_RepCode": [
                                  "Succeeded"
                                ]
                              },
                              "metadata": {
                                "operationMetadataId": "3b405264-fcb5-4351-8139-c5486395c475"
                              },
                              "type": "SetVariable",
                              "inputs": {
                                "name": "IS Present in INVMaster",
                                "value": "@true"
                              }
                            },
                            "_Duplicate_as_match_on_RepCode": {
                              "runAfter": {},
                              "metadata": {
                                "operationMetadataId": "eae358b0-e595-48b3-bded-6fae1f68ded3"
                              },
                              "type": "SetVariable",
                              "inputs": {
                                "name": "IS_Duplicate",
                                "value": true
                              }
                            }
                          },
                          "runAfter": {
                            "ReturnedRowCount_ON_InvNum_and_InvAmt": [
                              "Succeeded"
                            ]
                          },
                          "else": {
                            "actions": {
                              "New": {
                                "runAfter": {},
                                "metadata": {
                                  "operationMetadataId": "fdbcd7f7-5c4b-4197-acc5-d838e3da948c"
                                },
                                "type": "SetVariable",
                                "inputs": {
                                  "name": "IS_Duplicate",
                                  "value": false
                                }
                              },
                              "is_Present_false": {
                                "runAfter": {
                                  "New": [
                                    "Succeeded"
                                  ]
                                },
                                "metadata": {
                                  "operationMetadataId": "99df7750-266a-4864-87c6-5dbe90b99f4d"
                                },
                                "type": "SetVariable",
                                "inputs": {
                                  "name": "IS Present in INVMaster",
                                  "value": false
                                }
                              }
                            }
                          },
                          "expression": {
                            "greater": [
                              "@outputs('ReturnedRowCount_ON_InvNum_and_InvAmt')",
                              0
                            ]
                          },
                          "metadata": {
                            "operationMetadataId": "6deba934-1b96-4d76-9c04-661168cc457f"
                          },
                          "type": "If"
                        },
                        "Compose_3": {
                          "runAfter": {
                            "check_on_InvNum_InvAmt_": [
                              "Succeeded"
                            ]
                          },
                          "metadata": {
                            "operationMetadataId": "edc89199-36eb-4e14-a484-6d97b035be8d"
                          },
                          "type": "Compose",
                          "inputs": "@outputs('check_on_InvNum_InvAmt_')?['body/value']"
                        }
                      }
                    },
                    "expression": {
                      "and": [
                        {
                          "not": {
                            "equals": [
                              "@int(outputs('ReturnedRowCount_ON_VendorAgencyInvNum'))",
                              "@null"
                            ]
                          }
                        },
                        {
                          "greater": [
                            "@int(outputs('ReturnedRowCount_ON_VendorAgencyInvNum'))",
                            0
                          ]
                        }
                      ]
                    },
                    "metadata": {
                      "operationMetadataId": "c6ac2b67-c282-4ce1-87e6-1fbc5c2cc9da"
                    },
                    "type": "If"
                  },
                  "check_on_InvNum_AgencyID_VendorID": {
                    "runAfter": {},
                    "metadata": {
                      "operationMetadataId": "667ef297-1be1-4d58-b648-86fb887a7486"
                    },
                    "type": "OpenApiConnection",
                    "inputs": {
                      "host": {
                        "connectionName": "shared_sql_1",
                        "operationId": "GetItems_V2",
                        "apiId": "/providers/Microsoft.PowerApps/apis/shared_sql"
                      },
                      "parameters": {
                        "server": "@parameters('[USA-AP-OOH]SQLServerName (apdig_USAAPOOHSQLServerName)')",
                        "database": "@parameters('[USA-AP-OOH]SQLDatabaseName (apdig_USAAPOOHSQLDatabaseName)')",
                        "table": "[dbo].[OOH_Invoice_Master]",
                        "$filter": "Invoice_Number eq '@{triggerBody()['text']}' and Invoice_Agency_ID eq '@{triggerBody()['number']}' and Invoice_Vendor_ID eq '@{triggerBody()['number_1']}'"
                      },
                      "authentication": {
                        "type": "Raw",
                        "value": "@json(decodeBase64(triggerOutputs().headers['X-MS-APIM-Tokens']))['$ConnectionKey']"
                      },
                      "retryPolicy": {
                        "type": "fixed",
                        "count": 3,
                        "interval": "PT2M"
                      }
                    },
                    "description": "The retry interval is set to 3",
                    "runtimeConfiguration": {
                      "paginationPolicy": {
                        "minimumItemCount": 500
                      }
                    }
                  },
                  "ReturnedRowCount_ON_VendorAgencyInvNum": {
                    "runAfter": {
                      "check_on_InvNum_AgencyID_VendorID": [
                        "Succeeded"
                      ]
                    },
                    "metadata": {
                      "operationMetadataId": "7c1be226-1d4f-4f43-881e-5707f6858c5c"
                    },
                    "type": "Compose",
                    "inputs": "@length(outputs('check_on_InvNum_AgencyID_VendorID')?['body/value'])"
                  },
                  "Run_a_Child_Flow_-_Log_an_Event_6": {
                    "runAfter": {
                      "ReturnedRowCount_ON_VendorAgencyInvNum": [
                        "Succeeded"
                      ]
                    },
                    "metadata": {
                      "operationMetadataId": "5cbf842d-56cd-4f4f-a9ac-f7ab513d638c"
                    },
                    "type": "Workflow",
                    "inputs": {
                      "host": {
                        "workflowReferenceName": "423112eb-8800-ef11-a1fd-6045bd0855fb"
                      },
                      "body": {
                        "text": "@workflow()?['tags']?['flowDisplayName']",
                        "text_1": "@triggerBody()['text_4']",
                        "text_2": "Duplicate Check ",
                        "text_3": "If no : Row count on Vendor Agency Inv Num: @{int(outputs('ReturnedRowCount_ON_VendorAgencyInvNum'))}\n",
                        "text_4": "@triggerBody()['number_2']"
                      }
                    }
                  }
                }
              },
              "expression": {
                "contains": [
                  "@toUpper(triggerBody()['text'])",
                  "NOT FOUND"
                ]
              },
              "metadata": {
                "operationMetadataId": "823660bb-956d-499d-a5d4-89cf3e2c31e0"
              },
              "type": "If",
              "description": "Check for valid Invoice number if NOT FOUND then not consider for Duplicate Check"
            },
            "Run_a_Child_Flow_-_Log_an_Event_4": {
              "runAfter": {
                "Condition_For_Valid_Extraction_of_Invoice_Number": [
                  "Succeeded"
                ]
              },
              "metadata": {
                "operationMetadataId": "d07ae6d6-b810-4ae9-8e53-1da1dda3f74a"
              },
              "type": "Workflow",
              "inputs": {
                "host": {
                  "workflowReferenceName": "423112eb-8800-ef11-a1fd-6045bd0855fb"
                },
                "body": {
                  "text": "@workflow()?['tags']?['flowDisplayName']",
                  "text_1": "@triggerBody()['text_4']",
                  "text_2": "Duplicate Check ",
                  "text_3": "Duplicate check Completed for InvoiceNumber: @{triggerBody()['text']} and InvoiceAmount: @{variables('Inv_Amount')} IsDuplicate : @{variables('IS_Duplicate')} Record present in Invocie master: @{variables('IS Present in INVMaster')}",
                  "text_4": "@triggerBody()['number_2']"
                }
              }
            }
          },
          "runAfter": {
            "Run_a_Child_Flow_-_Log_an_Event_3": [
              "Succeeded"
            ]
          },
          "metadata": {
            "operationMetadataId": "a9a81cf1-ab46-490d-996e-2598901a2d52"
          },
          "type": "Scope"
        },
        "Catch": {
          "actions": {
            "Run_a_Child_Flow-_Insert_Into_NoExtTxn_Table_2": {
              "runAfter": {
                "Run_a_Child_Flow-_Update_MailTxn_Table_2": [
                  "Succeeded"
                ]
              },
              "metadata": {
                "operationMetadataId": "7d7bd1e5-bf43-4a92-9b43-62eca2a3599e"
              },
              "type": "Workflow",
              "inputs": {
                "host": {
                  "workflowReferenceName": "f5815dbb-8800-ef11-a1fd-6045bd0855fb"
                },
                "body": {
                  "text_2": "FAILED: @{workflow().tags.flowDisplayName}",
                  "text_3": "@workflow().tags.flowDisplayName",
                  "text_8": "@triggerBody()['number_2']",
                  "text_9": "@triggerBody()['text_4']",
                  "text_12": "Not Availabe",
                  "text_13": "Not Availabe",
                  "text": "NA",
                  "text_1": "NA",
                  "text_4": "NA",
                  "text_5": "NA",
                  "text_6": "NA",
                  "text_7": "NA",
                  "text_10": "NA",
                  "text_11": "NA",
                  "text_14": "NA",
                  "text_15": "NA",
                  "text_16": "NA"
                },
                "retryPolicy": {
                  "type": "none"
                }
              }
            },
            "Send_an_email_(V2)_2": {
              "runAfter": {
                "Run_a_Child_Flow-_Insert_Into_NoExtTxn_Table_2": [
                  "Succeeded"
                ]
              },
              "metadata": {
                "operationMetadataId": "debbedb6-000a-4c32-a63e-dc4a9ef1c562"
              },
              "type": "OpenApiConnection",
              "inputs": {
                "host": {
                  "connectionName": "shared_office365_1",
                  "operationId": "SendEmailV2",
                  "apiId": "/providers/Microsoft.PowerApps/apis/shared_office365"
                },
                "parameters": {
                  "emailMessage/To": "@parameters('[USA-AP-OOH]ErrorMailToEmails (apdig_USAAPOOHErrorMailToEmails)')",
                  "emailMessage/Subject": "Error Logging Failed",
                  "emailMessage/Body": "<p>Error Logging Failed: In Catch Block of Flow- @{workflow().tags.flowDisplayName}<br>\n</p>",
                  "emailMessage/Importance": "High"
                },
                "authentication": {
                  "type": "Raw",
                  "value": "@json(decodeBase64(triggerOutputs().headers['X-MS-APIM-Tokens']))['$ConnectionKey']"
                },
                "retryPolicy": {
                  "type": "fixed",
                  "count": 3,
                  "interval": "PT30S"
                }
              },
              "description": "The retry interval is set to 3"
            },
            "Terminate": {
              "runAfter": {
                "Send_an_email_(V2)_2": [
                  "Succeeded"
                ]
              },
              "metadata": {
                "operationMetadataId": "9203d236-ca8c-4188-8ff2-cfbb2bf053d6"
              },
              "type": "Terminate",
              "inputs": {
                "runStatus": "Failed"
              }
            },
            "Filter_array": {
              "runAfter": {},
              "metadata": {
                "operationMetadataId": "34936917-69f6-44b8-94b0-78d744510c9e"
              },
              "type": "Query",
              "inputs": {
                "from": "@result('Try')",
                "where": "@or(equals(item()?['Status'], 'Failed'),equals(item()?['Status'], 'TimedOut'))"
              }
            },
            "Run_a_Child_Flow-_Update_MailTxn_Table_2": {
              "runAfter": {
                "Run_a_Child_Flow_-_Send_Error_Email": [
                  "Succeeded"
                ]
              },
              "metadata": {
                "operationMetadataId": "acce251b-754b-478a-b9d7-2651c4ad6beb"
              },
              "type": "Workflow",
              "inputs": {
                "host": {
                  "workflowReferenceName": "7a79d7db-8800-ef11-a1fd-6045bd0855fb"
                },
                "body": {
                  "text": "Error Failed : @{workflow().tags.flowDisplayName}",
                  "text_1": "@triggerBody()['text_4']",
                  "text_2": "@triggerBody()['number_2']",
                  "boolean": false
                },
                "retryPolicy": {
                  "type": "none"
                }
              }
            },
            "Compose_ErrorMsg": {
              "runAfter": {
                "Filter_array": [
                  "Succeeded"
                ]
              },
              "metadata": {
                "operationMetadataId": "051bc39e-f567-4e05-91b9-db51dcf16942"
              },
              "type": "Compose",
              "inputs": "@body('Filter_array')"
            },
            "Run_a_Child_Flow_-_Send_Error_Email": {
              "runAfter": {
                "Run_a_Child_Flow_-_Log_an_Excption": [
                  "Succeeded"
                ]
              },
              "metadata": {
                "operationMetadataId": "d187e56f-846e-472c-921b-afd7bbc7b17c"
              },
              "type": "Workflow",
              "inputs": {
                "host": {
                  "workflowReferenceName": "46c1869c-8800-ef11-a1fd-000d3a5ce899"
                },
                "body": {
                  "text": "@string(body('Filter_array'))",
                  "text_1": "@string(triggerBody()['number_2'])",
                  "text_2": "@triggerBody()['text_4']",
                  "text_3": "@workflow()?['tags']?['flowDisplayName']",
                  "text_4": "@variables('ChildWorkflowURL')"
                }
              }
            },
            "Run_a_Child_Flow_-_Log_an_Excption": {
              "runAfter": {
                "Compose_ErrorMsg": [
                  "Succeeded"
                ]
              },
              "metadata": {
                "operationMetadataId": "26bc0399-6a9a-4b04-9beb-84bad95d1dd2"
              },
              "type": "Workflow",
              "inputs": {
                "host": {
                  "workflowReferenceName": "44ff66c8-8800-ef11-a1fd-6045bd0855fb"
                },
                "body": {
                  "text": "@workflow()?['tags']?['flowDisplayName']",
                  "text_1": "@triggerBody()['text_4']",
                  "text_2": "Not Available",
                  "text_3": "Not Available",
                  "text_4": "Error : @{outputs('Compose_ErrorMsg')[0]['outputs']['body']['error']['message']}",
                  "text_6": "@triggerBody()['number_2']",
                  "text_5": "@workflow()['ID']"
                }
              }
            }
          },
          "runAfter": {
            "Try": [
              "Failed",
              "Skipped",
              "TimedOut"
            ]
          },
          "metadata": {
            "operationMetadataId": "b5115ddb-6937-45ee-8d04-641eafb032fa"
          },
          "type": "Scope"
        },
        "Initialize_variable-_ErrorAction": {
          "runAfter": {
            "Inv_Amount": [
              "Succeeded"
            ]
          },
          "metadata": {
            "operationMetadataId": "c592040f-2244-40a3-bb30-7bb8907c2b61"
          },
          "type": "InitializeVariable",
          "inputs": {
            "variables": [
              {
                "name": "ErrorAction",
                "type": "string"
              }
            ]
          }
        },
        "Initialize_variable-_ErrorMsg": {
          "runAfter": {
            "Initialize_variable-_ErrorAction": [
              "Succeeded"
            ]
          },
          "metadata": {
            "operationMetadataId": "390a843f-ae61-413c-9aa8-233ff32945b7"
          },
          "type": "InitializeVariable",
          "inputs": {
            "variables": [
              {
                "name": "ErrorMsg",
                "type": "string"
              }
            ]
          }
        },
        "Run_a_Child_Flow_-_Log_an_Event": {
          "runAfter": {},
          "metadata": {
            "operationMetadataId": "1bd2d0d9-3baf-4f5c-a922-893e40aae476"
          },
          "type": "Workflow",
          "inputs": {
            "host": {
              "workflowReferenceName": "423112eb-8800-ef11-a1fd-6045bd0855fb"
            },
            "body": {
              "text": "@workflow()?['tags']?['flowDisplayName']",
              "text_1": "@triggerBody()['text_4']",
              "text_2": "Duplicate Check ",
              "text_3": "Duplicate Check flow started",
              "text_4": "@triggerBody()['number_2']"
            }
          }
        },
        "Run_a_Child_Flow_-_Log_an_Event_2": {
          "runAfter": {
            "Catch": [
              "Skipped"
            ]
          },
          "metadata": {
            "operationMetadataId": "07f1a467-1af5-4c1a-b45e-ab2bf28d3b29"
          },
          "type": "Workflow",
          "inputs": {
            "host": {
              "workflowReferenceName": "423112eb-8800-ef11-a1fd-6045bd0855fb"
            },
            "body": {
              "text": "@workflow()?['tags']?['flowDisplayName']",
              "text_1": "@triggerBody()['text_4']",
              "text_2": "Duplicate Check ",
              "text_3": "Duplicate Check flow ended",
              "text_4": "@triggerBody()['number_2']"
            }
          }
        },
        "Run_a_Child_Flow_-_Log_an_Event_3": {
          "runAfter": {
            "Initialize_variable-_ErrorMsg": [
              "Succeeded"
            ]
          },
          "metadata": {
            "operationMetadataId": "1062648a-84fe-49e1-a0bc-de4cfda68e9c"
          },
          "type": "Workflow",
          "inputs": {
            "host": {
              "workflowReferenceName": "423112eb-8800-ef11-a1fd-6045bd0855fb"
            },
            "body": {
              "text": "@workflow()?['tags']?['flowDisplayName']",
              "text_1": "@triggerBody()['text_4']",
              "text_2": "Duplicate Check ",
              "text_3": "Duplicate checking for InvoiceNumber: @{triggerBody()['text']} and InvoiceAmount: @{variables('Inv_Amount')}",
              "text_4": "@triggerBody()['number_2']"
            }
          }
        },
        "Initialize_variable_-_ChildWorkflowURL": {
          "runAfter": {
            "Run_a_Child_Flow_-_Log_an_Event": [
              "Succeeded"
            ]
          },
          "metadata": {
            "operationMetadataId": "c0ad8c24-9b7e-439c-921d-59a5d25b2cd9"
          },
          "type": "InitializeVariable",
          "inputs": {
            "variables": [
              {
                "name": "ChildWorkflowURL",
                "type": "string",
                "value": "@{concat('https://make.powerautomate.com/environments/', workflow()?['tags']['environmentName'], '/flows/', workflow()?['name'], '/runs/', workflow()?['run']['name'])}"
              }
            ]
          }
        }
      }
    },
    "templateName": ""
  },
  "schemaVersion": "1.0.0.0"
}