{
  "properties": {
    "connectionReferences": {
      "shared_office365_1": {
        "runtimeSource": "embedded",
        "connection": {
          "connectionReferenceLogicalName": "apdig_sharedoffice365_c2e78"
        },
        "api": {
          "name": "shared_office365"
        }
      },
      "shared_sql_1": {
        "runtimeSource": "embedded",
        "connection": {
          "connectionReferenceLogicalName": "apdig_sharedsql_711e5"
        },
        "api": {
          "name": "shared_sql"
        }
      }
    },
    "definition": {
      "$schema": "https://schema.management.azure.com/providers/Microsoft.Logic/schemas/2016-06-01/workflowdefinition.json#",
      "contentVersion": "1.0.0.0",
      "parameters": {
        "$connections": {
          "defaultValue": {},
          "type": "Object"
        },
        "$authentication": {
          "defaultValue": {},
          "type": "SecureObject"
        },
        "[USA-AP-OOH]SQLServerName (apdig_USAAPOOHSQLServerName)": {
          "defaultValue": "eussqsvgrmusafinance01.database.windows.net",
          "type": "String",
          "metadata": {
            "schemaName": "apdig_USAAPOOHSQLServerName",
            "description": "OOH DB Server Name"
          }
        },
        "[USA-AP-OOH]SQLDatabaseName (apdig_USAAPOOHSQLDatabaseName)": {
          "defaultValue": "eussqdbgrmusaapoohdev01",
          "type": "String",
          "metadata": {
            "schemaName": "apdig_USAAPOOHSQLDatabaseName",
            "description": "SQL DB Name for OOH"
          }
        },
        "[USA-AP-OOH]ErrorMailToEmails (apdig_USAAPOOHErrorMailToEmails)": {
          "defaultValue": "vishaljagta@cybage.com;rohitpaw@cybage.com;souravra@cybage.com;nikhilkumars@cybage.com;apurvakun@cybage.com",
          "type": "String",
          "metadata": {
            "schemaName": "apdig_USAAPOOHErrorMailToEmails"
          }
        }
      },
      "triggers": {
        "manual": {
          "metadata": {
            "operationMetadataId": "e47f0cda-28c6-40f9-b779-4e01592e8e68"
          },
          "type": "Request",
          "kind": "Button",
          "inputs": {
            "schema": {
              "type": "object",
              "properties": {
                "text": {
                  "title": "AdvertiserName",
                  "type": "string",
                  "x-ms-dynamically-added": true,
                  "description": "Please enter your input",
                  "x-ms-content-hint": "TEXT"
                },
                "text_1": {
                  "title": "AmountDue",
                  "type": "string",
                  "x-ms-dynamically-added": true,
                  "description": "Please enter your input",
                  "x-ms-content-hint": "TEXT"
                },
                "text_2": {
                  "title": "Error Description",
                  "type": "string",
                  "x-ms-dynamically-added": true,
                  "description": "Please enter your input",
                  "x-ms-content-hint": "TEXT"
                },
                "text_3": {
                  "title": "Failure Stage",
                  "type": "string",
                  "x-ms-dynamically-added": true,
                  "description": "Please enter your input",
                  "x-ms-content-hint": "TEXT"
                },
                "text_4": {
                  "title": "Filename",
                  "type": "string",
                  "x-ms-dynamically-added": true,
                  "description": "Please enter your input",
                  "x-ms-content-hint": "TEXT"
                },
                "text_5": {
                  "title": "InvoiceAmount",
                  "type": "string",
                  "x-ms-dynamically-added": true,
                  "description": "Please enter your input",
                  "x-ms-content-hint": "TEXT"
                },
                "text_6": {
                  "title": "Invoice Date",
                  "type": "string",
                  "x-ms-dynamically-added": true,
                  "description": "Please enter your input",
                  "x-ms-content-hint": "TEXT"
                },
                "text_7": {
                  "title": "Invoice Number",
                  "type": "string",
                  "x-ms-dynamically-added": true,
                  "description": "Please enter your input",
                  "x-ms-content-hint": "TEXT"
                },
                "text_8": {
                  "title": "Mail Txn ID",
                  "type": "string",
                  "x-ms-dynamically-added": true,
                  "description": "Please enter your input",
                  "x-ms-content-hint": "TEXT"
                },
                "text_9": {
                  "title": "POA Flow URI",
                  "type": "string",
                  "x-ms-dynamically-added": true,
                  "description": "Please enter your input",
                  "x-ms-content-hint": "TEXT"
                },
                "text_10": {
                  "title": "Record Type",
                  "type": "string",
                  "x-ms-dynamically-added": true,
                  "description": "Please enter your input",
                  "x-ms-content-hint": "TEXT"
                },
                "text_11": {
                  "title": "Remittance Address",
                  "type": "string",
                  "x-ms-dynamically-added": true,
                  "description": "Please enter your input",
                  "x-ms-content-hint": "TEXT"
                },
                "text_12": {
                  "title": "Email Send Date",
                  "type": "string",
                  "x-ms-dynamically-added": true,
                  "description": "Please enter your input",
                  "x-ms-content-hint": "TEXT"
                },
                "text_13": {
                  "title": "Sender Email Address",
                  "type": "string",
                  "x-ms-dynamically-added": true,
                  "description": "Please enter your input",
                  "x-ms-content-hint": "TEXT"
                },
                "text_14": {
                  "title": "Tax Amount",
                  "type": "string",
                  "x-ms-dynamically-added": true,
                  "description": "Please enter your input",
                  "x-ms-content-hint": "TEXT"
                },
                "text_15": {
                  "title": "Total Pages",
                  "type": "string",
                  "x-ms-dynamically-added": true,
                  "description": "Please enter your input",
                  "x-ms-content-hint": "TEXT"
                },
                "text_16": {
                  "title": "Vendor Name",
                  "type": "string",
                  "x-ms-dynamically-added": true,
                  "description": "Please enter your input",
                  "x-ms-content-hint": "TEXT"
                }
              },
              "required": [
                "text_2",
                "text_3",
                "text_8",
                "text_9",
                "text_12",
                "text_13"
              ]
            }
          }
        }
      },
      "actions": {
        "Respond_to_a_PowerApp_or_flow": {
          "runAfter": {
            "Condition": [
              "Succeeded"
            ]
          },
          "metadata": {
            "operationMetadataId": "2c30c179-e06e-4af5-8cd1-ebd429792192"
          },
          "type": "Response",
          "kind": "PowerApp",
          "inputs": {
            "statusCode": 200,
            "body": {
              "result": "@{outputs('Execute_stored_procedure_(V2)-_Insert_Into_NoExtTxn_Table')?['body/returncode']}"
            },
            "schema": {
              "type": "object",
              "properties": {
                "result": {
                  "title": "Result",
                  "x-ms-dynamically-added": true,
                  "type": "string"
                }
              }
            }
          }
        },
        "Send_an_email_(V2)": {
          "runAfter": {
            "Execute_stored_procedure_(V2)-_Insert_Into_NoExtTxn_Table": [
              "Failed",
              "TimedOut"
            ]
          },
          "metadata": {
            "operationMetadataId": "fa9887f7-5d5f-4d98-a708-79e65e431a62"
          },
          "type": "OpenApiConnection",
          "inputs": {
            "host": {
              "connectionName": "shared_office365_1",
              "operationId": "SendEmailV2",
              "apiId": "/providers/Microsoft.PowerApps/apis/shared_office365"
            },
            "parameters": {
              "emailMessage/To": "@parameters('[USA-AP-OOH]ErrorMailToEmails (apdig_USAAPOOHErrorMailToEmails)')",
              "emailMessage/Subject": "Failed: Insert SP NoExtractionTxn Table",
              "emailMessage/Body": "<p>Hi Team,<br>\nFlow is terminated, Please check the error.<br>\nPlease check Flow: @{variables('POA Flow URI')},<br>\nDateTime: @{utcNow()}<br>\nError: @{outputs('Execute_stored_procedure_(V2)-_Insert_Into_NoExtTxn_Table')?['body/outputparameters/Msg']}</p>",
              "emailMessage/Importance": "High"
            },
            "authentication": {
              "type": "Raw",
              "value": "@json(decodeBase64(triggerOutputs().headers['X-MS-APIM-Tokens']))['$ConnectionKey']"
            },
            "retryPolicy": {
              "type": "fixed",
              "count": 3,
              "interval": "PT30S"
            }
          },
          "description": "The retry interval is set to 3"
        },
        "Execute_stored_procedure_(V2)-_Insert_Into_NoExtTxn_Table": {
          "runAfter": {
            "Initialize_variable-_Vendor_Name": [
              "Succeeded"
            ]
          },
          "metadata": {
            "operationMetadataId": "d41a8cda-e8ad-4bc3-950b-e8585283bb66"
          },
          "type": "OpenApiConnection",
          "inputs": {
            "host": {
              "connectionName": "shared_sql_1",
              "operationId": "ExecuteProcedure_V2",
              "apiId": "/providers/Microsoft.PowerApps/apis/shared_sql"
            },
            "parameters": {
              "server": "@parameters('[USA-AP-OOH]SQLServerName (apdig_USAAPOOHSQLServerName)')",
              "database": "@parameters('[USA-AP-OOH]SQLDatabaseName (apdig_USAAPOOHSQLDatabaseName)')",
              "procedure": "[dbo].[SP_OOH_InsertData_NoExtractionTxn]"
            },
            "authentication": {
              "type": "Raw",
              "value": "@json(decodeBase64(triggerOutputs().headers['X-MS-APIM-Tokens']))['$ConnectionKey']"
            },
            "retryPolicy": {
              "type": "fixed",
              "count": 3,
              "interval": "PT30S"
            }
          },
          "description": "The retry interval is set to 3"
        },
        "Initialize_variable-_Advertiser_Name": {
          "runAfter": {},
          "metadata": {
            "operationMetadataId": "c1932201-6d67-4c5c-a5fd-8521d2d205c3"
          },
          "type": "InitializeVariable",
          "inputs": {
            "variables": [
              {
                "name": "Advertiser Name",
                "type": "string",
                "value": "@triggerBody()['text']"
              }
            ]
          }
        },
        "Initialize_variable-_Amount_Due": {
          "runAfter": {
            "Initialize_variable-_Advertiser_Name": [
              "Succeeded"
            ]
          },
          "metadata": {
            "operationMetadataId": "0db32d2a-8539-47df-b7bd-775facc5cb92"
          },
          "type": "InitializeVariable",
          "inputs": {
            "variables": [
              {
                "name": "Amount Due",
                "type": "string",
                "value": "@triggerBody()['text_1']"
              }
            ]
          }
        },
        "Initialize_variable-_Error_Description": {
          "runAfter": {
            "Initialize_variable-_Amount_Due": [
              "Succeeded"
            ]
          },
          "metadata": {
            "operationMetadataId": "522e5162-7156-4778-9fc2-c519d50818e0"
          },
          "type": "InitializeVariable",
          "inputs": {
            "variables": [
              {
                "name": "Error Description",
                "type": "string",
                "value": "@triggerBody()['text_2']"
              }
            ]
          }
        },
        "Initialize_variable-_Failure_Stage": {
          "runAfter": {
            "Initialize_variable-_Error_Description": [
              "Succeeded"
            ]
          },
          "metadata": {
            "operationMetadataId": "480894fa-3470-49de-b63f-eba5c56893c4"
          },
          "type": "InitializeVariable",
          "inputs": {
            "variables": [
              {
                "name": "Failure Stage",
                "type": "string",
                "value": "@triggerBody()['text_3']"
              }
            ]
          }
        },
        "Initialize_variable-_Filename": {
          "runAfter": {
            "Initialize_variable-_Failure_Stage": [
              "Succeeded"
            ]
          },
          "metadata": {
            "operationMetadataId": "820e5ec7-03d8-4cc7-bd40-45569447ee8a"
          },
          "type": "InitializeVariable",
          "inputs": {
            "variables": [
              {
                "name": "Filename",
                "type": "string",
                "value": "@triggerBody()['text_4']"
              }
            ]
          }
        },
        "Initialize_variable-_Invoice_Amount": {
          "runAfter": {
            "Initialize_variable-_Filename": [
              "Succeeded"
            ]
          },
          "metadata": {
            "operationMetadataId": "3cc88e9c-569e-4b0f-bcfb-7f181b2b430d"
          },
          "type": "InitializeVariable",
          "inputs": {
            "variables": [
              {
                "name": "Invocie Amount",
                "type": "string",
                "value": "@triggerBody()['text_5']"
              }
            ]
          }
        },
        "Initialize_variable-_Invoice_Date": {
          "runAfter": {
            "Initialize_variable-_Invoice_Amount": [
              "Succeeded"
            ]
          },
          "metadata": {
            "operationMetadataId": "9f190515-7de9-4e42-85dc-3b735962572d"
          },
          "type": "InitializeVariable",
          "inputs": {
            "variables": [
              {
                "name": "Invoice Date",
                "type": "string",
                "value": "@triggerBody()['text_6']"
              }
            ]
          }
        },
        "Initialize_variable-_Invoice_Number": {
          "runAfter": {
            "Initialize_variable-_Invoice_Date": [
              "Succeeded"
            ]
          },
          "metadata": {
            "operationMetadataId": "7ad9c4a3-beb6-4b52-b059-12860b0fcf9c"
          },
          "type": "InitializeVariable",
          "inputs": {
            "variables": [
              {
                "name": "Invoice Number",
                "type": "string",
                "value": "@triggerBody()['text_7']"
              }
            ]
          }
        },
        "Initialize_variable-_Mail_Txn_ID": {
          "runAfter": {
            "Initialize_variable-_Invoice_Number": [
              "Succeeded"
            ]
          },
          "metadata": {
            "operationMetadataId": "07165d01-8687-46a9-bb57-d30fd5209e45"
          },
          "type": "InitializeVariable",
          "inputs": {
            "variables": [
              {
                "name": "Mail Txn ID",
                "type": "string",
                "value": "@triggerBody()['text_8']"
              }
            ]
          }
        },
        "Initialize_variable-_POA_Flow_URI": {
          "runAfter": {
            "Initialize_variable-_Mail_Txn_ID": [
              "Succeeded"
            ]
          },
          "metadata": {
            "operationMetadataId": "8c38e584-ef65-4d15-849b-45b745436d9d"
          },
          "type": "InitializeVariable",
          "inputs": {
            "variables": [
              {
                "name": "POA Flow URI",
                "type": "string",
                "value": "@triggerBody()['text_9']"
              }
            ]
          }
        },
        "Initialize_variable-_Record_Type": {
          "runAfter": {
            "Initialize_variable-_POA_Flow_URI": [
              "Succeeded"
            ]
          },
          "metadata": {
            "operationMetadataId": "b314dbde-f920-44a4-adf5-4bd443954cb9"
          },
          "type": "InitializeVariable",
          "inputs": {
            "variables": [
              {
                "name": "Record Type",
                "type": "string",
                "value": "@triggerBody()['text_10']"
              }
            ]
          }
        },
        "Initialize_variable-_Remittance_Address": {
          "runAfter": {
            "Initialize_variable-_Record_Type": [
              "Succeeded"
            ]
          },
          "metadata": {
            "operationMetadataId": "96d16bc1-7d73-46a0-953a-2d103b004117"
          },
          "type": "InitializeVariable",
          "inputs": {
            "variables": [
              {
                "name": "Remittance Address",
                "type": "string",
                "value": "@triggerBody()['text_11']"
              }
            ]
          }
        },
        "Initialize_variable-_Email_Send_Date": {
          "runAfter": {
            "Initialize_variable-_Remittance_Address": [
              "Succeeded"
            ]
          },
          "metadata": {
            "operationMetadataId": "c659c86a-8030-4a97-9633-a6b7a5d6d496"
          },
          "type": "InitializeVariable",
          "inputs": {
            "variables": [
              {
                "name": "Email Send Date",
                "type": "string",
                "value": "@triggerBody()['text_12']"
              }
            ]
          }
        },
        "Initialize_variable-_Sender_Email_Address": {
          "runAfter": {
            "Initialize_variable-_Email_Send_Date": [
              "Succeeded"
            ]
          },
          "metadata": {
            "operationMetadataId": "66b347db-5bdc-43ca-8c67-2f5e717016fa"
          },
          "type": "InitializeVariable",
          "inputs": {
            "variables": [
              {
                "name": "Sender Email Address",
                "type": "string",
                "value": "@triggerBody()['text_13']"
              }
            ]
          }
        },
        "Initialize_variable-_Tax_Amount": {
          "runAfter": {
            "Initialize_variable-_Sender_Email_Address": [
              "Succeeded"
            ]
          },
          "metadata": {
            "operationMetadataId": "8ff537f6-3004-4c63-bea0-ad8943cc3d25"
          },
          "type": "InitializeVariable",
          "inputs": {
            "variables": [
              {
                "name": "Tax Amount",
                "type": "string",
                "value": "@triggerBody()['text_14']"
              }
            ]
          }
        },
        "Initialize_variable-_Total_Pages": {
          "runAfter": {
            "Initialize_variable-_Tax_Amount": [
              "Succeeded"
            ]
          },
          "metadata": {
            "operationMetadataId": "450e827d-153d-479e-9914-1eb343a6f315"
          },
          "type": "InitializeVariable",
          "inputs": {
            "variables": [
              {
                "name": "Total Pages",
                "type": "string",
                "value": "@triggerBody()['text_15']"
              }
            ]
          }
        },
        "Initialize_variable-_Vendor_Name": {
          "runAfter": {
            "Initialize_variable-_Total_Pages": [
              "Succeeded"
            ]
          },
          "metadata": {
            "operationMetadataId": "3f5841e7-9f95-4357-bb3c-187bd634009b"
          },
          "type": "InitializeVariable",
          "inputs": {
            "variables": [
              {
                "name": "Vendor Name",
                "type": "string",
                "value": "@triggerBody()['text_16']"
              }
            ]
          }
        },
        "Terminate": {
          "runAfter": {
            "Send_an_email_(V2)": [
              "Succeeded",
              "Failed",
              "TimedOut"
            ]
          },
          "metadata": {
            "operationMetadataId": "2278bd95-fc9d-4028-9351-e0314a378db3"
          },
          "type": "Terminate",
          "inputs": {
            "runStatus": "Failed",
            "runError": {
              "message": "Failed: Insert Into NoExtTxn Table"
            }
          }
        },
        "Condition": {
          "actions": {},
          "runAfter": {
            "Terminate": [
              "Skipped"
            ]
          },
          "else": {
            "actions": {
              "Send_an_email_(V2)_2": {
                "runAfter": {},
                "metadata": {
                  "operationMetadataId": "fa9887f7-5d5f-4d98-a708-79e65e431a62"
                },
                "type": "OpenApiConnection",
                "inputs": {
                  "host": {
                    "connectionName": "shared_office365_1",
                    "operationId": "SendEmailV2",
                    "apiId": "/providers/Microsoft.PowerApps/apis/shared_office365"
                  },
                  "parameters": {
                    "emailMessage/To": "@parameters('[USA-AP-OOH]ErrorMailToEmails (apdig_USAAPOOHErrorMailToEmails)')",
                    "emailMessage/Subject": "Failed: Insert Into NoExtractionTxn Table",
                    "emailMessage/Body": "<p>Hi Team,<br>\nFlow is terminated, Please check the error.<br>\nPlease check Flow: @{variables('POA Flow URI')},<br>\nDateTime: @{utcNow()}<br>\nError: @{outputs('Execute_stored_procedure_(V2)-_Insert_Into_NoExtTxn_Table')?['body/outputparameters/Msg']}</p>",
                    "emailMessage/Importance": "High"
                  },
                  "authentication": {
                    "type": "Raw",
                    "value": "@json(decodeBase64(triggerOutputs().headers['X-MS-APIM-Tokens']))['$ConnectionKey']"
                  },
                  "retryPolicy": {
                    "type": "fixed",
                    "count": 3,
                    "interval": "PT30S"
                  }
                },
                "description": "The retry interval is set to 3"
              },
              "Terminate_2": {
                "runAfter": {
                  "Send_an_email_(V2)_2": [
                    "Succeeded"
                  ]
                },
                "metadata": {
                  "operationMetadataId": "2278bd95-fc9d-4028-9351-e0314a378db3"
                },
                "type": "Terminate",
                "inputs": {
                  "runStatus": "Failed",
                  "runError": {
                    "message": "Failed: Insert Into NoExtTxn Table"
                  }
                }
              }
            }
          },
          "expression": {
            "equals": [
              "@empty(outputs('Execute_stored_procedure_(V2)-_Insert_Into_NoExtTxn_Table')?['body/outputparameters/Msg'])",
              "@true"
            ]
          },
          "metadata": {
            "operationMetadataId": "0070bc20-ab73-4a4a-8b6c-25532ffc9d85"
          },
          "type": "If"
        }
      }
    },
    "templateName": ""
  },
  "schemaVersion": "1.0.0.0"
}