{
  "properties": {
    "connectionReferences": {
      "shared_office365_1": {
        "runtimeSource": "embedded",
        "connection": {
          "connectionReferenceLogicalName": "apdig_sharedoffice365_c2e78"
        },
        "api": {
          "name": "shared_office365"
        }
      }
    },
    "definition": {
      "$schema": "https://schema.management.azure.com/providers/Microsoft.Logic/schemas/2016-06-01/workflowdefinition.json#",
      "contentVersion": "1.0.0.0",
      "parameters": {
        "$authentication": {
          "defaultValue": {},
          "type": "SecureObject"
        },
        "$connections": {
          "defaultValue": {},
          "type": "Object"
        }
      },
      "triggers": {
        "manual": {
          "metadata": {
            "operationMetadataId": "37098ee7-f6f1-4bbc-b859-e9c1d3e0c800"
          },
          "type": "Request",
          "kind": "Button",
          "inputs": {
            "schema": {
              "type": "object",
              "properties": {
                "text": {
                  "title": "MessageID",
                  "type": "string",
                  "x-ms-dynamically-added": true,
                  "description": "Please enter your input",
                  "x-ms-content-hint": "TEXT"
                },
                "text_1": {
                  "title": "OrignalMailBoxName",
                  "type": "string",
                  "x-ms-dynamically-added": true,
                  "description": "Please enter your input",
                  "x-ms-content-hint": "TEXT"
                },
                "text_2": {
                  "title": "CommonMailBoxName",
                  "type": "string",
                  "x-ms-dynamically-added": true,
                  "description": "Please enter your input",
                  "x-ms-content-hint": "TEXT"
                },
                "text_3": {
                  "title": "MailTxnID",
                  "type": "string",
                  "x-ms-dynamically-added": true,
                  "description": "Please enter your input",
                  "x-ms-content-hint": "TEXT"
                },
                "text_4": {
                  "title": "SenderEmailID",
                  "type": "string",
                  "x-ms-dynamically-added": true,
                  "description": "Please enter your input",
                  "x-ms-content-hint": "TEXT"
                },
                "text_5": {
                  "title": "MailSubject",
                  "type": "string",
                  "x-ms-dynamically-added": true,
                  "description": "Please enter your input",
                  "x-ms-content-hint": "TEXT"
                },
                "text_6": {
                  "title": "SenderName",
                  "type": "string",
                  "x-ms-dynamically-added": true,
                  "description": "Please enter your input",
                  "x-ms-content-hint": "TEXT"
                }
              },
              "required": [
                "text",
                "text_1",
                "text_2",
                "text_3",
                "text_4",
                "text_5",
                "text_6"
              ]
            }
          }
        }
      },
      "actions": {
        "Delay": {
          "runAfter": {},
          "metadata": {
            "operationMetadataId": "6cbc1c90-775b-4533-811f-ce6cea7ebf71"
          },
          "type": "Wait",
          "inputs": {
            "interval": {
              "count": "@rand(30,300)",
              "unit": "Second"
            }
          }
        },
        "Forward_an_email_(V2)": {
          "runAfter": {
            "Delay": [
              "Succeeded"
            ]
          },
          "metadata": {
            "operationMetadataId": "f64f9b4c-24f9-44cb-96ce-bc0a35fa9122"
          },
          "type": "OpenApiConnection",
          "inputs": {
            "parameters": {
              "message_id": "@triggerBody()['text']",
              "body/ToRecipients": "@triggerBody()['text_2']",
              "mailboxAddress": "@{triggerBody()['text_1']};",
              "body/Comment": "**** Mail Transaction ID : @{triggerBody()['text_3']}; \nMail Box ID : @{triggerBody()['text_1']};\nSender Email ID: @{triggerBody()['text_4']};\nEmail Sender : @{triggerBody()['text_6']};\nMail Subject: @{triggerBody()['text_5']}****"
            },
            "host": {
              "apiId": "/providers/Microsoft.PowerApps/apis/shared_office365",
              "operationId": "ForwardEmail_V2",
              "connectionName": "shared_office365_1"
            },
            "retryPolicy": {
              "type": "fixed",
              "count": 3,
              "interval": "PT30S"
            }
          },
          "description": "The retry interval is set to 3"
        },
        "Respond_to_a_Power_App_or_flow": {
          "runAfter": {
            "Move_email_(V2)": [
              "Succeeded"
            ]
          },
          "metadata": {
            "operationMetadataId": "3c49c1aa-c653-465a-8531-4f6d11bbd233"
          },
          "type": "Response",
          "kind": "PowerApp",
          "inputs": {
            "schema": {
              "type": "object",
              "properties": {
                "messageid": {
                  "title": "MessageID",
                  "x-ms-dynamically-added": true,
                  "type": "string"
                }
              },
              "additionalProperties": {}
            },
            "statusCode": 200,
            "body": {
              "messageid": "@triggerBody()['text']"
            }
          }
        },
        "Move_email_(V2)": {
          "runAfter": {
            "Forward_an_email_(V2)": [
              "Succeeded"
            ]
          },
          "metadata": {
            "operationMetadataId": "b2390276-4c29-40ee-928f-c0c5c51ab994"
          },
          "type": "OpenApiConnection",
          "inputs": {
            "parameters": {
              "messageId": "@triggerBody()['text']",
              "folderPath": "_FAIProcessed",
              "mailboxAddress": "@{triggerBody()['text_1']};"
            },
            "host": {
              "apiId": "/providers/Microsoft.PowerApps/apis/shared_office365",
              "operationId": "MoveV2",
              "connectionName": "shared_office365_1"
            }
          }
        }
      }
    },
    "templateName": null
  },
  "schemaVersion": "1.0.0.0"
}