{
  "properties": {
    "connectionReferences": {
      "shared_azureblob_1": {
        "runtimeSource": "embedded",
        "connection": {
          "connectionReferenceLogicalName": "apdig_USOOHCONNAzureBlobStorageeusstacapoohpdfsplitdev2"
        },
        "api": {
          "name": "shared_azureblob"
        }
      }
    },
    "definition": {
      "$schema": "https://schema.management.azure.com/providers/Microsoft.Logic/schemas/2016-06-01/workflowdefinition.json#",
      "contentVersion": "1.0.0.0",
      "parameters": {
        "$connections": {
          "defaultValue": {},
          "type": "Object"
        },
        "$authentication": {
          "defaultValue": {},
          "type": "SecureObject"
        },
        "[USA-AP-OOH]FunctionAppSplitPdfURI (apooh_USAAPOOHFunctionAppSplitPdfURI)": {
          "defaultValue": "https://eufuncappgmnaapinvprocdev02.azurewebsites.net/api/SplitPdf?code=shhqrZJkK74QJnGHSu8K4EXCLQkDObsPQIj7pFppnKO8AzFudwuoDA==",
          "type": "String",
          "metadata": {
            "schemaName": "apooh_USAAPOOHFunctionAppSplitPdfURI",
            "description": "Split pdf function app URI -Dev"
          }
        },
        "[USA-AP-OOH]SplitInvoiceStorageAccountName (apooh_USAAPOOHSplitInvoiceStorageAccountName)": {
          "defaultValue": "eusstacapoohpdfsplitdev2",
          "type": "String",
          "metadata": {
            "schemaName": "apooh_USAAPOOHSplitInvoiceStorageAccountName",
            "description": "Storage Account Name for Split PDF functionality"
          }
        },
        "[USA-AP-OOH]AzureBlobStorageConnectionString (apdig_USAAPOOHAzureBlobStorageConnectionString)": {
          "defaultValue": "DefaultEndpointsProtocol=https;AccountName=eusstacapoohpdfsplitdev2;AccountKey=c5CEJtE9yziv4l8U4WoF+zMAWdSiBS98He6GALQmHAyMAVP3lsB5+Jm27MgeaFsYDIQQFXJviRa2+ASttTvv6A==;EndpointSuffix=core.windows.net",
          "type": "String",
          "metadata": {
            "schemaName": "apdig_USAAPOOHAzureBlobStorageConnectionString",
            "description": "Connection String for Azure Blob Storage of AP OOH Invoices"
          }
        },
        "[USA-AP-OOH]AzureBlobStorageAccountKey (apdig_USAAPOOHAzureBlobStorageAccountKey)": {
          "defaultValue": "c5CEJtE9yziv4l8U4WoF+zMAWdSiBS98He6GALQmHAyMAVP3lsB5+Jm27MgeaFsYDIQQFXJviRa2+ASttTvv6A==",
          "type": "String",
          "metadata": {
            "schemaName": "apdig_USAAPOOHAzureBlobStorageAccountKey",
            "description": "Account Key for AP OOH Invoice Storage on Azure Blob"
          }
        }
      },
      "triggers": {
        "manual": {
          "metadata": {
            "operationMetadataId": "64dd2547-aba3-4539-8bc9-3d5d0b3b4f7d"
          },
          "type": "Request",
          "kind": "Button",
          "inputs": {
            "schema": {
              "type": "object",
              "properties": {
                "text": {
                  "title": "FileContent",
                  "type": "string",
                  "x-ms-dynamically-added": true,
                  "description": "Please enter your input",
                  "x-ms-content-hint": "TEXT"
                },
                "text_1": {
                  "title": "MailTxnID",
                  "type": "string",
                  "x-ms-dynamically-added": true,
                  "description": "Please enter your input",
                  "x-ms-content-hint": "TEXT"
                },
                "text_2": {
                  "title": "WorkFlowID",
                  "type": "string",
                  "x-ms-dynamically-added": true,
                  "description": "Please enter your input",
                  "x-ms-content-hint": "TEXT"
                },
                "text_3": {
                  "title": "RegexString",
                  "type": "string",
                  "x-ms-dynamically-added": true,
                  "description": "Please enter your input",
                  "x-ms-content-hint": "TEXT"
                },
                "text_4": {
                  "title": "VendorName",
                  "type": "string",
                  "x-ms-dynamically-added": true,
                  "description": "Please enter your input",
                  "x-ms-content-hint": "TEXT"
                },
                "text_5": {
                  "title": "AttachmentName",
                  "type": "string",
                  "x-ms-dynamically-added": true,
                  "description": "Please enter your input",
                  "x-ms-content-hint": "TEXT"
                }
              },
              "required": [
                "text",
                "text_1",
                "text_2",
                "text_3",
                "text_4",
                "text_5"
              ]
            }
          }
        }
      },
      "actions": {
        "Compose-_Blob_Container_Name": {
          "runAfter": {
            "Initialize_variable_-_Blob_Container_Name": [
              "Succeeded"
            ]
          },
          "metadata": {
            "operationMetadataId": "0c3925f1-5e57-4e75-904b-da29a1ccf6b9"
          },
          "type": "Compose",
          "inputs": "@replace(toLower(concat(triggerBody()['text_4'],'-')),' ','-')"
        },
        "Compose_-_FileDataBase64": {
          "runAfter": {
            "Apply_to_each_-_remove_special_char": [
              "Succeeded"
            ]
          },
          "metadata": {
            "operationMetadataId": "5ae0640b-32bd-4962-aaa0-7fb8e2492f7b"
          },
          "type": "Compose",
          "inputs": {
            "$content-type": "application/pdf",
            "$content": "@triggerBody()['text']"
          }
        },
        "Initialize_variable_-_Split_Invoices": {
          "runAfter": {
            "Initialize_variable_-_ChildWorkflowURL": [
              "Succeeded"
            ]
          },
          "metadata": {
            "operationMetadataId": "466cbbb2-100d-4368-89d7-7921b123a7bd"
          },
          "type": "InitializeVariable",
          "inputs": {
            "variables": [
              {
                "name": "SplitInvoices",
                "type": "array"
              }
            ]
          }
        },
        "Compose_-_Regex_check": {
          "runAfter": {
            "Initialize_variable_-_Split_Invoices": [
              "Succeeded"
            ]
          },
          "metadata": {
            "operationMetadataId": "94ee698d-da54-41d5-a92b-189184e8602d"
          },
          "type": "Compose",
          "inputs": "@if(equals(triggerBody()['text_3'],'zzz'),null,triggerBody()['text_3'])"
        },
        "Respond_to_a_PowerApp_or_flow": {
          "runAfter": {
            "Run_a_Child_Flow_-_Log_an_Event_4": [
              "Succeeded",
              "Failed"
            ]
          },
          "metadata": {
            "operationMetadataId": "7c4d8b2a-1906-4382-b870-d9d9d019f5fd"
          },
          "type": "Response",
          "kind": "PowerApp",
          "inputs": {
            "statusCode": 200,
            "body": {
              "splitinvoices": "@{outputs('Compose_-_Attachment_Array')}",
              "splitinvoicecount": "@{length(variables('SplitInvoices'))}"
            },
            "schema": {
              "type": "object",
              "properties": {
                "splitinvoices": {
                  "title": "SplitInvoices",
                  "x-ms-dynamically-added": true,
                  "type": "string"
                },
                "splitinvoicecount": {
                  "title": "SplitInvoiceCount",
                  "x-ms-dynamically-added": true,
                  "type": "number"
                }
              }
            }
          }
        },
        "Condition_-_if_split_file_does_not_fails_(Split_invoices_are_returned)": {
          "actions": {
            "Get_file_from_blob": {
              "foreach": "@body('Parse_JSON-_FunctionApp_response_json')?['blobfilepath']",
              "actions": {
                "Scope_-_Try": {
                  "actions": {
                    "Append_to_array_variable": {
                      "runAfter": {
                        "Compose_2": [
                          "Succeeded"
                        ]
                      },
                      "metadata": {
                        "operationMetadataId": "130264f1-9e70-427f-9cbd-fbf305aee858"
                      },
                      "type": "AppendToArrayVariable",
                      "inputs": {
                        "name": "SplitInvoices",
                        "value": {
                          "Filename": "@replace(concat(triggerBody()['text_4'], '_', replace(toLower(triggerBody()['text_5']), '.pdf', ''), '_', string(variables('FileCounter')), '.pdf'), ' ', '_')",
                          "ContentByte": "@outputs('Compose_2')"
                        }
                      }
                    },
                    "Increment_variable": {
                      "runAfter": {
                        "Append_to_array_variable": [
                          "Succeeded"
                        ]
                      },
                      "metadata": {
                        "operationMetadataId": "f63d374b-81ce-45af-b66b-ab9a5a2899bb"
                      },
                      "type": "IncrementVariable",
                      "inputs": {
                        "name": "FileCounter",
                        "value": 1
                      }
                    },
                    "Compose_2": {
                      "runAfter": {
                        "Get_blob_content_(V2)": [
                          "Succeeded"
                        ]
                      },
                      "metadata": {
                        "operationMetadataId": "fa7c8378-a0c4-4cb0-adc8-53d9e4450b0c"
                      },
                      "type": "Compose",
                      "inputs": "@outputs('Get_blob_content_(V2)')?['Body']?['$content']"
                    },
                    "Run_a_Child_Flow_-_Log_an_Event_5": {
                      "runAfter": {},
                      "metadata": {
                        "operationMetadataId": "aa5b039e-ce32-4f04-80d7-51b240dd7382"
                      },
                      "type": "Workflow",
                      "inputs": {
                        "host": {
                          "workflowReferenceName": "423112eb-8800-ef11-a1fd-6045bd0855fb"
                        },
                        "body": {
                          "text": "@workflow()?['tags']?['flowDisplayName']",
                          "text_1": "@triggerBody()['text_2']",
                          "text_2": "Split Invoices",
                          "text_3": "If yes: Try block started - Get blob content ",
                          "text_4": "@triggerBody()['text_1']"
                        }
                      }
                    },
                    "Get_blob_content_(V2)": {
                      "runAfter": {
                        "Run_a_Child_Flow_-_Log_an_Event_5": [
                          "Succeeded"
                        ]
                      },
                      "metadata": {
                        "JTJmZ29vZ2xlLTIwMjQwMzI5MDYzNTM5JTJmUHJvY2Vzc2VkRmlsZV8wLnBkZg==": "/google-20240329063539/ProcessedFile_0.pdf",
                        "operationMetadataId": "2505b3c8-af48-4e2a-95bc-c74134b66f02"
                      },
                      "type": "OpenApiConnection",
                      "inputs": {
                        "host": {
                          "connectionName": "shared_azureblob_1",
                          "operationId": "GetFileContent_V2",
                          "apiId": "/providers/Microsoft.PowerApps/apis/shared_azureblob"
                        },
                        "parameters": {
                          "dataset": "AccountNameFromSettings",
                          "id": "@items('Get_file_from_blob')",
                          "inferContentType": true
                        },
                        "authentication": {
                          "type": "Raw",
                          "value": "@json(decodeBase64(triggerOutputs().headers['X-MS-APIM-Tokens']))['$ConnectionKey']"
                        },
                        "retryPolicy": {
                          "type": "fixed",
                          "count": 3,
                          "interval": "PT30S"
                        }
                      },
                      "description": "The retry interval is set to 3"
                    },
                    "Run_a_Child_Flow_-_Log_an_Event_7": {
                      "runAfter": {
                        "Increment_variable": [
                          "Succeeded"
                        ]
                      },
                      "metadata": {
                        "operationMetadataId": "aa5b039e-ce32-4f04-80d7-51b240dd7382"
                      },
                      "type": "Workflow",
                      "inputs": {
                        "host": {
                          "workflowReferenceName": "423112eb-8800-ef11-a1fd-6045bd0855fb"
                        },
                        "body": {
                          "text": "@workflow()?['tags']?['flowDisplayName']",
                          "text_1": "@triggerBody()['text_2']",
                          "text_2": "Split Invoices",
                          "text_3": "If yes: try block eneded",
                          "text_4": "@triggerBody()['text_1']"
                        }
                      }
                    }
                  },
                  "runAfter": {},
                  "metadata": {
                    "operationMetadataId": "b5602da9-1fa9-4f9f-9296-4c178a254061"
                  },
                  "type": "Scope"
                },
                "Scope_-_Catch_for_Function_App_2": {
                  "actions": {
                    "Run_a_Child_Flow_-_Log_and_Exception_2": {
                      "runAfter": {},
                      "metadata": {
                        "operationMetadataId": "5e61fd2c-6dd7-4099-8b9c-f72ce810517e"
                      },
                      "type": "Workflow",
                      "inputs": {
                        "host": {
                          "workflowReferenceName": "44ff66c8-8800-ef11-a1fd-6045bd0855fb"
                        },
                        "body": {
                          "text": "@workflow()?['tags']?['flowDisplayName']",
                          "text_1": "@triggerBody()['text_2']",
                          "text_2": "@body('HTTP')",
                          "text_3": "@outputs('HTTP')['statusCode']",
                          "text_4": "@body('HTTP')",
                          "text_6": "@triggerBody()['text_1']",
                          "text_5": "@workflow()['Id']"
                        }
                      }
                    },
                    "Run_a_Child_Flow-_Update_MailTxn_Table_2": {
                      "runAfter": {
                        "Run_a_Child_Flow_-_Log_and_Exception_2": [
                          "Succeeded",
                          "Failed",
                          "Skipped",
                          "TimedOut"
                        ]
                      },
                      "metadata": {
                        "operationMetadataId": "acce251b-754b-478a-b9d7-2651c4ad6beb"
                      },
                      "type": "Workflow",
                      "inputs": {
                        "host": {
                          "workflowReferenceName": "7a79d7db-8800-ef11-a1fd-6045bd0855fb"
                        },
                        "body": {
                          "text": "@workflow().tags.flowDisplayName",
                          "text_1": "@triggerBody()['text_2']",
                          "text_2": "@string(triggerBody()['text_1'])",
                          "boolean": false
                        },
                        "retryPolicy": {
                          "type": "none"
                        }
                      }
                    },
                    "Run_a_Child_Flow-_Insert_Into_NoExtTxn_Table_2": {
                      "runAfter": {
                        "Run_a_Child_Flow-_Update_MailTxn_Table_2": [
                          "Succeeded",
                          "Failed",
                          "Skipped",
                          "TimedOut"
                        ]
                      },
                      "metadata": {
                        "operationMetadataId": "7d7bd1e5-bf43-4a92-9b43-62eca2a3599e"
                      },
                      "type": "Workflow",
                      "inputs": {
                        "host": {
                          "workflowReferenceName": "f5815dbb-8800-ef11-a1fd-6045bd0855fb"
                        },
                        "body": {
                          "text_2": "Failed: @{workflow().tags.flowDisplayName} on @{utcNow()}",
                          "text_3": "@workflow().tags.flowDisplayName",
                          "text_8": "@string(triggerBody()['text_1'])",
                          "text_9": "@triggerBody()['text_2']",
                          "text_12": "Not Available",
                          "text_13": "Not Available",
                          "text": "NA",
                          "text_1": "NA",
                          "text_4": "NA",
                          "text_5": "NA",
                          "text_6": "NA",
                          "text_7": "NA",
                          "text_10": "NA",
                          "text_11": "NA",
                          "text_14": "NA",
                          "text_15": "NA",
                          "text_16": "NA"
                        }
                      }
                    },
                    "Set_variable_-_Error_Flag": {
                      "runAfter": {
                        "Run_a_Child_Flow-_Insert_Into_NoExtTxn_Table_2": [
                          "Succeeded"
                        ]
                      },
                      "metadata": {
                        "operationMetadataId": "acc2c7e0-5328-4e42-96b3-6a7af978f848"
                      },
                      "type": "SetVariable",
                      "inputs": {
                        "name": "ErrorFlag",
                        "value": "@true"
                      }
                    }
                  },
                  "runAfter": {
                    "Scope_-_Try": [
                      "Failed",
                      "Skipped",
                      "TimedOut"
                    ]
                  },
                  "metadata": {
                    "operationMetadataId": "337c6d71-6adb-4f93-9d31-611d9c025322"
                  },
                  "type": "Scope"
                }
              },
              "runAfter": {},
              "metadata": {
                "operationMetadataId": "0e070053-d287-4582-a9cf-5a6384ab3e63"
              },
              "type": "Foreach"
            }
          },
          "runAfter": {
            "Scope__Catch_for_Function_App": [
              "Skipped"
            ]
          },
          "else": {
            "actions": {
              "Append_to_array_variable_-_return_source_file": {
                "runAfter": {},
                "metadata": {
                  "operationMetadataId": "130264f1-9e70-427f-9cbd-fbf305aee858"
                },
                "type": "AppendToArrayVariable",
                "inputs": {
                  "name": "SplitInvoices",
                  "value": {
                    "Filename": "@replace(concat(triggerBody()['text_4'], '_',replace(toLower(triggerBody()['text_5']),'.pdf',''),'.pdf'),' ','_')",
                    "ContentByte": "@triggerBody()['text']"
                  }
                }
              },
              "Run_a_Child_Flow_-_Log_an_Event_6": {
                "runAfter": {
                  "Append_to_array_variable_-_return_source_file": [
                    "Succeeded"
                  ]
                },
                "metadata": {
                  "operationMetadataId": "aa5b039e-ce32-4f04-80d7-51b240dd7382"
                },
                "type": "Workflow",
                "inputs": {
                  "host": {
                    "workflowReferenceName": "423112eb-8800-ef11-a1fd-6045bd0855fb"
                  },
                  "body": {
                    "text": "@workflow()?['tags']?['flowDisplayName']",
                    "text_1": "@triggerBody()['text_2']",
                    "text_2": "Split Invoices",
                    "text_3": "If no: Append to array variable",
                    "text_4": "@triggerBody()['text_1']"
                  }
                }
              }
            }
          },
          "expression": {
            "greater": [
              "@body('Parse_JSON-_FunctionApp_response_json')?['fileCount']",
              1
            ]
          },
          "metadata": {
            "operationMetadataId": "111e753e-d39b-479d-9cfa-fbfe25703382"
          },
          "type": "If"
        },
        "Compose_-_Attachment_Array": {
          "runAfter": {
            "Condition_-_Error_Flag": [
              "Succeeded"
            ]
          },
          "metadata": {
            "operationMetadataId": "3f43bcb0-1722-417c-95f3-48b0cf55bb69"
          },
          "type": "Compose",
          "inputs": "@variables('SplitInvoices')"
        },
        "Try": {
          "actions": {
            "Parse_JSON-_FunctionApp_response_json": {
              "runAfter": {
                "Compose": [
                  "Succeeded"
                ]
              },
              "metadata": {
                "operationMetadataId": "14cede83-8e4d-4557-b75d-acd9fa51cd5d"
              },
              "type": "ParseJson",
              "inputs": {
                "content": "@body('HTTP')",
                "schema": {
                  "type": "object",
                  "properties": {
                    "fileCount": {
                      "type": "integer"
                    },
                    "containerName": {
                      "type": "string"
                    },
                    "containerPath": {
                      "type": "string"
                    },
                    "sasuri": {
                      "type": "array"
                    },
                    "blobfilepath": {
                      "type": "array"
                    }
                  }
                }
              }
            },
            "Compose": {
              "runAfter": {
                "HTTP": [
                  "Succeeded"
                ]
              },
              "metadata": {
                "operationMetadataId": "5ae0640b-32bd-4962-aaa0-7fb8e2492f7b"
              },
              "type": "Compose",
              "inputs": "@body('HTTP')"
            },
            "Run_a_Child_Flow_-_Log_an_Event_2": {
              "runAfter": {},
              "metadata": {
                "operationMetadataId": "aa5b039e-ce32-4f04-80d7-51b240dd7382"
              },
              "type": "Workflow",
              "inputs": {
                "host": {
                  "workflowReferenceName": "423112eb-8800-ef11-a1fd-6045bd0855fb"
                },
                "body": {
                  "text": "@workflow()?['tags']?['flowDisplayName']",
                  "text_1": "@triggerBody()['text_2']",
                  "text_2": "Split Invoices",
                  "text_3": "Spit Invoice Start for vendor: @{triggerBody()['text_4']} and MailTxnID: @{triggerBody()['text_1']}",
                  "text_4": "@triggerBody()['text_1']"
                }
              }
            },
            "HTTP": {
              "runAfter": {
                "Run_a_Child_Flow_-_Log_an_Event_2": [
                  "Succeeded"
                ]
              },
              "metadata": {
                "operationMetadataId": "dc460c98-2899-4f9d-a5ad-ed7337c92cb1"
              },
              "type": "Http",
              "inputs": {
                "method": "POST",
                "uri": "@parameters('[USA-AP-OOH]FunctionAppSplitPdfURI (apooh_USAAPOOHFunctionAppSplitPdfURI)')",
                "body": {
                  "type": "2",
                  "sasurl": "",
                  "base64encoded": "@triggerBody()['text']",
                  "account_name": "@parameters('[USA-AP-OOH]SplitInvoiceStorageAccountName (apooh_USAAPOOHSplitInvoiceStorageAccountName)')",
                  "connection_string": "@parameters('[USA-AP-OOH]AzureBlobStorageConnectionString (apdig_USAAPOOHAzureBlobStorageConnectionString)')",
                  "out_container": "@variables('BlobContainer')",
                  "primary_key": "@parameters('[USA-AP-OOH]AzureBlobStorageAccountKey (apdig_USAAPOOHAzureBlobStorageAccountKey)')",
                  "regex_string": "@outputs('Compose_-_Regex_check')"
                },
                "retryPolicy": {
                  "type": "fixed",
                  "count": 3,
                  "interval": "PT30S"
                }
              },
              "description": "The retry interval is set to 3"
            },
            "Run_a_Child_Flow_-_Log_an_Event_3": {
              "runAfter": {
                "Parse_JSON-_FunctionApp_response_json": [
                  "Succeeded"
                ]
              },
              "metadata": {
                "operationMetadataId": "aa5b039e-ce32-4f04-80d7-51b240dd7382"
              },
              "type": "Workflow",
              "inputs": {
                "host": {
                  "workflowReferenceName": "423112eb-8800-ef11-a1fd-6045bd0855fb"
                },
                "body": {
                  "text": "@workflow()?['tags']?['flowDisplayName']",
                  "text_1": "@triggerBody()['text_2']",
                  "text_2": "Split Invoices completed",
                  "text_3": "Invoice Split Completed Blob container Name: @{variables('BlobContainerName')}",
                  "text_4": "@triggerBody()['text_1']"
                }
              }
            }
          },
          "runAfter": {
            "Initialize_variable_-_Error_Flag": [
              "Succeeded"
            ]
          },
          "metadata": {
            "operationMetadataId": "20c85e4c-30fa-44f1-bc49-6df7bb3e9070"
          },
          "type": "Scope"
        },
        "Scope__Catch_for_Function_App": {
          "actions": {
            "Run_a_Child_Flow_-_Log_and_Exception": {
              "runAfter": {},
              "metadata": {
                "operationMetadataId": "5e61fd2c-6dd7-4099-8b9c-f72ce810517e"
              },
              "type": "Workflow",
              "inputs": {
                "host": {
                  "workflowReferenceName": "44ff66c8-8800-ef11-a1fd-6045bd0855fb"
                },
                "body": {
                  "text": "@workflow()?['tags']?['flowDisplayName']",
                  "text_1": "@triggerBody()['text_2']",
                  "text_2": "@body('HTTP')",
                  "text_3": "@outputs('HTTP')['statusCode']",
                  "text_4": "@body('HTTP')",
                  "text_6": "@triggerBody()['text_1']",
                  "text_5": "@workflow()['Id']"
                }
              }
            },
            "Run_a_Child_Flow-_Update_MailTxn_Table": {
              "runAfter": {
                "Run_a_Child_Flow-_Send_Error_Email": [
                  "Succeeded"
                ]
              },
              "metadata": {
                "operationMetadataId": "acce251b-754b-478a-b9d7-2651c4ad6beb"
              },
              "type": "Workflow",
              "inputs": {
                "host": {
                  "workflowReferenceName": "7a79d7db-8800-ef11-a1fd-6045bd0855fb"
                },
                "body": {
                  "text": "@workflow().tags.flowDisplayName",
                  "text_1": "@triggerBody()['text_2']",
                  "text_2": "@string(triggerBody()['text_1'])",
                  "boolean": false
                },
                "retryPolicy": {
                  "type": "none"
                }
              }
            },
            "Run_a_Child_Flow-_Insert_Into_NoExtTxn_Table": {
              "runAfter": {
                "Run_a_Child_Flow-_Update_MailTxn_Table": [
                  "Succeeded",
                  "Failed",
                  "Skipped",
                  "TimedOut"
                ]
              },
              "metadata": {
                "operationMetadataId": "7d7bd1e5-bf43-4a92-9b43-62eca2a3599e"
              },
              "type": "Workflow",
              "inputs": {
                "host": {
                  "workflowReferenceName": "f5815dbb-8800-ef11-a1fd-6045bd0855fb"
                },
                "body": {
                  "text_2": "Failed: @{workflow().tags.flowDisplayName} on @{utcNow()}",
                  "text_3": "@workflow().tags.flowDisplayName",
                  "text_8": "@string(triggerBody()['text_1'])",
                  "text_9": "@triggerBody()['text_2']",
                  "text_12": "Not Available",
                  "text_13": "Not Available",
                  "text": "NA",
                  "text_1": "NA",
                  "text_4": "@triggerBody()['text_5']",
                  "text_5": "NA",
                  "text_6": "NA",
                  "text_7": "NA",
                  "text_10": "NA",
                  "text_11": "NA",
                  "text_14": "NA",
                  "text_15": "NA",
                  "text_16": "NA"
                },
                "retryPolicy": {
                  "type": "none"
                }
              }
            },
            "Terminate": {
              "runAfter": {
                "Run_a_Child_Flow-_Insert_Into_NoExtTxn_Table": [
                  "Succeeded",
                  "Failed",
                  "Skipped",
                  "TimedOut"
                ]
              },
              "metadata": {
                "operationMetadataId": "08c91805-aa5f-4784-88bc-f68bd790d59d"
              },
              "type": "Terminate",
              "inputs": {
                "runStatus": "Failed"
              }
            },
            "Filter_array": {
              "runAfter": {
                "Run_a_Child_Flow_-_Log_and_Exception": [
                  "Succeeded"
                ]
              },
              "metadata": {
                "operationMetadataId": "2c774087-8806-4c9b-b39b-e41263d5db29"
              },
              "type": "Query",
              "inputs": {
                "from": "@result('Try')",
                "where": "@or(equals(item()?['Status'], 'Failed'), equals(item()?['Status'], 'TimedOut'))"
              }
            },
            "Run_a_Child_Flow-_Send_Error_Email": {
              "runAfter": {
                "Filter_array": [
                  "Succeeded"
                ]
              },
              "metadata": {
                "operationMetadataId": "67a694b8-340a-4f3b-adf1-971d557190fa"
              },
              "type": "Workflow",
              "inputs": {
                "host": {
                  "workflowReferenceName": "46c1869c-8800-ef11-a1fd-000d3a5ce899"
                },
                "body": {
                  "text": "@string(body('Filter_array'))",
                  "text_1": "@triggerBody()['text_1']",
                  "text_2": "@triggerBody()['text_2']",
                  "text_3": "@workflow()?['tags']?['flowDisplayName']",
                  "text_4": "@variables('ChildWorkflowURL')"
                }
              }
            }
          },
          "runAfter": {
            "Try": [
              "Failed",
              "Skipped",
              "TimedOut"
            ]
          },
          "metadata": {
            "operationMetadataId": "337c6d71-6adb-4f93-9d31-611d9c025322"
          },
          "type": "Scope"
        },
        "Initialize_variable_-_FileCounter": {
          "runAfter": {
            "Compose_-_FileDataBase64": [
              "Succeeded"
            ]
          },
          "metadata": {
            "operationMetadataId": "961f17a5-c94c-4e91-8a49-58cdb3dd6a80"
          },
          "type": "InitializeVariable",
          "inputs": {
            "variables": [
              {
                "name": "FileCounter",
                "type": "integer",
                "value": 1
              }
            ]
          }
        },
        "Initialize_variable_-_Error_Flag": {
          "runAfter": {
            "Initialize_variable_-_FileCounter": [
              "Succeeded"
            ]
          },
          "metadata": {
            "operationMetadataId": "26330164-97ed-473b-99b2-3f60cf0543a5"
          },
          "type": "InitializeVariable",
          "inputs": {
            "variables": [
              {
                "name": "ErrorFlag",
                "type": "boolean",
                "value": "@false"
              }
            ]
          }
        },
        "Condition_-_Error_Flag": {
          "actions": {
            "Run_a_Child_Flow_-_Log_an_Event_9": {
              "runAfter": {},
              "metadata": {
                "operationMetadataId": "aa5b039e-ce32-4f04-80d7-51b240dd7382"
              },
              "type": "Workflow",
              "inputs": {
                "host": {
                  "workflowReferenceName": "423112eb-8800-ef11-a1fd-6045bd0855fb"
                },
                "body": {
                  "text": "@workflow()?['tags']?['flowDisplayName']",
                  "text_1": "@triggerBody()['text_2']",
                  "text_2": "Split Invoices",
                  "text_3": "If yes: ErrorFlag is true,terminate the process",
                  "text_4": "@triggerBody()['text_1']"
                }
              }
            },
            "Terminate_2": {
              "runAfter": {
                "Run_a_Child_Flow_-_Log_an_Event_9": [
                  "Succeeded"
                ]
              },
              "metadata": {
                "operationMetadataId": "288ab725-21aa-4e1d-806d-95778eb52580"
              },
              "type": "Terminate",
              "inputs": {
                "runStatus": "Failed"
              }
            }
          },
          "runAfter": {
            "Condition_-_if_split_file_does_not_fails_(Split_invoices_are_returned)": [
              "Succeeded"
            ]
          },
          "else": {
            "actions": {
              "Run_a_Child_Flow_-_Log_an_Event_8": {
                "runAfter": {},
                "metadata": {
                  "operationMetadataId": "aa5b039e-ce32-4f04-80d7-51b240dd7382"
                },
                "type": "Workflow",
                "inputs": {
                  "host": {
                    "workflowReferenceName": "423112eb-8800-ef11-a1fd-6045bd0855fb"
                  },
                  "body": {
                    "text": "@workflow()?['tags']?['flowDisplayName']",
                    "text_1": "@triggerBody()['text_2']",
                    "text_2": "Split Invoices",
                    "text_3": "If no: ErrorFlag is false",
                    "text_4": "@triggerBody()['text_1']"
                  }
                }
              }
            }
          },
          "expression": {
            "equals": [
              "@variables('ErrorFlag')",
              "@true"
            ]
          },
          "metadata": {
            "operationMetadataId": "c84c3a8e-6e70-4528-991d-5e1f9f1ce717"
          },
          "type": "If"
        },
        "Initialize_variable_-_Blob_Container_String": {
          "runAfter": {
            "Compose_-_Regex_check": [
              "Succeeded"
            ]
          },
          "metadata": {
            "operationMetadataId": "466cbbb2-100d-4368-89d7-7921b123a7bd"
          },
          "type": "InitializeVariable",
          "inputs": {
            "variables": [
              {
                "name": "BlobContainer",
                "type": "string",
                "value": "@{replace(toLower(concat(triggerBody()['text_4'],'-')),' ','-')}"
              }
            ]
          }
        },
        "Initialize_variable_-_Array_of_Special_Characters": {
          "runAfter": {
            "Initialize_variable_-_Blob_Container_String": [
              "Succeeded"
            ]
          },
          "metadata": {
            "operationMetadataId": "8d16b0ba-7f03-48eb-bb44-913db01c1962"
          },
          "type": "InitializeVariable",
          "inputs": {
            "variables": [
              {
                "name": "SpecialCharacterArr",
                "type": "array",
                "value": "@createArray('.', '@', 'ß', '²', '³', 'µ', '`', '´', '°', '^', '=', '(', ')', '&', '$', '§', '~', '#', '%', '*', ':', '<', '>', '?', '/', '|', ' ', ' ', '{', '}', '!', '+', '__', '___')"
              }
            ]
          },
          "description": "Values to be removed from Vendor name i.e. llc, and special characters"
        },
        "Initialize_variable_-_Blob_Container_Name": {
          "runAfter": {
            "Initialize_variable_-_Array_of_Special_Characters": [
              "Succeeded"
            ]
          },
          "metadata": {
            "operationMetadataId": "466cbbb2-100d-4368-89d7-7921b123a7bd"
          },
          "type": "InitializeVariable",
          "inputs": {
            "variables": [
              {
                "name": "BlobContainerName",
                "type": "string"
              }
            ]
          }
        },
        "Apply_to_each_-_remove_special_char": {
          "foreach": "@variables('SpecialCharacterArr')",
          "actions": {
            "Set_variable_-_Update_Container_name": {
              "runAfter": {},
              "metadata": {
                "operationMetadataId": "b4d16fab-3cb9-4141-a2d6-456db5399de6"
              },
              "type": "SetVariable",
              "inputs": {
                "name": "BlobContainerName",
                "value": "@{replace(variables('BlobContainer'),items('Apply_to_each_-_remove_special_char'),'')}"
              }
            },
            "Set_variable_-_Update_extracted_FormRec_vendor_name_": {
              "runAfter": {
                "Set_variable_-_Update_Container_name": [
                  "Succeeded"
                ]
              },
              "metadata": {
                "operationMetadataId": "a7116da5-bdd6-4193-b6d4-b3fc02791134"
              },
              "type": "SetVariable",
              "inputs": {
                "name": "BlobContainer",
                "value": "@variables('BlobContainerName')"
              }
            }
          },
          "runAfter": {
            "Compose-_Blob_Container_Name": [
              "Succeeded"
            ]
          },
          "metadata": {
            "operationMetadataId": "f490cf0c-0dc8-40a9-9b3c-a454d0e930b2"
          },
          "type": "Foreach"
        },
        "Run_a_Child_Flow_-_Log_an_Event": {
          "runAfter": {},
          "metadata": {
            "operationMetadataId": "aa5b039e-ce32-4f04-80d7-51b240dd7382"
          },
          "type": "Workflow",
          "inputs": {
            "host": {
              "workflowReferenceName": "423112eb-8800-ef11-a1fd-6045bd0855fb"
            },
            "body": {
              "text": "@workflow()?['tags']?['flowDisplayName']",
              "text_1": "@triggerBody()['text_2']",
              "text_2": "Split Invoices",
              "text_3": "Split Invoices flow started",
              "text_4": "@triggerBody()['text_1']"
            }
          }
        },
        "Run_a_Child_Flow_-_Log_an_Event_4": {
          "runAfter": {
            "Compose_-_Attachment_Array": [
              "Succeeded"
            ]
          },
          "metadata": {
            "operationMetadataId": "aa5b039e-ce32-4f04-80d7-51b240dd7382"
          },
          "type": "Workflow",
          "inputs": {
            "host": {
              "workflowReferenceName": "423112eb-8800-ef11-a1fd-6045bd0855fb"
            },
            "body": {
              "text": "@workflow()?['tags']?['flowDisplayName']",
              "text_1": "@triggerBody()['text_2']",
              "text_2": "Split Invoices",
              "text_3": "Split Invoices flow ended.",
              "text_4": "@triggerBody()['text_1']"
            }
          }
        },
        "Initialize_variable_-_ChildWorkflowURL": {
          "runAfter": {
            "Run_a_Child_Flow_-_Log_an_Event": [
              "Succeeded"
            ]
          },
          "metadata": {
            "operationMetadataId": "c0ad8c24-9b7e-439c-921d-59a5d25b2cd9"
          },
          "type": "InitializeVariable",
          "inputs": {
            "variables": [
              {
                "name": "ChildWorkflowURL",
                "type": "string",
                "value": "@{concat('https://make.powerautomate.com/environments/', workflow()?['tags']['environmentName'], '/flows/', workflow()?['name'], '/runs/', workflow()?['run']['name'])}"
              }
            ]
          }
        }
      }
    },
    "templateName": ""
  },
  "schemaVersion": "1.0.0.0"
}