{
  "properties": {
    "connectionReferences": {
      "shared_office365_1": {
        "runtimeSource": "embedded",
        "connection": {
          "connectionReferenceLogicalName": "apdig_sharedoffice365_c2e78"
        },
        "api": {
          "name": "shared_office365"
        }
      }
    },
    "definition": {
      "$schema": "https://schema.management.azure.com/providers/Microsoft.Logic/schemas/2016-06-01/workflowdefinition.json#",
      "contentVersion": "1.0.0.0",
      "parameters": {
        "$connections": {
          "defaultValue": {},
          "type": "Object"
        },
        "$authentication": {
          "defaultValue": {},
          "type": "SecureObject"
        },
        "[USA-AP-OOH]SharedMailBoxName (apooh_USAAPOOHSharedMailBoxNam)": {
          "defaultValue": "aoc.ap.ooh.dev@groupm.com",
          "type": "String",
          "metadata": {
            "schemaName": "apooh_USAAPOOHSharedMailBoxNam",
            "description": "email address of the shared mailbox"
          }
        }
      },
      "triggers": {
        "When_a_new_email_arrives_in_a_shared_mailbox_(V2)": {
          "recurrence": {
            "interval": 1,
            "frequency": "Minute"
          },
          "splitOn": "@triggerOutputs()?['body/value']",
          "metadata": {
            "operationMetadataId": "72a5d8d1-f85d-4151-a27c-05d85e26d8d3"
          },
          "type": "OpenApiConnection",
          "inputs": {
            "host": {
              "connectionName": "shared_office365_1",
              "operationId": "SharedMailboxOnNewEmailV2",
              "apiId": "/providers/Microsoft.PowerApps/apis/shared_office365"
            },
            "parameters": {
              "mailboxAddress": "@{parameters('[USA-AP-OOH]SharedMailBoxName (apooh_USAAPOOHSharedMailBoxNam)')};",
              "folderId": "Inbox",
              "importance": "Any",
              "hasAttachments": false,
              "includeAttachments": true
            },
            "authentication": "@parameters('$authentication')"
          }
        }
      },
      "actions": {
        "Scope_Global_try": {
          "actions": {
            "Condition-_Move_Email_to_specific_Folder_also_Update_MailTxn_table": {
              "actions": {
                "Run_a_Child_Flow-_Move_Email": {
                  "runAfter": {
                    "Run_a_Child_Flow-_Update_MailTxn_table_SUCCESS": [
                      "Succeeded"
                    ]
                  },
                  "metadata": {
                    "operationMetadataId": "362c279c-5d70-4d7d-9d9e-f8ed74410eac"
                  },
                  "type": "Workflow",
                  "inputs": {
                    "host": {
                      "workflowReferenceName": "78941ff7-8800-ef11-a1fd-6045bd0855fb"
                    },
                    "body": {
                      "text": "@triggerOutputs()?['body/id']",
                      "text_1": "@variables('Move_Email_To_Folder')"
                    },
                    "retryPolicy": {
                      "type": "none"
                    }
                  }
                },
                "Run_a_Child_Flow_-_Log_an_Event_11": {
                  "runAfter": {},
                  "metadata": {
                    "operationMetadataId": "92b727d2-1a37-4bf0-aeeb-a92a38c16bee"
                  },
                  "type": "Workflow",
                  "inputs": {
                    "host": {
                      "workflowReferenceName": "423112eb-8800-ef11-a1fd-6045bd0855fb"
                    },
                    "body": {
                      "text": "@workflow()?['tags']?['flowDisplayName']",
                      "text_1": "@variables('WorkflowLink')",
                      "text_2": "When a New Mail Arrives in Common Mailbox",
                      "text_3": "If yes: Do process for FAIProcessed",
                      "text_4": "@variables('MailTxnID')"
                    }
                  }
                },
                "Run_a_Child_Flow-_Update_MailTxn_table_SUCCESS": {
                  "runAfter": {
                    "Run_a_Child_Flow_-_Log_an_Event_11": [
                      "Succeeded"
                    ]
                  },
                  "metadata": {
                    "operationMetadataId": "1f10f111-e67e-4742-a4a8-05c009ca288c"
                  },
                  "type": "Workflow",
                  "inputs": {
                    "host": {
                      "workflowReferenceName": "7a79d7db-8800-ef11-a1fd-6045bd0855fb"
                    },
                    "body": {
                      "text": "SUCCESS",
                      "text_1": "@variables('WorkflowLink')",
                      "text_2": "@variables('MailTxnID')",
                      "boolean": true
                    },
                    "retryPolicy": {
                      "type": "none"
                    }
                  }
                }
              },
              "runAfter": {
                "Condition-_Valid_Email": [
                  "Succeeded"
                ]
              },
              "else": {
                "actions": {
                  "Run_a_Child_Flow_-_Log_an_Event_12": {
                    "runAfter": {},
                    "metadata": {
                      "operationMetadataId": "ceca8830-2842-4fdb-bcd0-5596a8819c25"
                    },
                    "type": "Workflow",
                    "inputs": {
                      "host": {
                        "workflowReferenceName": "423112eb-8800-ef11-a1fd-6045bd0855fb"
                      },
                      "body": {
                        "text": "@workflow()?['tags']?['flowDisplayName']",
                        "text_1": "@variables('WorkflowLink')",
                        "text_2": "When a New Mail Arrives in Common Mailbox",
                        "text_3": "If no: Do process for MoveEmailToFolder does not conatin FAIProcessed",
                        "text_4": "@variables('MailTxnID')"
                      }
                    }
                  },
                  "Condition": {
                    "actions": {
                      "Run_a_Child_Flow-_Update_MailTxn_Table_For_Not_An_Invoice_2": {
                        "runAfter": {},
                        "metadata": {
                          "operationMetadataId": "fc43a4ec-01d2-433a-9812-1e4c4ecff3a8"
                        },
                        "type": "Workflow",
                        "inputs": {
                          "host": {
                            "workflowReferenceName": "7a79d7db-8800-ef11-a1fd-6045bd0855fb"
                          },
                          "body": {
                            "text": "SUCCESS: Not An Invoice",
                            "text_1": "@variables('WorkflowLink')",
                            "text_2": "@variables('MailTxnID')",
                            "boolean": true
                          },
                          "retryPolicy": {
                            "type": "none"
                          }
                        }
                      },
                      "Run_a_Child_Flow_-_Log_an_Event_13": {
                        "runAfter": {
                          "Run_a_Child_Flow-_Update_MailTxn_Table_For_Not_An_Invoice_2": [
                            "Succeeded"
                          ]
                        },
                        "metadata": {
                          "operationMetadataId": "d162b6b7-20d8-4aa1-96bf-0246c8554b11"
                        },
                        "type": "Workflow",
                        "inputs": {
                          "host": {
                            "workflowReferenceName": "423112eb-8800-ef11-a1fd-6045bd0855fb"
                          },
                          "body": {
                            "text": "@workflow()?['tags']?['flowDisplayName']",
                            "text_1": "@variables('WorkflowLink')",
                            "text_2": "When a New Mail Arrives in Common Mailbox",
                            "text_3": "If no-If yes: Do process for Move_Email_to_Folder equals to Inbox ",
                            "text_4": "@variables('MailTxnID')"
                          }
                        }
                      }
                    },
                    "runAfter": {
                      "Run_a_Child_Flow_-_Log_an_Event_12": [
                        "Succeeded"
                      ]
                    },
                    "else": {
                      "actions": {
                        "Terminate_3": {
                          "runAfter": {
                            "Run_a_Child_Flow-_Error_Flow": [
                              "Succeeded"
                            ]
                          },
                          "metadata": {
                            "operationMetadataId": "ded58b1a-e0b5-4c01-86f6-e23358833a23"
                          },
                          "type": "Terminate",
                          "inputs": {
                            "runStatus": "Failed"
                          }
                        },
                        "Run_a_Child_Flow_-_Log_an_Event_14": {
                          "runAfter": {},
                          "metadata": {
                            "operationMetadataId": "5d6973d6-a67f-47ba-b94c-ca8719fe1f40"
                          },
                          "type": "Workflow",
                          "inputs": {
                            "host": {
                              "workflowReferenceName": "423112eb-8800-ef11-a1fd-6045bd0855fb"
                            },
                            "body": {
                              "text": "@workflow()?['tags']?['flowDisplayName']",
                              "text_1": "@variables('WorkflowLink')",
                              "text_2": "When a New Mail Arrives in Common Mailbox",
                              "text_3": "IIf no-If no:  Terminate process for Move_Email_to_Folder not equals to Inbox ",
                              "text_4": "@variables('MailTxnID')"
                            }
                          }
                        },
                        "Run_a_Child_Flow-_Error_Flow": {
                          "runAfter": {
                            "Run_a_Child_Flow_-_Log_an_Event_14": [
                              "Succeeded"
                            ]
                          },
                          "metadata": {
                            "operationMetadataId": "b2047e37-ee77-4881-928c-18c86f097658"
                          },
                          "type": "Workflow",
                          "inputs": {
                            "host": {
                              "workflowReferenceName": "7a79d7db-8800-ef11-a1fd-6045bd0855fb"
                            },
                            "body": {
                              "text": "ERROR : Failed",
                              "text_1": "@variables('WorkflowLink')",
                              "text_2": "@variables('MailTxnID')",
                              "boolean": false
                            }
                          }
                        }
                      }
                    },
                    "expression": {
                      "equals": [
                        "@variables('Move_Email_To_Folder')",
                        "Inbox"
                      ]
                    },
                    "metadata": {
                      "operationMetadataId": "b3c63282-fa87-435e-ae34-531f1809a0a0"
                    },
                    "type": "If"
                  }
                }
              },
              "expression": {
                "contains": [
                  "@variables('Move_Email_To_Folder')",
                  "_FAIProcessed"
                ]
              },
              "metadata": {
                "operationMetadataId": "6643fd92-8043-4de7-ac29-14c04c4cd8f9"
              },
              "type": "If"
            },
            "Condition-_Valid_Email": {
              "actions": {
                "Parse_JSON": {
                  "runAfter": {
                    "Array_of_Attachments_json": [
                      "Succeeded"
                    ]
                  },
                  "metadata": {
                    "operationMetadataId": "bc738f21-be51-4099-aa87-f79dc622e18f"
                  },
                  "type": "ParseJson",
                  "inputs": {
                    "content": "@outputs('Array_of_Attachments_json')",
                    "schema": {
                      "type": "array",
                      "items": {
                        "type": "object",
                        "properties": {
                          "Filename": {
                            "type": "string"
                          },
                          "ContentByte": {
                            "type": "string"
                          }
                        },
                        "required": [
                          "Filename",
                          "ContentByte"
                        ]
                      }
                    }
                  }
                },
                "Apply_to_each-_Attachment_Files": {
                  "foreach": "@body('Parse_JSON')",
                  "actions": {
                    "Form_rec_call": {
                      "runAfter": {},
                      "metadata": {
                        "operationMetadataId": "15793e7f-b3ae-43c1-bedd-0c4c4f36e872"
                      },
                      "type": "Workflow",
                      "inputs": {
                        "host": {
                          "workflowReferenceName": "66715b23-8900-ef11-a1fd-6045bd0855fb"
                        },
                        "body": {
                          "text": "@items('Apply_to_each-_Attachment_Files')['ContentByte']",
                          "text_1": "@triggerOutputs()?['body/subject']",
                          "number": "@int(outputs('Get_Attachment_Details')?['Body']?['mailtxnid'])",
                          "text_2": "@variables('WorkflowLink')"
                        },
                        "retryPolicy": {
                          "type": "none"
                        }
                      }
                    },
                    "Vendor_Identification": {
                      "runAfter": {
                        "Form_rec_call": [
                          "Succeeded"
                        ]
                      },
                      "metadata": {
                        "operationMetadataId": "d5d90742-63b3-4e1c-a545-7637d083b284"
                      },
                      "type": "Workflow",
                      "inputs": {
                        "host": {
                          "workflowReferenceName": "906b1d7e-8800-ef11-a1fd-6045bd0855fb"
                        },
                        "body": {
                          "text": "@body('Get_Attachment_Details')?['senderemail']",
                          "text_1": "@body('Get_Attachment_Details')?['sendername']",
                          "text_3": "@body('Get_Attachment_Details')?['agencyemail']",
                          "text_5": "@body('Get_Attachment_Details')?['mailtxnid']",
                          "text_6": "@variables('WorkflowLink')",
                          "text_7": "@body('Form_rec_call')?['pdftext']",
                          "text_2": "@body('Get_Attachment_Details')?['pubcode']",
                          "text_4": "@body('Form_rec_call')?['vendorname']"
                        },
                        "retryPolicy": {
                          "type": "none"
                        }
                      }
                    },
                    "Condition_For_Valid_Invoice": {
                      "actions": {
                        "Run_a_Child_Flow_-_Log_an_Event_7": {
                          "runAfter": {},
                          "metadata": {
                            "operationMetadataId": "21e7b9f3-0609-4154-91bc-ede65042621f"
                          },
                          "type": "Workflow",
                          "inputs": {
                            "host": {
                              "workflowReferenceName": "423112eb-8800-ef11-a1fd-6045bd0855fb"
                            },
                            "body": {
                              "text": "@workflow()?['tags']?['flowDisplayName']",
                              "text_1": "@variables('WorkflowLink')",
                              "text_2": "When a New Mail Arrives in Common Mailbox",
                              "text_3": "If yes: Process started for valid Invoice",
                              "text_4": "@variables('MailTxnID')"
                            }
                          }
                        },
                        "Condition_For_Multipage": {
                          "actions": {
                            "Array_Of_Split_Attachments": {
                              "runAfter": {
                                "Split_Multipage_Invoices": [
                                  "Succeeded"
                                ]
                              },
                              "metadata": {
                                "operationMetadataId": "73a4c232-caf1-4c0c-adc3-fdc061f80be7"
                              },
                              "type": "Compose",
                              "inputs": "@json(outputs('Split_Multipage_Invoices')?['Body']?['splitinvoices'])"
                            },
                            "Parse_JSON_For_Split_PDF": {
                              "runAfter": {
                                "Array_Of_Split_Attachments": [
                                  "Succeeded"
                                ]
                              },
                              "metadata": {
                                "operationMetadataId": "378de245-bda3-4b83-8419-7c252e91305c"
                              },
                              "type": "ParseJson",
                              "inputs": {
                                "content": "@outputs('Array_Of_Split_Attachments')",
                                "schema": {
                                  "type": "array",
                                  "items": {
                                    "type": "object",
                                    "properties": {
                                      "Filename": {
                                        "type": "string"
                                      },
                                      "ContentByte": {
                                        "type": "string"
                                      }
                                    },
                                    "required": [
                                      "Filename",
                                      "ContentByte"
                                    ]
                                  }
                                }
                              }
                            },
                            "Apply_to_each_For_Split": {
                              "foreach": "@body('Parse_JSON_For_Split_PDF')",
                              "actions": {
                                "Run_a_Child_Flow_Form_Rec_-_Split": {
                                  "runAfter": {},
                                  "metadata": {
                                    "operationMetadataId": "427345f8-b85c-4415-af1d-94148492cfd9"
                                  },
                                  "type": "Workflow",
                                  "inputs": {
                                    "host": {
                                      "workflowReferenceName": "66715b23-8900-ef11-a1fd-6045bd0855fb"
                                    },
                                    "body": {
                                      "text": "@items('Apply_to_each_For_Split')['ContentByte']",
                                      "text_1": "@triggerOutputs()?['body/subject']",
                                      "number": "@int(outputs('Get_Attachment_Details')?['Body']?['mailtxnid'])",
                                      "text_2": "@variables('WorkflowLink')"
                                    }
                                  }
                                },
                                "Data_Sanitization-Split": {
                                  "runAfter": {
                                    "Run_a_Child_Flow_Form_Rec_-_Split": [
                                      "Succeeded"
                                    ]
                                  },
                                  "metadata": {
                                    "operationMetadataId": "88141338-b27a-4cbf-9b0b-b113990b118d"
                                  },
                                  "type": "Workflow",
                                  "inputs": {
                                    "host": {
                                      "workflowReferenceName": "a2328904-8900-ef11-a1fd-6045bd0855fb"
                                    },
                                    "body": {
                                      "text": "@body('Run_a_Child_Flow_Form_Rec_-_Split')?['invoiceamount']",
                                      "text_1": "@body('Run_a_Child_Flow_Form_Rec_-_Split')?['taxamount']",
                                      "text_2": "@body('Run_a_Child_Flow_Form_Rec_-_Split')?['invoicenumber']",
                                      "text_3": "@items('Apply_to_each_For_Split')['Filename']",
                                      "text_4": "@body('Run_a_Child_Flow_Form_Rec_-_Split')?['campaignid']",
                                      "text_5": "@body('Run_a_Child_Flow_Form_Rec_-_Split')?['insertionorder']",
                                      "text_6": "@body('Run_a_Child_Flow_Form_Rec_-_Split')?['cpe']",
                                      "text_7": "@body('Run_a_Child_Flow_Form_Rec_-_Split')?['invoicedate']",
                                      "text_8": "@body('Run_a_Child_Flow_Form_Rec_-_Split')?['invoicemos']",
                                      "text_9": "@variables('MailTxnID')",
                                      "text_10": "@variables('WorkflowLink')",
                                      "text_11": "@body('Run_a_Child_Flow_Form_Rec_-_Split')?['contractnumber']"
                                    }
                                  }
                                },
                                "SharePoint_Attachment_Store_-_Split": {
                                  "runAfter": {
                                    "Data_Sanitization-Split": [
                                      "Succeeded"
                                    ]
                                  },
                                  "metadata": {
                                    "operationMetadataId": "c7346ae0-327f-46e8-a3bd-4a6a0f1606ab"
                                  },
                                  "type": "Workflow",
                                  "inputs": {
                                    "host": {
                                      "workflowReferenceName": "6dbe978b-8800-ef11-a1fd-6045bd0855fb"
                                    },
                                    "body": {
                                      "text": "@body('Vendor_Identification')?['agencyname']",
                                      "text_1": "@body('Vendor_Identification')?['vendorname']",
                                      "text_2": "@body('Vendor_Identification')?['faname']",
                                      "text_3": "@body('Data_Sanitization-Split')?['sanitized_file_name']",
                                      "text_4": "@items('Apply_to_each_For_Split')['ContentByte']",
                                      "text_5": "@body('Get_Attachment_Details')?['mailtxnid']",
                                      "text_6": "@variables('WorkflowLink')"
                                    }
                                  }
                                },
                                "Duplicate_Check_-_Split": {
                                  "runAfter": {
                                    "SharePoint_Attachment_Store_-_Split": [
                                      "Succeeded"
                                    ]
                                  },
                                  "metadata": {
                                    "operationMetadataId": "134477dc-f2f0-4ae4-8c7b-a472351a5dbc"
                                  },
                                  "type": "Workflow",
                                  "inputs": {
                                    "host": {
                                      "workflowReferenceName": "a796d162-8800-ef11-a1fd-000d3a5ce899"
                                    },
                                    "body": {
                                      "text": "@body('Data_Sanitization-Split')?['sanitized_invoice_number']",
                                      "text_1": "@body('Data_Sanitization-Split')?['sanitized_invoice_amount']",
                                      "number": "@int(outputs('Vendor_Identification')?['Body']?['agencyid'])",
                                      "number_1": "@int(outputs('Vendor_Identification')?['Body']?['vendorid'])",
                                      "text_2": "@body('Data_Sanitization-Split')?['sanitized_file_name']",
                                      "text_3": "@body('Get_Attachment_Details')?['senderemail']",
                                      "text_4": "@variables('WorkflowLink')",
                                      "number_2": "@int(outputs('Get_Attachment_Details')?['Body']?['mailtxnid'])"
                                    }
                                  }
                                },
                                "Set_variable_-_Flow_Failed": {
                                  "runAfter": {
                                    "Insert_Data_To_SQL_DB_-_Split": [
                                      "Failed",
                                      "Skipped",
                                      "TimedOut"
                                    ]
                                  },
                                  "metadata": {
                                    "operationMetadataId": "c2f1582d-34a2-44e0-ac05-4aab012fc797"
                                  },
                                  "type": "SetVariable",
                                  "inputs": {
                                    "name": "Move_Email_To_Folder",
                                    "value": "Failed"
                                  }
                                },
                                "Insert_Data_To_SQL_DB_-_Split": {
                                  "runAfter": {
                                    "Duplicate_Check_-_Split": [
                                      "Succeeded"
                                    ]
                                  },
                                  "metadata": {
                                    "operationMetadataId": "4046aa6c-fa64-4f6d-96d4-50a075fc94d8"
                                  },
                                  "type": "Workflow",
                                  "inputs": {
                                    "host": {
                                      "workflowReferenceName": "110fd8d7-8700-ef11-a1fd-000d3a5ce899"
                                    },
                                    "body": {
                                      "number": "@int(outputs('Get_Attachment_Details')?['Body']?['mailtxnid'])",
                                      "number_1": "@int(outputs('Vendor_Identification')?['Body']?['vendorid'])",
                                      "number_2": "@int(outputs('Vendor_Identification')?['Body']?['agencyid'])",
                                      "number_3": "@int(outputs('Vendor_Identification')?['Body']?['faid'])",
                                      "boolean": true,
                                      "boolean_1": "@body('Duplicate_Check_-_Split')?['is_duplicate']",
                                      "text": "@body('Data_Sanitization-Split')?['sanitized_invoice_date']",
                                      "text_1": "@body('SharePoint_Attachment_Store_-_Split')?['sharepointfilename']",
                                      "text_2": "@body('Data_Sanitization-Split')?['sanitized_invoice_number']",
                                      "text_4": "@body('Data_Sanitization-Split')?['sanitized_invoice_amount']",
                                      "text_9": "@body('Data_Sanitization-Split')?['sanitized_invoice_mos']",
                                      "text_17": "@body('Vendor_Identification')?['vendorpubcode']",
                                      "text_18": "@body('Vendor_Identification')?['vendorpubname']",
                                      "text_20": "@body('SharePoint_Attachment_Store_-_Split')?['sharepointfileurl']",
                                      "boolean_2": true,
                                      "boolean_3": "@body('Duplicate_Check_-_Split')?['is_present_in_inv_master']",
                                      "text_7": "@variables('WorkflowLink')",
                                      "text_21": "@body('Run_a_Child_Flow_Form_Rec_-_Split')?['billedto']",
                                      "number_4": "@int(outputs('Run_a_Child_Flow_Form_Rec_-_Split')?['Body']?['agencybilltoid'])",
                                      "text_24": "@body('Run_a_Child_Flow_Form_Rec_-_Split')?['advertiser']",
                                      "text_6": "@body('Run_a_Child_Flow_Form_Rec_-_Split')?['pdftext']",
                                      "text_15": "@body('Run_a_Child_Flow_Form_Rec_-_Split')?['vendorname']",
                                      "text_16": "@body('Run_a_Child_Flow_Form_Rec_-_Split')?['clientid']",
                                      "text_23": "@body('Get_Attachment_Details')?['senderemail']",
                                      "text_22": "@body('Data_Sanitization-Split')?['sanitized_contract_number']"
                                    }
                                  }
                                }
                              },
                              "runAfter": {
                                "Parse_JSON_For_Split_PDF": [
                                  "Succeeded"
                                ]
                              },
                              "metadata": {
                                "operationMetadataId": "05bc2fbc-9d00-4d47-a9c2-e506f8fea9db"
                              },
                              "type": "Foreach"
                            },
                            "Run_a_Child_Flow_-_Log_an_Event_5": {
                              "runAfter": {},
                              "metadata": {
                                "operationMetadataId": "406382b7-0e67-4ccb-98a0-6d86532e5498"
                              },
                              "type": "Workflow",
                              "inputs": {
                                "host": {
                                  "workflowReferenceName": "423112eb-8800-ef11-a1fd-6045bd0855fb"
                                },
                                "body": {
                                  "text": "@workflow()?['tags']?['flowDisplayName']",
                                  "text_1": "@variables('WorkflowLink')",
                                  "text_2": "When a New Mail Arrives in Common Mailbox",
                                  "text_3": "If yes:-If yes: Do process for multipage invoice",
                                  "text_4": "@variables('MailTxnID')"
                                }
                              }
                            },
                            "Split_Multipage_Invoices": {
                              "runAfter": {
                                "Run_a_Child_Flow_-_Log_an_Event_5": [
                                  "Succeeded"
                                ]
                              },
                              "metadata": {
                                "operationMetadataId": "36aa74a8-83c5-4603-ae1b-391e4b50e6b9"
                              },
                              "type": "Workflow",
                              "inputs": {
                                "host": {
                                  "workflowReferenceName": "68825415-8900-ef11-a1fd-6045bd0855fb"
                                },
                                "body": {
                                  "text": "@items('Apply_to_each-_Attachment_Files')['ContentByte']",
                                  "text_1": "@body('Get_Attachment_Details')?['mailtxnid']",
                                  "text_2": "@variables('WorkflowLink')",
                                  "text_3": "@if(equals(outputs('Vendor_Identification')?['Body']?['vendorsplitregex'],null), 'zzz',outputs('Vendor_Identification')?['Body']?['vendorsplitregex'])",
                                  "text_4": "@body('Vendor_Identification')?['vendorpubname']",
                                  "text_5": "@items('Apply_to_each-_Attachment_Files')['Filename']"
                                },
                                "retryPolicy": {
                                  "type": "none"
                                }
                              }
                            }
                          },
                          "runAfter": {
                            "Run_a_Child_Flow_-_Log_an_Event_7": [
                              "Succeeded"
                            ]
                          },
                          "else": {
                            "actions": {
                              "Sharepoint_Attachment_Store": {
                                "runAfter": {
                                  "Data_Sanitization": [
                                    "Succeeded"
                                  ]
                                },
                                "metadata": {
                                  "operationMetadataId": "0880762a-5e96-4256-8a34-d94d628f7a31"
                                },
                                "type": "Workflow",
                                "inputs": {
                                  "host": {
                                    "workflowReferenceName": "6dbe978b-8800-ef11-a1fd-6045bd0855fb"
                                  },
                                  "body": {
                                    "text": "@body('Vendor_Identification')?['agencyname']",
                                    "text_1": "@body('Vendor_Identification')?['vendorname']",
                                    "text_2": "@body('Vendor_Identification')?['faname']",
                                    "text_3": "@body('Data_Sanitization')?['sanitized_file_name']",
                                    "text_4": "@items('Apply_to_each-_Attachment_Files')['ContentByte']",
                                    "text_5": "@body('Get_Attachment_Details')?['mailtxnid']",
                                    "text_6": "@variables('WorkflowLink')"
                                  }
                                }
                              },
                              "Duplicate_Check": {
                                "runAfter": {
                                  "Sharepoint_Attachment_Store": [
                                    "Succeeded"
                                  ]
                                },
                                "metadata": {
                                  "operationMetadataId": "135469e2-a540-40e6-a8a4-d99a9945653c"
                                },
                                "type": "Workflow",
                                "inputs": {
                                  "host": {
                                    "workflowReferenceName": "a796d162-8800-ef11-a1fd-000d3a5ce899"
                                  },
                                  "body": {
                                    "text": "@body('Data_Sanitization')?['sanitized_invoice_number']",
                                    "text_1": "@body('Data_Sanitization')?['sanitized_invoice_amount']",
                                    "number": "@int(outputs('Vendor_Identification')?['Body']?['agencyid'])",
                                    "number_1": "@int(outputs('Vendor_Identification')?['Body']?['vendorid'])",
                                    "text_2": "@body('Data_Sanitization')?['sanitized_file_name']",
                                    "text_3": "@body('Get_Attachment_Details')?['senderemail']",
                                    "text_4": "@variables('WorkflowLink')",
                                    "number_2": "@int(outputs('Get_Attachment_Details')?['Body']?['mailtxnid'])"
                                  }
                                }
                              },
                              "Set_variable_-_Flow_Failed_2": {
                                "runAfter": {
                                  "Insert_Data_To_SQL_DB": [
                                    "Failed",
                                    "Skipped",
                                    "TimedOut"
                                  ]
                                },
                                "metadata": {
                                  "operationMetadataId": "6774d534-a2bf-4568-88e2-6a3f35c23ba3"
                                },
                                "type": "SetVariable",
                                "inputs": {
                                  "name": "Move_Email_To_Folder",
                                  "value": "Failed"
                                }
                              },
                              "Insert_Data_To_SQL_DB": {
                                "runAfter": {
                                  "Duplicate_Check": [
                                    "Succeeded"
                                  ]
                                },
                                "metadata": {
                                  "operationMetadataId": "4046aa6c-fa64-4f6d-96d4-50a075fc94d8"
                                },
                                "type": "Workflow",
                                "inputs": {
                                  "host": {
                                    "workflowReferenceName": "110fd8d7-8700-ef11-a1fd-000d3a5ce899"
                                  },
                                  "body": {
                                    "number": "@int(outputs('Get_Attachment_Details')?['Body']?['mailtxnid'])",
                                    "number_1": "@int(outputs('Vendor_Identification')?['Body']?['vendorid'])",
                                    "number_2": "@int(outputs('Vendor_Identification')?['Body']?['agencyid'])",
                                    "number_3": "@int(outputs('Vendor_Identification')?['Body']?['faid'])",
                                    "boolean": true,
                                    "boolean_1": "@body('Duplicate_Check')?['is_duplicate']",
                                    "text": "@body('Data_Sanitization')?['sanitized_invoice_date']",
                                    "text_1": "@body('Sharepoint_Attachment_Store')?['sharepointfilename']",
                                    "text_2": "@body('Data_Sanitization')?['sanitized_invoice_number']",
                                    "text_4": "@body('Data_Sanitization')?['sanitized_invoice_amount']",
                                    "text_9": "@body('Data_Sanitization')?['sanitized_invoice_mos']",
                                    "text_17": "@body('Vendor_Identification')?['vendorpubcode']",
                                    "text_18": "@body('Vendor_Identification')?['vendorpubname']",
                                    "text_20": "@body('Sharepoint_Attachment_Store')?['sharepointfileurl']",
                                    "boolean_2": true,
                                    "boolean_3": "@body('Duplicate_Check')?['is_present_in_inv_master']",
                                    "text_7": "@variables('WorkflowLink')",
                                    "text_21": "@body('Form_rec_call')?['billedto']",
                                    "number_4": "@int(outputs('Form_rec_call')?['Body']?['agencybilltoid'])",
                                    "text_24": "@body('Form_rec_call')?['advertiser']",
                                    "text_6": "@body('Form_rec_call')?['pdftext']",
                                    "text_15": "@body('Form_rec_call')?['vendorname']",
                                    "text_16": "@body('Form_rec_call')?['clientid']",
                                    "text_23": "@body('Get_Attachment_Details')?['senderemail']",
                                    "text_22": "@body('Data_Sanitization')?['sanitized_contract_number']"
                                  }
                                }
                              },
                              "Run_a_Child_Flow_-_Log_an_Event_6": {
                                "runAfter": {},
                                "metadata": {
                                  "operationMetadataId": "912ec96f-c2a8-48b0-895f-d032d67e1c27"
                                },
                                "type": "Workflow",
                                "inputs": {
                                  "host": {
                                    "workflowReferenceName": "423112eb-8800-ef11-a1fd-6045bd0855fb"
                                  },
                                  "body": {
                                    "text": "@workflow()?['tags']?['flowDisplayName']",
                                    "text_1": "@variables('WorkflowLink')",
                                    "text_2": "When a New Mail Arrives in Common Mailbox",
                                    "text_3": "If no:-If no: Do process for single page invoice",
                                    "text_4": "@variables('MailTxnID')"
                                  }
                                }
                              },
                              "Data_Sanitization": {
                                "runAfter": {
                                  "Run_a_Child_Flow_-_Log_an_Event_6": [
                                    "Succeeded"
                                  ]
                                },
                                "metadata": {
                                  "operationMetadataId": "1c371b20-8caa-4ca4-a81c-3606153082cd"
                                },
                                "type": "Workflow",
                                "inputs": {
                                  "host": {
                                    "workflowReferenceName": "a2328904-8900-ef11-a1fd-6045bd0855fb"
                                  },
                                  "body": {
                                    "text": "@body('Form_rec_call')?['invoiceamount']",
                                    "text_1": "@body('Form_rec_call')?['taxamount']",
                                    "text_2": "@body('Form_rec_call')?['invoicenumber']",
                                    "text_3": "@items('Apply_to_each-_Attachment_Files')['Filename']",
                                    "text_4": "@body('Form_rec_call')?['campaignid']",
                                    "text_5": "@body('Form_rec_call')?['insertionorder']",
                                    "text_6": "@body('Form_rec_call')?['cpe']",
                                    "text_7": "@body('Form_rec_call')?['invoicedate']",
                                    "text_8": "@body('Form_rec_call')?['invoicemos']",
                                    "text_9": "@variables('MailTxnID')",
                                    "text_10": "@variables('WorkflowLink')",
                                    "text_11": "@body('Form_rec_call')?['contractnumber']"
                                  }
                                }
                              }
                            }
                          },
                          "expression": {
                            "equals": [
                              "@body('Vendor_Identification')?['ismultipage']",
                              "@true"
                            ]
                          },
                          "metadata": {
                            "operationMetadataId": "1f411686-813e-490e-a54b-fc0629b90030"
                          },
                          "type": "If"
                        }
                      },
                      "runAfter": {
                        "Vendor_Identification": [
                          "Succeeded"
                        ]
                      },
                      "else": {
                        "actions": {
                          "Run_a_Child_Flow-_Update_MailTxn_Table_For_Not_An_Invoice": {
                            "runAfter": {
                              "Run_a_Child_Flow_Insert_into_NoExt_Table_for_NotAnInvoice": [
                                "Succeeded",
                                "TimedOut",
                                "Skipped",
                                "Failed"
                              ]
                            },
                            "metadata": {
                              "operationMetadataId": "e4e73057-433f-4f6f-8e43-d0b933919067"
                            },
                            "type": "Workflow",
                            "inputs": {
                              "host": {
                                "workflowReferenceName": "7a79d7db-8800-ef11-a1fd-6045bd0855fb"
                              },
                              "body": {
                                "text": "PROCESSING: Not An Invoice",
                                "text_1": "@variables('WorkflowLink')",
                                "text_2": "@variables('MailTxnID')",
                                "boolean": false
                              }
                            }
                          },
                          "Condition_2": {
                            "actions": {
                              "Run_a_Child_Flow_-_Log_an_Event_9": {
                                "runAfter": {},
                                "metadata": {
                                  "operationMetadataId": "b86506cd-0025-4ebd-881b-5f042d6c95a1"
                                },
                                "type": "Workflow",
                                "inputs": {
                                  "host": {
                                    "workflowReferenceName": "423112eb-8800-ef11-a1fd-6045bd0855fb"
                                  },
                                  "body": {
                                    "text": "@workflow()?['tags']?['flowDisplayName']",
                                    "text_1": "@variables('WorkflowLink')",
                                    "text_2": "When a New Mail Arrives in Common Mailbox",
                                    "text_3": "If yes-If no-If yes: Move_Email_To_Folder is false. ",
                                    "text_4": "@variables('MailTxnID')"
                                  }
                                }
                              }
                            },
                            "runAfter": {
                              "Run_a_Child_Flow-_Update_MailTxn_Table_For_Not_An_Invoice": [
                                "Succeeded"
                              ]
                            },
                            "else": {
                              "actions": {
                                "Set_variable-_Email_Folder": {
                                  "runAfter": {},
                                  "metadata": {
                                    "operationMetadataId": "c4445f0a-a31d-4b78-8598-9c4b721e623a"
                                  },
                                  "type": "SetVariable",
                                  "inputs": {
                                    "name": "Move_Email_To_Folder",
                                    "value": "Inbox"
                                  }
                                },
                                "Run_a_Child_Flow_-_Log_an_Event_10": {
                                  "runAfter": {
                                    "Set_variable-_Email_Folder": [
                                      "Succeeded"
                                    ]
                                  },
                                  "metadata": {
                                    "operationMetadataId": "a80c352b-f7c8-4636-aba7-6381eabe54fc"
                                  },
                                  "type": "Workflow",
                                  "inputs": {
                                    "host": {
                                      "workflowReferenceName": "423112eb-8800-ef11-a1fd-6045bd0855fb"
                                    },
                                    "body": {
                                      "text": "@workflow()?['tags']?['flowDisplayName']",
                                      "text_1": "@variables('WorkflowLink')",
                                      "text_2": "When a New Mail Arrives in Common Mailbox",
                                      "text_3": "If yes-If no-if no: set Email Folder variable",
                                      "text_4": "@variables('MailTxnID')"
                                    }
                                  }
                                }
                              }
                            },
                            "expression": {
                              "equals": [
                                "@variables('Move_Email_To_Folder')",
                                "Failed"
                              ]
                            },
                            "metadata": {
                              "operationMetadataId": "606440f7-c727-4a53-87a7-01fe3f95b401"
                            },
                            "type": "If"
                          },
                          "Run_a_Child_Flow_-_Log_an_Event_8": {
                            "runAfter": {},
                            "metadata": {
                              "operationMetadataId": "eaab76a0-8d60-45ce-b0c8-84d6e5d39d8f"
                            },
                            "type": "Workflow",
                            "inputs": {
                              "host": {
                                "workflowReferenceName": "423112eb-8800-ef11-a1fd-6045bd0855fb"
                              },
                              "body": {
                                "text": "@workflow()?['tags']?['flowDisplayName']",
                                "text_1": "@variables('WorkflowLink')",
                                "text_2": "When a New Mail Arrives in Common Mailbox",
                                "text_3": "If no: Do process for Invalid mail ",
                                "text_4": "@variables('MailTxnID')"
                              }
                            }
                          },
                          "Run_a_Child_Flow_Insert_into_NoExt_Table_for_NotAnInvoice": {
                            "runAfter": {
                              "Run_a_Child_Flow_-_Log_an_Event_8": [
                                "Succeeded"
                              ]
                            },
                            "metadata": {
                              "operationMetadataId": "e51e65e5-c778-4c0d-a2c5-18d347e765d1"
                            },
                            "type": "Workflow",
                            "inputs": {
                              "host": {
                                "workflowReferenceName": "f5815dbb-8800-ef11-a1fd-6045bd0855fb"
                              },
                              "body": {
                                "text_2": "Not An Invoice",
                                "text_3": "Not An Invoice",
                                "text_8": "@body('Get_Attachment_Details')?['mailtxnid']",
                                "text_9": "@variables('WorkflowLink')",
                                "text_12": "@triggerOutputs()?['body/receivedDateTime']",
                                "text_13": "@body('Get_Attachment_Details')?['senderemail']",
                                "text": "NA",
                                "text_1": "NA",
                                "text_4": "@items('Apply_to_each-_Attachment_Files')['Filename']",
                                "text_5": "@body('Form_rec_call')?['invoiceamount']",
                                "text_6": "@body('Form_rec_call')?['invoicedate']",
                                "text_7": "@body('Form_rec_call')?['invoicenumber']",
                                "text_10": "@body('Form_rec_call')?['creditoninvoice']",
                                "text_11": "@body('Form_rec_call')?['remittanceaddress']",
                                "text_14": "@body('Form_rec_call')?['taxamount']",
                                "text_15": "NA",
                                "text_16": "@body('Vendor_Identification')?['vendorname']"
                              }
                            }
                          }
                        }
                      },
                      "expression": {
                        "or": [
                          {
                            "not": {
                              "equals": [
                                "@body('Form_rec_call')?['notaninvoice']",
                                "@true"
                              ]
                            }
                          },
                          {
                            "equals": [
                              "@body('Get_Attachment_Details')?['ismailtofai']",
                              "@true"
                            ]
                          },
                          {
                            "not": {
                              "equals": [
                                "@toLower(outputs('Form_rec_call')?['Body']?['notaninvoice'])",
                                true
                              ]
                            }
                          }
                        ]
                      },
                      "metadata": {
                        "operationMetadataId": "7cf93c26-17f3-4657-9ae4-2f0583aee99d"
                      },
                      "type": "If"
                    }
                  },
                  "runAfter": {
                    "Parse_JSON": [
                      "Succeeded"
                    ]
                  },
                  "metadata": {
                    "operationMetadataId": "ec2d49a3-4473-4a74-8f86-7614a9e7f84e"
                  },
                  "type": "Foreach"
                },
                "Run_a_Child_Flow_-_Log_an_Event_3": {
                  "runAfter": {},
                  "metadata": {
                    "operationMetadataId": "29dc6f6c-a7ad-4ca2-9cde-9627ae9fb885"
                  },
                  "type": "Workflow",
                  "inputs": {
                    "host": {
                      "workflowReferenceName": "423112eb-8800-ef11-a1fd-6045bd0855fb"
                    },
                    "body": {
                      "text": "@workflow()?['tags']?['flowDisplayName']",
                      "text_1": "@variables('WorkflowLink')",
                      "text_2": "When a New Mail Arrives in Common Mailbox",
                      "text_3": "If yes: Do process for valid mail ",
                      "text_4": "@variables('MailTxnID')"
                    }
                  }
                },
                "Array_of_Attachments_json": {
                  "runAfter": {
                    "Run_a_Child_Flow_-_Log_an_Event_3": [
                      "Succeeded"
                    ]
                  },
                  "metadata": {
                    "operationMetadataId": "658f55f5-3637-426b-94ef-a0ac27fac3b2"
                  },
                  "type": "Compose",
                  "inputs": "@json(outputs('Get_Attachment_Details')?['Body']?['attachments'])"
                }
              },
              "runAfter": {
                "Get_Attachment_Details": [
                  "Succeeded"
                ]
              },
              "else": {
                "actions": {
                  "Set_variable": {
                    "runAfter": {},
                    "metadata": {
                      "operationMetadataId": "bfa121be-3af1-432f-975d-18c29d9e0daf"
                    },
                    "type": "SetVariable",
                    "inputs": {
                      "name": "Move_Email_To_Folder",
                      "value": "@body('Get_Attachment_Details')?['move_email_to_folder']"
                    }
                  },
                  "Terminate_2": {
                    "runAfter": {
                      "Run_a_Child_Flow_-_Log_an_Event_4": [
                        "Succeeded"
                      ]
                    },
                    "metadata": {
                      "operationMetadataId": "39982560-e0e1-4391-a6e6-6ac78557d815"
                    },
                    "type": "Terminate",
                    "inputs": {
                      "runStatus": "Cancelled"
                    }
                  },
                  "Run_a_Child_Flow-_To_Google,_Invalid-MailToFAI,_Invalid-GroupM,_NoAttachments": {
                    "runAfter": {
                      "Set_variable": [
                        "Succeeded"
                      ]
                    },
                    "metadata": {
                      "operationMetadataId": "d1e62e68-fa75-4e18-884f-34787d2ba73d"
                    },
                    "type": "Workflow",
                    "inputs": {
                      "host": {
                        "workflowReferenceName": "78941ff7-8800-ef11-a1fd-6045bd0855fb"
                      },
                      "body": {
                        "text": "@triggerOutputs()?['body/id']",
                        "text_1": "@variables('Move_Email_To_Folder')"
                      }
                    }
                  },
                  "Run_a_Child_Flow-_Update_MailTxn_Table_for_Invalid_Mail": {
                    "runAfter": {
                      "Run_a_Child_Flow-_To_Google,_Invalid-MailToFAI,_Invalid-GroupM,_NoAttachments": [
                        "Succeeded"
                      ]
                    },
                    "metadata": {
                      "operationMetadataId": "84566472-19fc-4b08-ad36-09371dcd1360"
                    },
                    "type": "Workflow",
                    "inputs": {
                      "host": {
                        "workflowReferenceName": "7a79d7db-8800-ef11-a1fd-6045bd0855fb"
                      },
                      "body": {
                        "text": "Email Moved To: @{variables('Move_Email_To_Folder')}",
                        "text_1": "@variables('WorkflowLink')",
                        "text_2": "@variables('MailTxnID')",
                        "boolean": false
                      }
                    }
                  },
                  "Run_a_Child_Flow_-_Log_an_Event_4": {
                    "runAfter": {
                      "Run_a_Child_Flow-_Update_MailTxn_Table_for_Invalid_Mail": [
                        "Succeeded"
                      ]
                    },
                    "metadata": {
                      "operationMetadataId": "fa4b9c88-59d1-404f-882d-cc36c9519492"
                    },
                    "type": "Workflow",
                    "inputs": {
                      "host": {
                        "workflowReferenceName": "423112eb-8800-ef11-a1fd-6045bd0855fb"
                      },
                      "body": {
                        "text": "@workflow()?['tags']?['flowDisplayName']",
                        "text_1": "@variables('WorkflowLink')",
                        "text_2": "When a New Mail Arrives in Common Mailbox",
                        "text_3": "If no: Terminate process if invalid email",
                        "text_4": "@variables('MailTxnID')"
                      }
                    }
                  }
                }
              },
              "expression": {
                "equals": [
                  "@body('Get_Attachment_Details')?['move_email_to_folder']",
                  "@variables('Move_Email_To_Folder')"
                ]
              },
              "metadata": {
                "operationMetadataId": "752c91f8-6feb-4235-a99a-534f3e6cb870"
              },
              "type": "If"
            },
            "Get_Attachment_Details": {
              "runAfter": {
                "Run_a_Child_Flow-_Update_MailTxn_Table": [
                  "Succeeded"
                ]
              },
              "metadata": {
                "operationMetadataId": "f70aba7b-eeef-41af-94b4-498ec406c786"
              },
              "type": "Workflow",
              "inputs": {
                "host": {
                  "workflowReferenceName": "4e572b78-f002-ef11-a1fd-000d3a3246d5"
                },
                "body": {
                  "text": "@triggerOutputs()?['body/id']",
                  "text_1": "@variables('WorkflowLink')",
                  "text_2": "@variables('MailTxnID')"
                }
              }
            },
            "Run_a_Child_Flow_-_Log_an_Event_2": {
              "runAfter": {},
              "metadata": {
                "operationMetadataId": "b6e70255-0972-4698-9147-a9c3bb9e4558"
              },
              "type": "Workflow",
              "inputs": {
                "host": {
                  "workflowReferenceName": "423112eb-8800-ef11-a1fd-6045bd0855fb"
                },
                "body": {
                  "text": "@workflow()?['tags']?['flowDisplayName']",
                  "text_1": "@variables('WorkflowLink')",
                  "text_2": "When a New Mail Arrives in Common Mailbox",
                  "text_3": "Global Try block execution started",
                  "text_4": "@variables('MailTxnID')"
                }
              }
            },
            "Run_a_Child_Flow-_Update_MailTxn_Table": {
              "runAfter": {
                "Run_a_Child_Flow_-_Log_an_Event_2": [
                  "Succeeded"
                ]
              },
              "metadata": {
                "operationMetadataId": "5ae5114d-3ac3-4d21-95ab-fa21e1422bde"
              },
              "type": "Workflow",
              "inputs": {
                "host": {
                  "workflowReferenceName": "7a79d7db-8800-ef11-a1fd-6045bd0855fb"
                },
                "body": {
                  "text": "Processing",
                  "text_1": "@variables('WorkflowLink')",
                  "text_2": "@variables('MailTxnID')",
                  "boolean": false
                }
              }
            },
            "Run_a_Child_Flow_-_Log_an_Event_15": {
              "runAfter": {
                "Condition-_Move_Email_to_specific_Folder_also_Update_MailTxn_table": [
                  "Succeeded"
                ]
              },
              "metadata": {
                "operationMetadataId": "a23f9839-75fd-4d03-8d7b-48cf302240f0"
              },
              "type": "Workflow",
              "inputs": {
                "host": {
                  "workflowReferenceName": "423112eb-8800-ef11-a1fd-6045bd0855fb"
                },
                "body": {
                  "text": "@workflow()?['tags']?['flowDisplayName']",
                  "text_1": "@variables('WorkflowLink')",
                  "text_2": "When a New Mail Arrives in Common Mailbox",
                  "text_3": "When a New Mail Arrives in Common Mailbox flow ended.",
                  "text_4": "@variables('MailTxnID')"
                }
              }
            }
          },
          "runAfter": {
            "Run_a_Child_Flow_-_Log_an_Event": [
              "Succeeded"
            ]
          },
          "metadata": {
            "operationMetadataId": "c97ac91e-c6dd-4cdc-905e-be074d780096"
          },
          "type": "Scope"
        },
        "Initialize_variable_-_WorkflowLink": {
          "runAfter": {},
          "metadata": {
            "operationMetadataId": "d680429a-7800-45d9-8c0b-2a2bc4125f0c"
          },
          "type": "InitializeVariable",
          "inputs": {
            "variables": [
              {
                "name": "WorkflowLink",
                "type": "string",
                "value": "@{concat('https://make.powerautomate.com/environments/',workflow()?['tags']['environmentName'],'/flows/',workflow()?['name'],'/runs/',workflow()?['run']['name'])}"
              }
            ]
          }
        },
        "Initialize_variable-_Move_Email_To_Folder": {
          "runAfter": {
            "Initialize_variable-_MailTxnID": [
              "Succeeded"
            ]
          },
          "metadata": {
            "operationMetadataId": "66166a59-3d2f-41ef-82cb-03c9d807b92b"
          },
          "type": "InitializeVariable",
          "inputs": {
            "variables": [
              {
                "name": "Move_Email_To_Folder",
                "type": "string",
                "value": "_FAIProcessed"
              }
            ]
          },
          "description": "Set This to _FAIProcessed, because Even if one attachment Failed/NotAnInvoice we are updating variable to Inbox To rerun the flow again."
        },
        "Initialize_variable-_MailTxnID": {
          "runAfter": {
            "Initialize_variable_-_WorkflowLink": [
              "Succeeded"
            ]
          },
          "metadata": {
            "operationMetadataId": "e4c2b346-e66d-4f0e-9f71-46f4f77c0257"
          },
          "type": "InitializeVariable",
          "inputs": {
            "variables": [
              {
                "name": "MailTxnID",
                "type": "string",
                "value": "@{substring(triggerOutputs()?['body/body'],\r\nadd(indexOf(triggerOutputs()?['body/body'], 'Mail Transaction ID : '), length('Mail Transaction ID : ')),\r\nsub(indexOf(skip(triggerOutputs()?['body/body'], add(indexOf(triggerOutputs()?['body/body'], 'Mail Transaction ID : '), length('Mail Transaction ID : '))), ' Mail Box ID'), 1)\r\n)}"
              }
            ]
          }
        },
        "Scope_Global_catch": {
          "actions": {
            "Filter_array_For_Error_Message": {
              "runAfter": {},
              "metadata": {
                "operationMetadataId": "50c2cc51-31b8-449f-a827-b096f6d9cbf6"
              },
              "type": "Query",
              "inputs": {
                "from": "@result('Scope_Global_try')",
                "where": "@or(equals(item()?['Status'], 'Failed'),equals(item()?['Status'], 'TimedOut'))"
              }
            },
            "Run_a_Child_Flow-_Send_Error_Email_Global": {
              "runAfter": {
                "Run_a_Child_Flow_-_Log_an_Exception": [
                  "Succeeded"
                ]
              },
              "metadata": {
                "operationMetadataId": "8eead098-3146-4226-af69-b3f80f27ad6f"
              },
              "type": "Workflow",
              "inputs": {
                "host": {
                  "workflowReferenceName": "46c1869c-8800-ef11-a1fd-000d3a5ce899"
                },
                "body": {
                  "text": "@string(body('Filter_array_For_Error_Message'))",
                  "text_1": "@variables('MailTxnID')",
                  "text_2": "@variables('WorkflowLink')",
                  "text_3": "@workflow().tags.flowDisplayName",
                  "text_4": "@variables('ChildWorkflowURL')"
                }
              }
            },
            "Terminate": {
              "runAfter": {
                "Run_a_Child_Flow-_Send_Error_Email_Global": [
                  "Succeeded",
                  "Failed",
                  "TimedOut",
                  "Skipped"
                ]
              },
              "metadata": {
                "operationMetadataId": "c4182191-0d37-4e5f-8f4d-eb6562c348a9"
              },
              "type": "Terminate",
              "inputs": {
                "runStatus": "Failed",
                "runError": {
                  "message": "Critical Error"
                }
              }
            },
            "Run_a_Child_Flow_-_Log_an_Exception": {
              "runAfter": {
                "Filter_array_For_Error_Message": [
                  "Succeeded"
                ]
              },
              "metadata": {
                "operationMetadataId": "fdaf77ce-5c37-4e27-91f2-7b426ca8e95c"
              },
              "type": "Workflow",
              "inputs": {
                "host": {
                  "workflowReferenceName": "44ff66c8-8800-ef11-a1fd-6045bd0855fb"
                },
                "body": {
                  "text": "@workflow().tags.flowDisplayName",
                  "text_1": "@variables('WorkflowLink')",
                  "text_2": "Not Available",
                  "text_3": "Not Available",
                  "text_4": "Error in Global try block",
                  "text_6": "@variables('MailTxnID')",
                  "text_5": "@workflow()['ID']"
                }
              }
            }
          },
          "runAfter": {
            "Scope_Global_try": [
              "Failed",
              "Skipped",
              "TimedOut"
            ]
          },
          "metadata": {
            "operationMetadataId": "51ab8ea4-7a77-4178-a99a-d133b2414289"
          },
          "type": "Scope"
        },
        "Run_a_Child_Flow_-_Log_an_Event": {
          "runAfter": {
            "Initialize_variable_-_ChildWorkflowURL": [
              "Succeeded"
            ]
          },
          "metadata": {
            "operationMetadataId": "2511faa5-c5d6-4a74-9ef7-c0f8296bf89d"
          },
          "type": "Workflow",
          "inputs": {
            "host": {
              "workflowReferenceName": "423112eb-8800-ef11-a1fd-6045bd0855fb"
            },
            "body": {
              "text": "@workflow()?['tags']?['flowDisplayName']",
              "text_1": "@variables('WorkflowLink')",
              "text_2": "When a New Mail Arrives in Common Mailbox",
              "text_3": "When a New Mail Arrives in Common Mailbox flow started",
              "text_4": "@variables('MailTxnID')"
            }
          }
        },
        "Initialize_variable_-_ChildWorkflowURL": {
          "runAfter": {
            "Initialize_variable-_Move_Email_To_Folder": [
              "Succeeded"
            ]
          },
          "metadata": {
            "operationMetadataId": "c0ad8c24-9b7e-439c-921d-59a5d25b2cd9"
          },
          "type": "InitializeVariable",
          "inputs": {
            "variables": [
              {
                "name": "ChildWorkflowURL",
                "type": "string",
                "value": "@{concat('https://make.powerautomate.com/environments/', workflow()?['tags']['environmentName'], '/flows/', workflow()?['name'], '/runs/', workflow()?['run']['name'])}"
              }
            ]
          }
        }
      }
    },
    "templateName": ""
  },
  "schemaVersion": "1.0.0.0"
}