{
  "properties": {
    "connectionReferences": {
      "shared_office365_1": {
        "runtimeSource": "embedded",
        "connection": {
          "connectionReferenceLogicalName": "apdig_sharedoffice365_c2e78"
        },
        "api": {
          "name": "shared_office365"
        }
      },
      "shared_sql_1": {
        "runtimeSource": "embedded",
        "connection": {
          "connectionReferenceLogicalName": "apdig_sharedsql_711e5"
        },
        "api": {
          "name": "shared_sql"
        }
      }
    },
    "definition": {
      "$schema": "https://schema.management.azure.com/providers/Microsoft.Logic/schemas/2016-06-01/workflowdefinition.json#",
      "contentVersion": "1.0.0.0",
      "parameters": {
        "$connections": {
          "defaultValue": {},
          "type": "Object"
        },
        "$authentication": {
          "defaultValue": {},
          "type": "SecureObject"
        },
        "[USA-AP-OOH]SQLServerName (apdig_USAAPOOHSQLServerName)": {
          "defaultValue": "eussqsvgrmusafinance01.database.windows.net",
          "type": "String",
          "metadata": {
            "schemaName": "apdig_USAAPOOHSQLServerName",
            "description": "OOH DB Server Name"
          }
        },
        "[USA-AP-OOH]SQLDatabaseName (apdig_USAAPOOHSQLDatabaseName)": {
          "defaultValue": "eussqdbgrmusaapoohdev01",
          "type": "String",
          "metadata": {
            "schemaName": "apdig_USAAPOOHSQLDatabaseName",
            "description": "SQL DB Name for OOH"
          }
        }
      },
      "triggers": {
        "manual": {
          "metadata": {
            "operationMetadataId": "a062345d-5078-4678-8759-1eda618fee5b"
          },
          "type": "Request",
          "kind": "Button",
          "inputs": {
            "schema": {
              "type": "object",
              "properties": {
                "email": {
                  "title": "Email",
                  "type": "string",
                  "format": "email",
                  "x-ms-dynamically-added": true,
                  "description": "Please enter an e-mail address",
                  "x-ms-content-hint": "EMAIL"
                },
                "text": {
                  "title": "MessageID",
                  "type": "string",
                  "x-ms-dynamically-added": true,
                  "description": "Please enter your input",
                  "x-ms-content-hint": "TEXT"
                },
                "text_1": {
                  "title": "SenderName",
                  "type": "string",
                  "x-ms-dynamically-added": true,
                  "description": "Please enter your input",
                  "x-ms-content-hint": "TEXT"
                }
              },
              "required": [
                "email",
                "text",
                "text_1"
              ]
            }
          }
        }
      },
      "actions": {
        "Get_email_(V2)": {
          "runAfter": {},
          "metadata": {
            "operationMetadataId": "9e6a8d13-9100-4b44-b7b7-825a52fd210a"
          },
          "type": "OpenApiConnection",
          "inputs": {
            "host": {
              "connectionName": "shared_office365_1",
              "operationId": "GetEmailV2",
              "apiId": "/providers/Microsoft.PowerApps/apis/shared_office365"
            },
            "parameters": {
              "messageId": "@triggerBody()['text']",
              "mailboxAddress": "@{triggerBody()['email']};",
              "includeAttachments": true
            },
            "authentication": {
              "type": "Raw",
              "value": "@json(decodeBase64(triggerOutputs().headers['X-MS-APIM-Tokens']))['$ConnectionKey']"
            },
            "retryPolicy": {
              "type": "fixed",
              "count": 3,
              "interval": "PT30S"
            }
          },
          "description": "The retry interval is set to 3"
        },
        "Initialize_variable_-_MailBoxName": {
          "runAfter": {
            "Get_email_(V2)": [
              "Succeeded"
            ]
          },
          "metadata": {
            "operationMetadataId": "aa71086b-54d0-4928-ad84-eab225d3ca77"
          },
          "type": "InitializeVariable",
          "inputs": {
            "variables": [
              {
                "name": "MailBoxName",
                "type": "string",
                "value": "@triggerBody()['email']"
              }
            ]
          }
        },
        "Initialize_variable_-_MailReceiveTime": {
          "runAfter": {
            "Initialize_variable_-_MailBoxName": [
              "Succeeded"
            ]
          },
          "metadata": {
            "operationMetadataId": "fea60d75-fd51-42ef-97e0-3c1afb4e7bc2"
          },
          "type": "InitializeVariable",
          "inputs": {
            "variables": [
              {
                "name": "MailReceiveTime",
                "type": "string",
                "value": "@outputs('Get_email_(V2)')?['body/receivedDateTime']"
              }
            ]
          }
        },
        "FormatDateTime": {
          "runAfter": {
            "Initialize_variable_-_MailReceiveTime": [
              "Succeeded"
            ]
          },
          "metadata": {
            "operationMetadataId": "dcc8e43f-0cea-4359-af5e-7c79cf89e578"
          },
          "type": "Compose",
          "inputs": "@formatDateTime(variables('MailReceiveTime'),'g')"
        },
        "Initialize_variable-_EmailFrom": {
          "runAfter": {
            "FormatDateTime": [
              "Succeeded"
            ]
          },
          "metadata": {
            "operationMetadataId": "fbde98e1-5bf7-4c1f-a77e-d3ea1e34b151"
          },
          "type": "InitializeVariable",
          "inputs": {
            "variables": [
              {
                "name": "EmailFrom",
                "type": "string",
                "value": "@outputs('Get_email_(V2)')?['body/from']"
              }
            ]
          }
        },
        "Initialize_variable-_EmailTo": {
          "runAfter": {
            "Initialize_variable-_EmailFrom": [
              "Succeeded"
            ]
          },
          "metadata": {
            "operationMetadataId": "9e3f691f-7ed6-4422-a2df-0d9e719376bd"
          },
          "type": "InitializeVariable",
          "inputs": {
            "variables": [
              {
                "name": "EmailTo",
                "type": "string",
                "value": "@outputs('Get_email_(V2)')?['body/toRecipients']"
              }
            ]
          }
        },
        "Initialize_variable-_MailSubject": {
          "runAfter": {
            "Initialize_variable-_EmailTo": [
              "Succeeded"
            ]
          },
          "metadata": {
            "operationMetadataId": "797cac13-7645-4d80-8235-0613c9f6e1a8"
          },
          "type": "InitializeVariable",
          "inputs": {
            "variables": [
              {
                "name": "MailSubject",
                "type": "string",
                "value": "@outputs('Get_email_(V2)')?['body/subject']"
              }
            ]
          }
        },
        "Filter_array-GetAttachmentCount": {
          "runAfter": {
            "Initialize_variable-_MailSubject": [
              "Succeeded"
            ]
          },
          "metadata": {
            "operationMetadataId": "2c9247b2-56eb-4a06-b697-7cfa9ce7bb72"
          },
          "type": "Query",
          "inputs": {
            "from": "@outputs('Get_email_(V2)')?['body/attachments']",
            "where": "@contains(item()?['name'], '.pdf')"
          }
        },
        "Count": {
          "runAfter": {
            "Filter_array-GetAttachmentCount": [
              "Succeeded"
            ]
          },
          "metadata": {
            "operationMetadataId": "3ce157b5-ccdf-4345-b1ce-6d5dab2d0a62"
          },
          "type": "Compose",
          "inputs": "@length(body('Filter_array-GetAttachmentCount'))"
        },
        "Insert_row_(V2)": {
          "runAfter": {
            "Count": [
              "Succeeded"
            ]
          },
          "metadata": {
            "operationMetadataId": "146cb5b3-9e00-4735-903c-da1164776b1d"
          },
          "type": "OpenApiConnection",
          "inputs": {
            "host": {
              "connectionName": "shared_sql_1",
              "operationId": "PostItem_V2",
              "apiId": "/providers/Microsoft.PowerApps/apis/shared_sql"
            },
            "parameters": {
              "server": "@parameters('[USA-AP-OOH]SQLServerName (apdig_USAAPOOHSQLServerName)')",
              "database": "@parameters('[USA-AP-OOH]SQLDatabaseName (apdig_USAAPOOHSQLDatabaseName)')",
              "table": "[dbo].[OOH_Mail_Txn]",
              "item/Mail_Subject": "@variables('MailSubject')",
              "item/Mail_From_name": "@triggerBody()['text_1']",
              "item/Mail_SenderId": "@variables('EmailFrom')",
              "item/Mail_Box_Name": "@triggerBody()['email']",
              "item/Mail_IsAttachment_Renamed": false,
              "item/Mail_Received_Date": "@outputs('FormatDateTime')",
              "item/Mail_Is_Forwarded": true,
              "item/Mail_IsPAO_Successful": false,
              "item/Mail_Attachment_Count": "@outputs('Count')"
            },
            "authentication": {
              "type": "Raw",
              "value": "@json(decodeBase64(triggerOutputs().headers['X-MS-APIM-Tokens']))['$ConnectionKey']"
            },
            "retryPolicy": {
              "type": "fixed",
              "count": 3,
              "interval": "PT2M"
            }
          },
          "description": "The retry interval is set to 3"
        },
        "Respond_to_a_Power_App_or_flow": {
          "runAfter": {
            "Insert_row_(V2)": [
              "Succeeded"
            ]
          },
          "metadata": {
            "operationMetadataId": "8a8c5624-5609-4ab7-8e1b-704be5224788"
          },
          "type": "Response",
          "kind": "PowerApp",
          "inputs": {
            "statusCode": 200,
            "body": {
              "messageid": "@outputs('Get_email_(V2)')?['body/id']",
              "mailtxnid": "@{outputs('Insert_row_(V2)')?['body/Mail_ID']}"
            },
            "schema": {
              "type": "object",
              "properties": {
                "messageid": {
                  "title": "MessageID",
                  "x-ms-dynamically-added": true,
                  "type": "string"
                },
                "mailtxnid": {
                  "title": "MailTxnID",
                  "x-ms-dynamically-added": true,
                  "type": "string"
                }
              }
            }
          }
        }
      }
    },
    "templateName": ""
  },
  "schemaVersion": "1.0.0.0"
}