{
  "properties": {
    "connectionReferences": {
      "shared_office365_1": {
        "runtimeSource": "embedded",
        "connection": {
          "connectionReferenceLogicalName": "apdig_USDIGCONNOutlookDigInvoiceBot"
        },
        "api": {
          "name": "shared_office365"
        }
      }
    },
    "definition": {
      "$schema": "https://schema.management.azure.com/providers/Microsoft.Logic/schemas/2016-06-01/workflowdefinition.json#",
      "contentVersion": "1.0.0.0",
      "parameters": {
        "$connections": {
          "defaultValue": {},
          "type": "Object"
        },
        "$authentication": {
          "defaultValue": {},
          "type": "SecureObject"
        },
        "[USA-AP-OOH]SharedMailBoxName (apooh_USAAPOOHSharedMailBoxNam)": {
          "defaultValue": "aoc.ap.ooh.dev@groupm.com",
          "type": "String",
          "metadata": {
            "schemaName": "apooh_USAAPOOHSharedMailBoxNam",
            "description": "email address of the shared mailbox"
          }
        },
        "[USA-AP-OOH]ErrorMailToEmails (apdig_USAAPOOHErrorMailToEmails)": {
          "defaultValue": "vishaljagta@cybage.com;rohitpaw@cybage.com;souravra@cybage.com;nikhilkumars@cybage.com;apurvakun@cybage.com",
          "type": "String",
          "metadata": {
            "schemaName": "apdig_USAAPOOHErrorMailToEmails"
          }
        }
      },
      "triggers": {
        "When_a_new_email_arrives_in_a_shared_mailbox_(V2)": {
          "recurrence": {
            "interval": 1,
            "frequency": "Minute"
          },
          "splitOn": "@triggerOutputs()?['body/value']",
          "metadata": {
            "operationMetadataId": "2a39598c-a7a8-4421-a0fb-d9fbe206ef30",
            "Id::AAMkADAzOGRjODZjLTcxZjMtNDg2NC04NDI3LWVlN2ViNDNlNTUyMwAuAAAAAABCcD6h8EyMR49SSivVusLCAQCg1EyMGiXXR5tx9YgYQqPRAATjgLDiAAA=": "_FAIProcessed",
            "Id::AAMkADAzOGRjODZjLTcxZjMtNDg2NC04NDI3LWVlN2ViNDNlNTUyMwAuAAAAAABCcD6h8EyMR49SSivVusLCAQBmTrNlEOS5QYJprzoiUBqMAAAA-XxaAAA=": "Inbox",
            "Id::AQMkAGNiMTQyMgA1OS0yYTE3LTRkYTMtODk1YS01ZmNmYzI0OGI1MmUALgAAA6tt6W0BDHhHtJqiSaQxU-cBAK9wf-rF01FEux8AUW30m-kAAAIBDAAAAA==": "Inbox"
          },
          "type": "OpenApiConnection",
          "inputs": {
            "host": {
              "connectionName": "shared_office365_1",
              "operationId": "SharedMailboxOnNewEmailV2",
              "apiId": "/providers/Microsoft.PowerApps/apis/shared_office365"
            },
            "parameters": {
              "mailboxAddress": "oohap@groupm.com",
              "folderId": "Id::AAMkADAzOGRjODZjLTcxZjMtNDg2NC04NDI3LWVlN2ViNDNlNTUyMwAuAAAAAABCcD6h8EyMR49SSivVusLCAQBmTrNlEOS5QYJprzoiUBqMAAAA-XxaAAA=",
              "importance": "Any",
              "hasAttachments": false,
              "includeAttachments": false
            },
            "authentication": "@parameters('$authentication')"
          }
        }
      },
      "actions": {
        "Compose-SenderName": {
          "runAfter": {
            "Parse_JSON": [
              "Succeeded"
            ]
          },
          "metadata": {
            "operationMetadataId": "834558ff-75a1-426c-a843-21f4a77ee1e2"
          },
          "type": "Compose",
          "inputs": "@body('Parse_JSON')?['emailAddress']?['name']"
        },
        "Initialize_variable-_Cmn_FrdToMailBox": {
          "runAfter": {
            "Initialize_variable-_FlowURL": [
              "Succeeded"
            ]
          },
          "metadata": {
            "operationMetadataId": "a09eab8f-9ac1-45aa-bd2c-5eff2f0e7e3c"
          },
          "type": "InitializeVariable",
          "inputs": {
            "variables": [
              {
                "name": "FrdToMailBox",
                "type": "string",
                "value": "@parameters('[USA-AP-OOH]SharedMailBoxName (apooh_USAAPOOHSharedMailBoxNam)')"
              }
            ]
          }
        },
        "Initialize_variable-_AgencyMailBox": {
          "runAfter": {
            "Initialize_variable-_Cmn_FrdToMailBox": [
              "Succeeded"
            ]
          },
          "metadata": {
            "operationMetadataId": "e032682f-b916-41a2-a8f6-17e4f6cfc8cb"
          },
          "type": "InitializeVariable",
          "inputs": {
            "variables": [
              {
                "name": "AgencyMailBox",
                "type": "string",
                "value": "oohap@groupm.com"
              }
            ]
          }
        },
        "Send_an_HTTP_request": {
          "runAfter": {
            "Initialize_variable-_AgencyMailBox": [
              "Succeeded"
            ]
          },
          "metadata": {
            "operationMetadataId": "7774eeb4-a149-4ce7-8193-e19a4105ee57"
          },
          "type": "OpenApiConnection",
          "inputs": {
            "host": {
              "connectionName": "shared_office365_1",
              "operationId": "HttpRequest",
              "apiId": "/providers/Microsoft.PowerApps/apis/shared_office365"
            },
            "parameters": {
              "Uri": "https://graph.microsoft.com/v1.0/users/@{variables('AgencyMailBox')}/messages/@{triggerOutputs()?['body/id']}/sender",
              "Method": "GET",
              "ContentType": "application/json"
            },
            "authentication": "@parameters('$authentication')",
            "retryPolicy": {
              "type": "fixed",
              "count": 3,
              "interval": "PT30S"
            }
          },
          "description": "The retry interval is set to 3"
        },
        "Parse_JSON": {
          "runAfter": {
            "Send_an_HTTP_request": [
              "Succeeded"
            ]
          },
          "metadata": {
            "operationMetadataId": "a4087b60-ddc5-42a7-afcc-40e12894dddf"
          },
          "type": "ParseJson",
          "inputs": {
            "content": "@body('Send_an_HTTP_request')",
            "schema": {
              "type": "object",
              "properties": {
                "@@odata.context": {
                  "type": "string"
                },
                "emailAddress": {
                  "type": "object",
                  "properties": {
                    "name": {
                      "type": "string"
                    },
                    "address": {
                      "type": "string"
                    }
                  }
                }
              }
            }
          }
        },
        "Try": {
          "actions": {
            "Run_a_Child_Flow_Store_mail_details": {
              "runAfter": {},
              "metadata": {
                "operationMetadataId": "e21b388b-0ba0-4fe5-9022-557763be3746"
              },
              "type": "Workflow",
              "inputs": {
                "host": {
                  "workflowReferenceName": "e4219cb5-0603-ef11-a1fd-6045bd03c069"
                },
                "body": {
                  "email": "@variables('AgencyMailBox')",
                  "text": "@triggerOutputs()?['body/id']",
                  "text_1": "@outputs('Compose-SenderName')"
                }
              }
            },
            "Run_a_Child_Flow-_Forward_mail_To_Common_Mail_Box": {
              "runAfter": {
                "Run_a_Child_Flow_Store_mail_details": [
                  "Succeeded"
                ]
              },
              "metadata": {
                "operationMetadataId": "02d98c18-f5f7-45de-9d3c-378ba1c7351e"
              },
              "type": "Workflow",
              "inputs": {
                "host": {
                  "workflowReferenceName": "7a4b7c48-0f03-ef11-a1fd-000d3a3b5bb1"
                },
                "body": {
                  "text": "@triggerOutputs()?['body/id']",
                  "text_1": "@variables('AgencyMailBox')",
                  "text_2": "@variables('FrdToMailBox')",
                  "text_3": "@body('Run_a_Child_Flow_Store_mail_details')?['mailtxnid']",
                  "text_4": "@triggerOutputs()?['body/from']",
                  "text_5": "@triggerOutputs()?['body/subject']",
                  "text_6": "@outputs('Compose-SenderName')"
                }
              }
            }
          },
          "runAfter": {
            "Compose-SenderName": [
              "Succeeded"
            ]
          },
          "metadata": {
            "operationMetadataId": "3487613b-9a9f-42b8-8751-fb74f302d151"
          },
          "type": "Scope"
        },
        "Catch": {
          "actions": {
            "Send_an_email_(V2)": {
              "runAfter": {},
              "metadata": {
                "operationMetadataId": "177f3ad2-7c73-41ec-9c77-1e562192907e"
              },
              "type": "OpenApiConnection",
              "inputs": {
                "host": {
                  "connectionName": "shared_office365_1",
                  "operationId": "SendEmailV2",
                  "apiId": "/providers/Microsoft.PowerApps/apis/shared_office365"
                },
                "parameters": {
                  "emailMessage/To": "@parameters('[USA-AP-OOH]ErrorMailToEmails (apdig_USAAPOOHErrorMailToEmails)')",
                  "emailMessage/Subject": "OOH mail details store - flow fail",
                  "emailMessage/Body": "<p>OOH mail details store flow fail<br>\nFlow url:&nbsp;@{variables('FlowURL')}</p>",
                  "emailMessage/Importance": "Normal"
                },
                "authentication": "@parameters('$authentication')"
              }
            }
          },
          "runAfter": {
            "Try": [
              "Failed",
              "Skipped",
              "TimedOut"
            ]
          },
          "metadata": {
            "operationMetadataId": "efc55579-55d7-4ff2-90e8-1f4e61f4784e"
          },
          "type": "Scope"
        },
        "Initialize_variable-_FlowURL": {
          "runAfter": {},
          "metadata": {
            "operationMetadataId": "4a5f1101-7a9e-41ff-a2ab-d04da56b297f"
          },
          "type": "InitializeVariable",
          "inputs": {
            "variables": [
              {
                "name": "FlowURL",
                "type": "string",
                "value": "@{concat('https://make.powerautomate.com/environments/',workflow()?['tags']['environmentName'],'/flows/',workflow()?['name'],'/runs/',workflow()?['run']['name'])}"
              }
            ]
          }
        }
      }
    },
    "templateName": ""
  },
  "schemaVersion": "1.0.0.0"
}