{
  "properties": {
    "connectionReferences": {
      "shared_sql_1": {
        "runtimeSource": "embedded",
        "connection": {
          "connectionReferenceLogicalName": "apdig_sharedsql_711e5"
        },
        "api": {
          "name": "shared_sql"
        }
      },
      "shared_office365_1": {
        "runtimeSource": "embedded",
        "connection": {
          "connectionReferenceLogicalName": "apdig_sharedoffice365_c2e78"
        },
        "api": {
          "name": "shared_office365"
        }
      }
    },
    "definition": {
      "$schema": "https://schema.management.azure.com/providers/Microsoft.Logic/schemas/2016-06-01/workflowdefinition.json#",
      "contentVersion": "1.0.0.0",
      "parameters": {
        "$connections": {
          "defaultValue": {},
          "type": "Object"
        },
        "$authentication": {
          "defaultValue": {},
          "type": "SecureObject"
        },
        "[USA-AP-OOH]SQLServerName (apdig_USAAPOOHSQLServerName)": {
          "defaultValue": "eussqsvgrmusafinance01.database.windows.net",
          "type": "String",
          "metadata": {
            "schemaName": "apdig_USAAPOOHSQLServerName",
            "description": "OOH DB Server Name"
          }
        },
        "[USA-AP-OOH]SQLDatabaseName (apdig_USAAPOOHSQLDatabaseName)": {
          "defaultValue": "eussqdbgrmusaapoohdev01",
          "type": "String",
          "metadata": {
            "schemaName": "apdig_USAAPOOHSQLDatabaseName",
            "description": "SQL DB Name for OOH"
          }
        },
        "[USA-AP-OOH]ErrorMailToEmails (apdig_USAAPOOHErrorMailToEmails)": {
          "defaultValue": "vishaljagta@cybage.com;rohitpaw@cybage.com;souravra@cybage.com;nikhilkumars@cybage.com;apurvakun@cybage.com",
          "type": "String",
          "metadata": {
            "schemaName": "apdig_USAAPOOHErrorMailToEmails"
          }
        }
      },
      "triggers": {
        "manual": {
          "metadata": {
            "operationMetadataId": "e68f8b64-ad45-4a4e-97fe-b87fd286cee6"
          },
          "type": "Request",
          "kind": "Button",
          "inputs": {
            "schema": {
              "type": "object",
              "properties": {
                "text": {
                  "title": "SenderEmail",
                  "type": "string",
                  "x-ms-dynamically-added": true,
                  "description": "Sender email from parent flow",
                  "x-ms-content-hint": "TEXT"
                },
                "text_1": {
                  "title": "SenderName",
                  "type": "string",
                  "x-ms-dynamically-added": true,
                  "description": "Sender name from parent flow",
                  "x-ms-content-hint": "TEXT"
                },
                "text_2": {
                  "title": "PubCode",
                  "type": "string",
                  "x-ms-dynamically-added": true,
                  "description": "Pub code in case of Mail2FAI",
                  "x-ms-content-hint": "TEXT"
                },
                "text_3": {
                  "title": "AgencyEmail",
                  "type": "string",
                  "x-ms-dynamically-added": true,
                  "description": "Please enter your input",
                  "x-ms-content-hint": "TEXT"
                },
                "text_4": {
                  "title": "VendorFormRecOutput",
                  "type": "string",
                  "x-ms-dynamically-added": true,
                  "description": "Please enter your input",
                  "x-ms-content-hint": "TEXT"
                },
                "text_5": {
                  "title": "MailTxnID",
                  "type": "string",
                  "x-ms-dynamically-added": true,
                  "description": "Please enter your input",
                  "x-ms-content-hint": "TEXT"
                },
                "text_6": {
                  "title": "FlowURL",
                  "type": "string",
                  "x-ms-dynamically-added": true,
                  "description": "Please enter your input",
                  "x-ms-content-hint": "TEXT"
                },
                "text_7": {
                  "title": "PDFText",
                  "type": "string",
                  "x-ms-dynamically-added": true,
                  "description": "Please enter your input",
                  "x-ms-content-hint": "TEXT"
                }
              },
              "required": [
                "text",
                "text_1",
                "text_3",
                "text_5",
                "text_6",
                "text_7"
              ]
            }
          }
        }
      },
      "actions": {
        "Initialize_variable-_Publication_Code": {
          "runAfter": {
            "Initialize_variable_-_ChildWorkflowURL": [
              "Succeeded"
            ]
          },
          "metadata": {
            "operationMetadataId": "a92ea256-ed8d-41df-8b74-7547a7669109"
          },
          "type": "InitializeVariable",
          "inputs": {
            "variables": [
              {
                "name": "PublicationCode",
                "type": "string",
                "value": "@{if(empty(triggerBody()?['text_2']),'',triggerBody()['text_2'])}"
              }
            ]
          }
        },
        "Compose_-_sanitize_vendor_FormRec_output": {
          "runAfter": {
            "Initialize_variable-_IsVendorIdentified": [
              "Succeeded"
            ]
          },
          "metadata": {
            "operationMetadataId": "5ae669d0-ebaf-4cdb-a7ee-82c04d9bb54d"
          },
          "type": "Compose",
          "inputs": "@if(empty(triggerBody()['text_4']),'',triggerBody()?['text_4'])"
        },
        "Respond_to_a_PowerApp_or_flow": {
          "runAfter": {
            "Catch": [
              "Skipped"
            ]
          },
          "metadata": {
            "operationMetadataId": "383a09d5-39c6-43fd-96d9-285889534bf3"
          },
          "type": "Response",
          "kind": "PowerApp",
          "inputs": {
            "statusCode": 200,
            "body": {
              "vendorid": "@{outputs('Execute_stored_procedure_(V2)_-_SP_Vendor_Identification_')?['body/outputparameters/Out_Vendor_ID']}",
              "vendorname": "@outputs('Execute_stored_procedure_(V2)_-_SP_Vendor_Identification_')?['body/outputparameters/Out_Vendor_Name']",
              "faid": "@{outputs('Execute_stored_procedure_(V2)_-_SP_Vendor_Identification_')?['body/outputparameters/Out_FA_ID']}",
              "faname": "@outputs('Execute_stored_procedure_(V2)_-_SP_Vendor_Identification_')?['body/outputparameters/Out_FA_Name']",
              "agencyid": "@{outputs('Execute_stored_procedure_(V2)_-_SP_Vendor_Identification_')?['body/outputparameters/Out_Agency_ID']}",
              "agencyname": "@outputs('Execute_stored_procedure_(V2)_-_SP_Vendor_Identification_')?['body/outputparameters/Out_Agency_Name']",
              "vendorpubcode": "@outputs('Execute_stored_procedure_(V2)_-_SP_Vendor_Identification_')?['body/outputparameters/Out_Pub_Code']",
              "vendorpubname": "@outputs('Execute_stored_procedure_(V2)_-_SP_Vendor_Identification_')?['body/outputparameters/Out_Pub_Name']",
              "vendorsplitregex": "@{body('Execute_stored_procedure_(V2)_-_SP_Vendor_Identification_')?['outputparameters']?['Out_Split_Regex_String']}",
              "ismultipage": "@if(equals(toLower(string(outputs('Execute_stored_procedure_(V2)_-_SP_Vendor_Identification_')?['body/outputparameters/Out_IsMultipage'])),'true'),true,false)",
              "mediacode": "@outputs('Execute_stored_procedure_(V2)_-_SP_Vendor_Identification_')?['body/outputparameters/Out_MediaCode']"
            },
            "schema": {
              "type": "object",
              "properties": {
                "vendorid": {
                  "title": "VendorId",
                  "x-ms-dynamically-added": true,
                  "type": "string"
                },
                "vendorname": {
                  "title": "VendorName",
                  "x-ms-dynamically-added": true,
                  "type": "string"
                },
                "faid": {
                  "title": "FAid",
                  "x-ms-dynamically-added": true,
                  "type": "string"
                },
                "faname": {
                  "title": "FAName",
                  "x-ms-dynamically-added": true,
                  "type": "string"
                },
                "agencyid": {
                  "title": "AgencyId",
                  "x-ms-dynamically-added": true,
                  "type": "string"
                },
                "agencyname": {
                  "title": "AgencyName",
                  "x-ms-dynamically-added": true,
                  "type": "string"
                },
                "vendorpubcode": {
                  "title": "VendorPubCode",
                  "x-ms-dynamically-added": true,
                  "type": "string"
                },
                "vendorpubname": {
                  "title": "VendorPubName",
                  "x-ms-dynamically-added": true,
                  "type": "string"
                },
                "vendorsplitregex": {
                  "title": "VendorSplitRegex",
                  "x-ms-dynamically-added": true,
                  "type": "string"
                },
                "ismultipage": {
                  "title": "IsMultipage",
                  "x-ms-dynamically-added": true,
                  "type": "boolean"
                },
                "mediacode": {
                  "title": "MediaCode",
                  "x-ms-dynamically-added": true,
                  "type": "string"
                }
              }
            }
          }
        },
        "Scope_Try": {
          "actions": {
            "Compose_-_Print": {
              "runAfter": {
                "Execute_stored_procedure_(V2)_-_SP_Vendor_Identification_": [
                  "Succeeded"
                ]
              },
              "metadata": {
                "operationMetadataId": "1df900fc-7c17-463e-b8d5-264641990cab"
              },
              "type": "Compose",
              "inputs": "@{outputs('Execute_stored_procedure_(V2)_-_SP_Vendor_Identification_')?['body/outputparameters/Out_Agency_Name']}\n@{outputs('Execute_stored_procedure_(V2)_-_SP_Vendor_Identification_')?['body/outputparameters/Out_Vendor_Name']}\n@{outputs('Execute_stored_procedure_(V2)_-_SP_Vendor_Identification_')?['body/outputparameters/Out_FA_Name']}"
            },
            "SP_-_Vendor_Identification_Failed": {
              "actions": {
                "Set_variable-_Vendor_identification_failed": {
                  "runAfter": {},
                  "metadata": {
                    "operationMetadataId": "18c86bfc-b953-4725-bc46-0c67957fe229"
                  },
                  "type": "SetVariable",
                  "inputs": {
                    "name": "IsVendorIdentified",
                    "value": "@outputs('Execute_stored_procedure_(V2)_-_SP_Vendor_Identification_')?['body/outputparameters/Out_ErrorDescription']"
                  }
                }
              },
              "runAfter": {
                "Compose_-_Print": [
                  "Succeeded"
                ]
              },
              "expression": {
                "not": {
                  "equals": [
                    "@outputs('Execute_stored_procedure_(V2)_-_SP_Vendor_Identification_')?['body/outputparameters/Out_ErrorDescription']",
                    "@null"
                  ]
                }
              },
              "metadata": {
                "operationMetadataId": "03a1b3ee-6b1a-4c79-82fa-970967d7429d"
              },
              "type": "If"
            },
            "Run_a_Child_Flow_-_Log_an_Event_2": {
              "runAfter": {},
              "metadata": {
                "operationMetadataId": "a626575d-86b8-4c9f-b787-c198b478a841"
              },
              "type": "Workflow",
              "inputs": {
                "host": {
                  "workflowReferenceName": "423112eb-8800-ef11-a1fd-6045bd0855fb"
                },
                "body": {
                  "text": "@workflow()?['tags']?['flowDisplayName']",
                  "text_1": "@triggerBody()['text_6']",
                  "text_2": "Vendor Identification",
                  "text_3": "Execute stored procedure - SP Vendor Identification started",
                  "text_4": "@triggerBody()['text_5']"
                }
              }
            },
            "Execute_stored_procedure_(V2)_-_SP_Vendor_Identification_": {
              "runAfter": {
                "Run_a_Child_Flow_-_Log_an_Event_2": [
                  "Succeeded"
                ]
              },
              "limit": {
                "timeout": "PT3M"
              },
              "metadata": {
                "operationMetadataId": "418f3746-0d35-4910-8af8-bd3596fb945f"
              },
              "type": "OpenApiConnection",
              "inputs": {
                "host": {
                  "connectionName": "shared_sql_1",
                  "operationId": "ExecuteProcedure_V2",
                  "apiId": "/providers/Microsoft.PowerApps/apis/shared_sql"
                },
                "parameters": {
                  "server": "@parameters('[USA-AP-OOH]SQLServerName (apdig_USAAPOOHSQLServerName)')",
                  "database": "@parameters('[USA-AP-OOH]SQLDatabaseName (apdig_USAAPOOHSQLDatabaseName)')",
                  "procedure": "[dbo].[SP_OOH_Vendor_Identification]",
                  "parameters/In_Agency_Email": "@triggerBody()['text_3']",
                  "parameters/In_PubCode": "@variables('PublicationCode')",
                  "parameters/In_Sender_Email": "@triggerBody()['text']",
                  "parameters/In_Sender_Name": "@triggerBody()['text_1']",
                  "parameters/In_Vendor_Name_FormRec": "@outputs('Compose_-_sanitize_vendor_FormRec_output')"
                },
                "authentication": {
                  "type": "Raw",
                  "value": "@json(decodeBase64(triggerOutputs().headers['X-MS-APIM-Tokens']))['$ConnectionKey']"
                },
                "retryPolicy": {
                  "type": "fixed",
                  "count": 3,
                  "interval": "PT2M"
                }
              },
              "description": "The retry interval is set to 3"
            },
            "Run_a_Child_Flow_-_Log_an_Event_3": {
              "runAfter": {
                "SP_-_Vendor_Identification_Failed": [
                  "Succeeded"
                ]
              },
              "metadata": {
                "operationMetadataId": "a626575d-86b8-4c9f-b787-c198b478a841"
              },
              "type": "Workflow",
              "inputs": {
                "host": {
                  "workflowReferenceName": "423112eb-8800-ef11-a1fd-6045bd0855fb"
                },
                "body": {
                  "text": "@workflow()?['tags']?['flowDisplayName']",
                  "text_1": "@triggerBody()['text_6']",
                  "text_2": "Vendor Identification",
                  "text_3": "Vendor Identification ended",
                  "text_4": "@triggerBody()['text_5']"
                }
              }
            }
          },
          "runAfter": {
            "Compose_-_sanitize_vendor_FormRec_output": [
              "Succeeded"
            ]
          },
          "metadata": {
            "operationMetadataId": "71cc454f-07f0-4f7a-b89e-6fa11475bef1"
          },
          "type": "Scope"
        },
        "Catch": {
          "actions": {
            "Filter_array_For_Error_Message": {
              "runAfter": {},
              "metadata": {
                "operationMetadataId": "cb066039-f619-47e7-b5d2-0a1254bc734c"
              },
              "type": "Query",
              "inputs": {
                "from": "@result('Scope_Try')",
                "where": "@equals(item()?['Status'], 'Failed')"
              }
            },
            "Run_a_Child_Flow-_Log_an_Exception": {
              "runAfter": {
                "Run_a_Child_Flow-_Send_error_email": [
                  "Succeeded",
                  "Failed",
                  "Skipped",
                  "TimedOut"
                ]
              },
              "metadata": {
                "operationMetadataId": "3d96af92-ea83-4d0b-8c13-dd223cb290a3"
              },
              "type": "Workflow",
              "inputs": {
                "host": {
                  "workflowReferenceName": "44ff66c8-8800-ef11-a1fd-6045bd0855fb"
                },
                "body": {
                  "text": "@workflow()?['tags']?['flowDisplayName']",
                  "text_1": "@triggerBody()['text_6']",
                  "text_2": "@outputs('Execute_stored_procedure_(V2)_-_SP_Vendor_Identification_')?['body/outputparameters/Out_ErrorDescription']",
                  "text_3": "@outputs('Execute_stored_procedure_(V2)_-_SP_Vendor_Identification_')?['body/returncode']",
                  "text_4": "@outputs('Execute_stored_procedure_(V2)_-_SP_Vendor_Identification_')?['body/outputparameters/Out_ErrorDescription']",
                  "text_6": "@triggerBody()['text_5']",
                  "text_5": "@workflow()['Id']"
                }
              }
            },
            "Run_a_Child_Flow-_Send_error_email": {
              "runAfter": {
                "Filter_array_For_Error_Message": [
                  "Succeeded"
                ]
              },
              "metadata": {
                "operationMetadataId": "be49f168-f732-419c-a735-fef7475f21cf"
              },
              "type": "Workflow",
              "inputs": {
                "host": {
                  "workflowReferenceName": "46c1869c-8800-ef11-a1fd-000d3a5ce899"
                },
                "body": {
                  "text": "@string(body('Filter_array_For_Error_Message'))",
                  "text_1": "@triggerBody()['text_5']",
                  "text_2": "@triggerBody()['text_6']",
                  "text_3": "@workflow().tags.flowDisplayName",
                  "text_4": "@variables('ChildWorkflowURL')"
                }
              }
            },
            "Run_a_Child_Flow-_Update_MailTxn_Table": {
              "runAfter": {
                "Run_a_Child_Flow-_Log_an_Exception": [
                  "Succeeded",
                  "Failed",
                  "Skipped",
                  "TimedOut"
                ]
              },
              "metadata": {
                "operationMetadataId": "acce251b-754b-478a-b9d7-2651c4ad6beb"
              },
              "type": "Workflow",
              "inputs": {
                "host": {
                  "workflowReferenceName": "7a79d7db-8800-ef11-a1fd-6045bd0855fb"
                },
                "body": {
                  "text": "Error Failed : @{workflow().tags.flowDisplayName} ",
                  "text_1": "@triggerBody()['text_6']",
                  "text_2": "@string(triggerBody()['text_5'])",
                  "boolean": false
                }
              }
            },
            "Run_a_Child_Flow-_Insert_Into_NoExtTxn_Table": {
              "runAfter": {
                "Run_a_Child_Flow-_Update_MailTxn_Table": [
                  "Succeeded",
                  "Failed",
                  "Skipped",
                  "TimedOut"
                ]
              },
              "metadata": {
                "operationMetadataId": "7d7bd1e5-bf43-4a92-9b43-62eca2a3599e"
              },
              "type": "Workflow",
              "inputs": {
                "host": {
                  "workflowReferenceName": "f5815dbb-8800-ef11-a1fd-6045bd0855fb"
                },
                "body": {
                  "text_2": "Failed: @{workflow().tags.flowDisplayName}",
                  "text_3": "@workflow().tags.flowDisplayName",
                  "text_8": "@triggerBody()['text_5']",
                  "text_9": "@triggerBody()['text_6']",
                  "text_12": "Not Available",
                  "text_13": "Not Available",
                  "text": "NA",
                  "text_1": "NA",
                  "text_4": "NA",
                  "text_5": "NA",
                  "text_6": "NA",
                  "text_7": "NA",
                  "text_10": "NA",
                  "text_11": "NA",
                  "text_14": "NA",
                  "text_15": "NA",
                  "text_16": "NA"
                }
              }
            },
            "Send_an_email_(V2)": {
              "runAfter": {
                "Run_a_Child_Flow-_Insert_Into_NoExtTxn_Table": [
                  "Succeeded",
                  "Failed",
                  "Skipped",
                  "TimedOut"
                ]
              },
              "metadata": {
                "operationMetadataId": "debbedb6-000a-4c32-a63e-dc4a9ef1c562"
              },
              "type": "OpenApiConnection",
              "inputs": {
                "host": {
                  "connectionName": "shared_office365_1",
                  "operationId": "SendEmailV2",
                  "apiId": "/providers/Microsoft.PowerApps/apis/shared_office365"
                },
                "parameters": {
                  "emailMessage/To": "@parameters('[USA-AP-OOH]ErrorMailToEmails (apdig_USAAPOOHErrorMailToEmails)')",
                  "emailMessage/Subject": "Error Logging Failed",
                  "emailMessage/Body": "<p>Error Logging Failed: In Catch Block of Flow- @{workflow().tags.flowDisplayName}<br>\n</p>",
                  "emailMessage/Importance": "High"
                },
                "authentication": {
                  "type": "Raw",
                  "value": "@json(decodeBase64(triggerOutputs().headers['X-MS-APIM-Tokens']))['$ConnectionKey']"
                },
                "retryPolicy": {
                  "type": "fixed",
                  "count": 3,
                  "interval": "PT30S"
                }
              },
              "description": "The retry interval is set to 3"
            },
            "Terminate_3": {
              "runAfter": {
                "Send_an_email_(V2)": [
                  "Succeeded",
                  "Failed",
                  "Skipped",
                  "TimedOut"
                ]
              },
              "metadata": {
                "operationMetadataId": "9203d236-ca8c-4188-8ff2-cfbb2bf053d6"
              },
              "type": "Terminate",
              "inputs": {
                "runStatus": "Failed",
                "runError": {
                  "code": "P-EX-06"
                }
              }
            }
          },
          "runAfter": {
            "Scope_Try": [
              "Failed",
              "Skipped",
              "TimedOut"
            ]
          },
          "metadata": {
            "operationMetadataId": "a886400a-fb4e-42a7-b6c6-1eabd61e8794"
          },
          "type": "Scope"
        },
        "Initialize_variable-_IsVendorIdentified": {
          "runAfter": {
            "Initialize_variable-_Publication_Code": [
              "Succeeded"
            ]
          },
          "metadata": {
            "operationMetadataId": "a92ea256-ed8d-41df-8b74-7547a7669109"
          },
          "type": "InitializeVariable",
          "inputs": {
            "variables": [
              {
                "name": "IsVendorIdentified",
                "type": "boolean",
                "value": "@true"
              }
            ]
          }
        },
        "Run_a_Child_Flow_-_Log_an_Event": {
          "runAfter": {},
          "metadata": {
            "operationMetadataId": "a626575d-86b8-4c9f-b787-c198b478a841"
          },
          "type": "Workflow",
          "inputs": {
            "host": {
              "workflowReferenceName": "423112eb-8800-ef11-a1fd-6045bd0855fb"
            },
            "body": {
              "text": "@workflow()?['tags']?['flowDisplayName']",
              "text_1": "@triggerBody()['text_6']",
              "text_2": "Vendor Identification",
              "text_3": "Vendor Identification Started",
              "text_4": "@triggerBody()['text_5']"
            }
          }
        },
        "Initialize_variable_-_ChildWorkflowURL": {
          "runAfter": {
            "Run_a_Child_Flow_-_Log_an_Event": [
              "Succeeded"
            ]
          },
          "metadata": {
            "operationMetadataId": "c0ad8c24-9b7e-439c-921d-59a5d25b2cd9"
          },
          "type": "InitializeVariable",
          "inputs": {
            "variables": [
              {
                "name": "ChildWorkflowURL",
                "type": "string",
                "value": "@{concat('https://make.powerautomate.com/environments/', workflow()?['tags']['environmentName'], '/flows/', workflow()?['name'], '/runs/', workflow()?['run']['name'])}"
              }
            ]
          }
        }
      }
    },
    "templateName": ""
  },
  "schemaVersion": "1.0.0.0"
}