<environmentvariabledefinition schemaname="apdig_USAAPOOHSharePointFilePathToCrateFile">
  <defaultvalue>/Shared Documents/BotRuns/Test Power Automate/</defaultvalue>
  <displayname default="[USA-AP-OOH]SharePointFilePathToCreateFile">
    <label description="[USA-AP-OOH]SharePointFilePathToCreateFile" languagecode="1033" />
  </displayname>
  <introducedversion>1.0.0.0</introducedversion>
  <iscustomizable>1</iscustomizable>
  <isrequired>0</isrequired>
  <secretstore>0</secretstore>
  <type>100000000</type>
</environmentvariabledefinition>