<environmentvariabledefinition schemaname="apooh_USAAPOOHFunctionAppEventLogURI">
  <defaultvalue>https://eusfuncappgmnaapinfodev01.azurewebsites.net/api/Log_Success_Information?code=rGB__WGc7Mz7P8mnc4Sq7mQNmha0j1duSdIKbvDNj-9rAzFu3o1_wQ==</defaultvalue>
  <description default="URI parameter for Event logging Function App">
    <label description="URI parameter for Event logging Function App" languagecode="1033" />
  </description>
  <displayname default="[USA-AP-OOH]FunctionAppEventLogURI">
    <label description="[USA-AP-OOH]FunctionAppEventLogURI" languagecode="1033" />
  </displayname>
  <introducedversion>1.0.0.0</introducedversion>
  <iscustomizable>1</iscustomizable>
  <isrequired>0</isrequired>
  <secretstore>0</secretstore>
  <type>100000000</type>
</environmentvariabledefinition>