{
  "name": "[USA-AP-OOH] CALL | Date Formatter",
  "description": "When there is a function call, do action",
  "version": 2,
  "private": true,
  "concurrency": 1,
  "code": {
    "number": 0,
    "provider": "workato_recipe_function",
    "name": "execute",
    "as": "76262191",
    "title": null,
    "description": null,
    "keyword": "trigger",
    "dynamicPickListSelection": {
    },
    "toggleCfg": {
    },
    "input": {
      "parameters_schema_json": "[{\"name\":\"strDate\",\"type\":\"string\",\"optional\":false,\"hint\":\"Your inbound date as a string\",\"control_type\":\"text\"}]",
      "result_schema_json": "[{\"name\":\"dateOutput\",\"type\":\"date_time\",\"optional\":true,\"hint\":\"Output Date\",\"control_type\":\"date\"}]"
    },
    "extended_output_schema": [
      {
        "label": "Parameters",
        "name": "parameters",
        "properties": [
          {
            "control_type": "text",
            "label": "Str date",
            "name": "strDate",
            "type": "string",
            "optional": false,
            "hint": "Your inbound date as a string"
          }
        ],
        "type": "object"
      }
    ],
    "block": [
      {
        "number": 1,
        "provider": "workato_variable",
        "name": "declare_variable",
        "as": "e508496d",
        "title": "  Create variable FilterDate",
        "description": "Create variable <span class=\"provider\">FilterDate</span>",
        "keyword": "action",
        "dynamicPickListSelection": {
        },
        "toggleCfg": {
        },
        "input": {
          "variables": {
            "schema": "[{\"name\":\"FilterDate\",\"type\":\"string\",\"optional\":true,\"label\":\"FilterDate\",\"control_type\":\"text\"}]",
            "data": {
              "FilterDate": "=_('data.workato_recipe_function.76262191.parameters.strDate').gsub(/[00]{2}/, \"\")"
            }
          }
        },
        "extended_output_schema": [
          {
            "control_type": "text",
            "label": "FilterDate",
            "name": "FilterDate",
            "optional": true,
            "type": "string"
          }
        ],
        "extended_input_schema": [
          {
            "add_field_label": "Add a variable",
            "control_type": "form-schema-builder",
            "empty_schema_title": "Add variables by giving them a name, type and default value",
            "exclude_fields": [
              "hint"
            ],
            "item_label": "variable",
            "label": "Variables",
            "mark_as_required": true,
            "name": "variables",
            "ngIf": "!input.name",
            "optional": true,
            "properties": [
              {
                "control_type": "text",
                "label": "Schema",
                "extends_schema": true,
                "broadcast_change_event": true,
                "type": "string",
                "name": "schema"
              },
              {
                "properties": [
                  {
                    "control_type": "text",
                    "label": "FilterDate",
                    "name": "FilterDate",
                    "type": "string",
                    "optional": true,
                    "hint": "Defaults to nil if not supplied.",
                    "sticky": true
                  }
                ],
                "label": "Data",
                "type": "object",
                "name": "data"
              }
            ],
            "type": "object"
          }
        ],
        "visible_config_fields": [
          "variables.data.FilterDate"
        ],
        "uuid": "5db4072a-7a98-4520-b579-ccfdb6d0a24a"
      },
      {
        "number": 2,
        "provider": "workato_variable",
        "name": "declare_variable",
        "as": "0673a6e0",
        "title": "  Create variables strDate, dateOutput",
        "description": "Create variables <span class=\"provider\">strDate</span>, <span class=\"provider\">dateOutput</span>",
        "keyword": "action",
        "dynamicPickListSelection": {
        },
        "toggleCfg": {
        },
        "input": {
          "variables": {
            "schema": "[{\"name\":\"strDate\",\"type\":\"string\",\"optional\":true,\"label\":\"strDate\",\"control_type\":\"text\"},{\"name\":\"dateOutput\",\"type\":\"date\",\"optional\":true,\"label\":\"dateOutput\",\"control_type\":\"date\"}]",
            "data": {
              "strDate": "="
            }
          }
        },
        "extended_output_schema": [
          {
            "control_type": "text",
            "label": "strDate",
            "name": "strDate",
            "optional": true,
            "type": "string"
          },
          {
            "control_type": "date",
            "label": "dateOutput",
            "name": "dateOutput",
            "optional": true,
            "type": "date",
            "parse_output": "date_conversion",
            "render_input": "date_conversion"
          }
        ],
        "extended_input_schema": [
          {
            "add_field_label": "Add a variable",
            "control_type": "form-schema-builder",
            "empty_schema_title": "Add variables by giving them a name, type and default value",
            "exclude_fields": [
              "hint"
            ],
            "item_label": "variable",
            "label": "Variables",
            "mark_as_required": true,
            "name": "variables",
            "ngIf": "!input.name",
            "optional": true,
            "properties": [
              {
                "control_type": "text",
                "label": "Schema",
                "extends_schema": true,
                "broadcast_change_event": true,
                "type": "string",
                "name": "schema"
              },
              {
                "properties": [
                  {
                    "control_type": "text",
                    "label": "strDate",
                    "name": "strDate",
                    "type": "string",
                    "optional": true,
                    "hint": "Defaults to nil if not supplied.",
                    "sticky": true
                  },
                  {
                    "control_type": "date",
                    "label": "dateOutput",
                    "render_input": "date_conversion",
                    "parse_output": "date_conversion",
                    "name": "dateOutput",
                    "type": "date",
                    "optional": true,
                    "hint": "Defaults to nil if not supplied.",
                    "sticky": true
                  }
                ],
                "label": "Data",
                "type": "object",
                "name": "data"
              }
            ],
            "type": "object"
          }
        ],
        "visible_config_fields": [
          "variables.data.strDate",
          "variables",
          "variables.schema",
          "variables.data.dateOutput"
        ],
        "uuid": "c5d3966b-fbc0-4176-b11d-bcf6808bd4d4"
      },
      {
        "number": 3,
        "provider": "workato_variable",
        "name": "declare_variable",
        "as": "1a58e8e4",
        "title": "  Create variables strDate, dateOutput",
        "description": "Create variables <span class=\"provider\">strDate</span>, <span class=\"provider\">dateOutput</span>",
        "keyword": "action",
        "dynamicPickListSelection": {
        },
        "toggleCfg": {
        },
        "input": {
          "variables": {
            "schema": "[{\"name\":\"strDate\",\"type\":\"string\",\"optional\":true,\"label\":\"strDate\",\"control_type\":\"text\"},{\"name\":\"dateOutput\",\"type\":\"date\",\"optional\":true,\"label\":\"dateOutput\",\"control_type\":\"date\"}]",
            "data": {
              "strDate": "=_('data.workato_variable.e508496d.FilterDate').match?(/[A-Za-z]+/).present? ? _('data.workato_variable.e508496d.FilterDate').to_time.utc.strftime(\"%m/%d/%Y\")&.strip.gsub(/[00]{2}/, \"\") : _('data.workato_variable.e508496d.FilterDate').to_date(format: \"MM/DD/YYYY\").strftime(\"%m/%d/%Y\").gsub(/[00]{2}/, \"\")"
            }
          }
        },
        "extended_output_schema": [
          {
            "control_type": "text",
            "label": "strDate",
            "name": "strDate",
            "optional": true,
            "type": "string"
          },
          {
            "control_type": "date",
            "label": "dateOutput",
            "name": "dateOutput",
            "optional": true,
            "type": "date",
            "parse_output": "date_conversion",
            "render_input": "date_conversion"
          }
        ],
        "extended_input_schema": [
          {
            "add_field_label": "Add a variable",
            "control_type": "form-schema-builder",
            "empty_schema_title": "Add variables by giving them a name, type and default value",
            "exclude_fields": [
              "hint"
            ],
            "item_label": "variable",
            "label": "Variables",
            "mark_as_required": true,
            "name": "variables",
            "ngIf": "!input.name",
            "optional": true,
            "properties": [
              {
                "control_type": "text",
                "label": "Schema",
                "extends_schema": true,
                "broadcast_change_event": true,
                "type": "string",
                "name": "schema"
              },
              {
                "properties": [
                  {
                    "control_type": "text",
                    "label": "strDate",
                    "name": "strDate",
                    "type": "string",
                    "optional": true,
                    "hint": "Defaults to nil if not supplied.",
                    "sticky": true
                  },
                  {
                    "control_type": "date",
                    "label": "dateOutput",
                    "render_input": "date_conversion",
                    "parse_output": "date_conversion",
                    "name": "dateOutput",
                    "type": "date",
                    "optional": true,
                    "hint": "Defaults to nil if not supplied.",
                    "sticky": true
                  }
                ],
                "label": "Data",
                "type": "object",
                "name": "data"
              }
            ],
            "type": "object"
          }
        ],
        "visible_config_fields": [
          "variables.data.strDate",
          "variables",
          "variables.schema",
          "variables.data.dateOutput"
        ],
        "uuid": "9725cdd3-3c31-4c60-a232-005193eb2301",
        "skip": true
      },
      {
        "number": 4,
        "keyword": "try",
        "dynamicPickListSelection": {
        },
        "toggleCfg": {
        },
        "input": {
        },
        "block": [
          {
            "number": 5,
            "provider": "workato_variable",
            "name": "update_variables",
            "as": "563504af",
            "title": null,
            "description": "Update variables <span class=\"provider\">strDate</span>",
            "keyword": "action",
            "dynamicPickListSelection": {
              "name": [
                {
                  "label": "strDate (step 3)",
                  "value": "c5d3966b-fbc0-4176-b11d-bcf6808bd4d4:0673a6e0:strDate"
                }
              ]
            },
            "toggleCfg": {
            },
            "input": {
              "name": "c5d3966b-fbc0-4176-b11d-bcf6808bd4d4:0673a6e0:strDate",
              "strDate": "=_('data.workato_variable.e508496d.FilterDate').match?(/[A-Za-z]+/).present? ? _('data.workato_variable.e508496d.FilterDate').to_time.utc.strftime(\"%m/%d/%Y\")&.strip.gsub(/[00]{2}/, \"\") : _('data.workato_variable.e508496d.FilterDate').to_date(format: \"MM/DD/YYYY\").strftime(\"%m/%d/%Y\").gsub(/[00]{2}/, \"\")"
            },
            "extended_input_schema": [
              {
                "control_type": "text",
                "hint": "Provide a value for the variable. When the value is not supplied, the variable is not updated.<br>To clear the value, set the value to <b>nil</b> in formula mode.",
                "label": "strDate",
                "name": "strDate",
                "optional": true,
                "sticky": true,
                "type": "string",
                "strip_interpolation": true
              }
            ],
            "uuid": "7182ff50-fb22-4cc6-8585-a27166290352",
            "skip": false
          },
          {
            "number": 6,
            "as": "8bbb4e4b",
            "keyword": "catch",
            "dynamicPickListSelection": {
            },
            "toggleCfg": {
            },
            "input": {
              "max_retry_count": "0",
              "retry_interval": "2"
            },
            "block": [
              {
                "number": 7,
                "provider": "workato_variable",
                "name": "update_variables",
                "as": "fd4cf999",
                "title": null,
                "description": "Update variables <span class=\"provider\">strDate</span>",
                "keyword": "action",
                "dynamicPickListSelection": {
                  "name": [
                    {
                      "label": "strDate (step 3)",
                      "value": "c5d3966b-fbc0-4176-b11d-bcf6808bd4d4:0673a6e0:strDate"
                    }
                  ]
                },
                "toggleCfg": {
                },
                "input": {
                  "name": "c5d3966b-fbc0-4176-b11d-bcf6808bd4d4:0673a6e0:strDate",
                  "strDate": "=_('data.workato_variable.e508496d.FilterDate').match?(/\\//) ? _('data.workato_variable.e508496d.FilterDate') : (\"01/01/1900\")"
                },
                "extended_input_schema": [
                  {
                    "control_type": "text",
                    "hint": "Provide a value for the variable. When the value is not supplied, the variable is not updated.<br>To clear the value, set the value to <b>nil</b> in formula mode.",
                    "label": "strDate",
                    "name": "strDate",
                    "optional": true,
                    "sticky": true,
                    "type": "string",
                    "strip_interpolation": true
                  }
                ],
                "uuid": "590b52b3-2ec4-4607-ba02-60de946e9baa",
                "skip": false
              }
            ],
            "uuid": "8c6ec661-dfd5-4a8d-8791-225aa04517eb"
          }
        ],
        "uuid": "0422fe3a-c8f0-4489-822f-7e744aa136ac"
      },
      {
        "number": 8,
        "keyword": "if",
        "dynamicPickListSelection": {
        },
        "toggleCfg": {
        },
        "input": {
          "type": "compound",
          "operand": "and",
          "conditions": [
            {
              "operand": "is_true",
              "lhs": "=_('data.workato_variable.0673a6e0.strDate').to_s.gsub(\"/\",\"-\").split(\"-\")[2].length == 2",
              "rhs": "",
              "uuid": "condition-3fa511de-a261-4663-b881-2d951361f464"
            }
          ]
        },
        "block": [
          {
            "number": 9,
            "provider": "workato_variable",
            "name": "update_variables",
            "as": "2197f0bb",
            "title": null,
            "description": "Update variables <span class=\"provider\">strDate</span>",
            "keyword": "action",
            "dynamicPickListSelection": {
              "name": [
                {
                  "label": "strDate (step 2)",
                  "value": "c5d3966b-fbc0-4176-b11d-bcf6808bd4d4:0673a6e0:strDate"
                }
              ]
            },
            "toggleCfg": {
            },
            "input": {
              "name": "c5d3966b-fbc0-4176-b11d-bcf6808bd4d4:0673a6e0:strDate",
              "strDate": "=_('data.workato_variable.0673a6e0.strDate').gsub(\"/\",\"-\")"
            },
            "extended_input_schema": [
              {
                "control_type": "text",
                "hint": "Provide a value for the variable. When the value is not supplied, the variable is not updated.<br>To clear the value, set the value to <b>nil</b> in formula mode.",
                "label": "strDate",
                "name": "strDate",
                "optional": true,
                "sticky": true,
                "type": "string",
                "strip_interpolation": true
              }
            ],
            "comment": "Convert to MM-DD-YY",
            "uuid": "dd9f50b8-0613-42f6-b7df-afbba9b18d86"
          },
          {
            "number": 10,
            "provider": "workato_variable",
            "name": "update_variables",
            "as": "6552f3b0",
            "title": null,
            "description": "Update variables <span class=\"provider\">dateOutput</span>",
            "keyword": "action",
            "dynamicPickListSelection": {
              "name": [
                {
                  "label": "dateOutput (step 2)",
                  "value": "c5d3966b-fbc0-4176-b11d-bcf6808bd4d4:0673a6e0:dateOutput"
                }
              ]
            },
            "toggleCfg": {
            },
            "input": {
              "name": "c5d3966b-fbc0-4176-b11d-bcf6808bd4d4:0673a6e0:dateOutput",
              "dateOutput": "=(_('data.workato_variable.0673a6e0.strDate').split(\"-\")[0] + \"-\" + _('data.workato_variable.0673a6e0.strDate').split(\"-\")[1] + \"-20\" + _('data.workato_variable.0673a6e0.strDate').split(\"-\")[2]).to_date(format: \"MM-DD-YYYY\")"
            },
            "extended_input_schema": [
              {
                "control_type": "date",
                "hint": "Provide a value for the variable. When the value is not supplied, the variable is not updated.<br>To clear the value, set the value to <b>nil</b> in formula mode.",
                "label": "dateOutput",
                "name": "dateOutput",
                "optional": true,
                "sticky": true,
                "type": "date_time",
                "parse_output": "date_conversion",
                "render_input": "date_conversion",
                "strip_interpolation": true
              }
            ],
            "comment": "Convert to MM-DD-YYYY then convert to date",
            "uuid": "ca627ee1-b94f-49ee-8478-453d39e5bc06"
          },
          {
            "number": 11,
            "provider": "workato_recipe_function",
            "name": "return_result",
            "as": "29eedd74",
            "title": null,
            "description": null,
            "keyword": "action",
            "dynamicPickListSelection": {
            },
            "toggleCfg": {
            },
            "input": {
              "result": {
                "dateOutput": "#{_('data.workato_variable.0673a6e0.dateOutput')}"
              }
            },
            "extended_output_schema": [
              {
                "label": "Result",
                "name": "result",
                "properties": [
                  {
                    "control_type": "date",
                    "label": "Date output",
                    "render_input": "date_conversion",
                    "parse_output": "date_conversion",
                    "name": "dateOutput",
                    "type": "date_time",
                    "optional": true,
                    "hint": "Output Date"
                  }
                ],
                "type": "object"
              }
            ],
            "extended_input_schema": [
              {
                "label": "Result",
                "name": "result",
                "properties": [
                  {
                    "control_type": "date",
                    "label": "Date output",
                    "render_input": "date_conversion",
                    "parse_output": "date_conversion",
                    "name": "dateOutput",
                    "type": "date_time",
                    "optional": true,
                    "hint": "Output Date"
                  }
                ],
                "type": "object"
              }
            ],
            "visible_config_fields": [
              "result.dateOutput"
            ],
            "uuid": "c256ade7-fb1e-4698-b333-e6ffba7670d7"
          },
          {
            "number": 12,
            "keyword": "else",
            "dynamicPickListSelection": {
            },
            "toggleCfg": {
            },
            "input": {
            },
            "block": [
              {
                "number": 13,
                "keyword": "if",
                "dynamicPickListSelection": {
                },
                "toggleCfg": {
                },
                "input": {
                  "type": "compound",
                  "operand": "and",
                  "conditions": [
                    {
                      "operand": "is_true",
                      "lhs": "=_('data.workato_variable.0673a6e0.strDate').gsub(\"/\",\"-\").split(\"-\")[1].to_i > 12\n",
                      "rhs": "",
                      "uuid": "condition-19540d28-cb38-444f-8ec4-ba82ae70c45d"
                    }
                  ]
                },
                "block": [
                  {
                    "number": 14,
                    "keyword": "if",
                    "dynamicPickListSelection": {
                    },
                    "toggleCfg": {
                    },
                    "input": {
                      "type": "compound",
                      "operand": "and",
                      "conditions": [
                        {
                          "operand": "is_true",
                          "lhs": "=_('data.workato_variable.0673a6e0.strDate').gsub(\"/\",\"-\").split(\"-\")[0].length > 2",
                          "rhs": "",
                          "uuid": "condition-3fa511de-a261-4663-b881-2d951361f464"
                        }
                      ]
                    },
                    "block": [
                      {
                        "number": 15,
                        "provider": "workato_variable",
                        "name": "update_variables",
                        "as": "2bca7ef8",
                        "title": null,
                        "description": "Update variables <span class=\"provider\">dateOutput</span>",
                        "keyword": "action",
                        "dynamicPickListSelection": {
                          "name": [
                            {
                              "label": "dateOutput (step 2)",
                              "value": "c5d3966b-fbc0-4176-b11d-bcf6808bd4d4:0673a6e0:dateOutput"
                            }
                          ]
                        },
                        "toggleCfg": {
                        },
                        "input": {
                          "name": "c5d3966b-fbc0-4176-b11d-bcf6808bd4d4:0673a6e0:dateOutput",
                          "dateOutput": "=_('data.workato_variable.0673a6e0.strDate').gsub(\"/\",\"-\").to_date(format: \"YYYY-DD-MM\")"
                        },
                        "extended_input_schema": [
                          {
                            "control_type": "date",
                            "hint": "Provide a value for the variable. When the value is not supplied, the variable is not updated.<br>To clear the value, set the value to <b>nil</b> in formula mode.",
                            "label": "dateOutput",
                            "name": "dateOutput",
                            "optional": true,
                            "sticky": true,
                            "type": "date_time",
                            "parse_output": "date_conversion",
                            "render_input": "date_conversion",
                            "strip_interpolation": true
                          }
                        ],
                        "uuid": "a72aeae5-1f80-42d4-b21d-14b95e68671c"
                      },
                      {
                        "number": 16,
                        "provider": "workato_recipe_function",
                        "name": "return_result",
                        "as": "6708bd30",
                        "title": null,
                        "description": null,
                        "keyword": "action",
                        "dynamicPickListSelection": {
                        },
                        "toggleCfg": {
                        },
                        "input": {
                          "result": {
                            "dateOutput": "#{_('data.workato_variable.0673a6e0.dateOutput')}"
                          }
                        },
                        "extended_output_schema": [
                          {
                            "label": "Result",
                            "name": "result",
                            "properties": [
                              {
                                "control_type": "date",
                                "label": "Date output",
                                "render_input": "date_conversion",
                                "parse_output": "date_conversion",
                                "name": "dateOutput",
                                "type": "date_time",
                                "optional": true,
                                "hint": "Output Date"
                              }
                            ],
                            "type": "object"
                          }
                        ],
                        "extended_input_schema": [
                          {
                            "label": "Result",
                            "name": "result",
                            "properties": [
                              {
                                "control_type": "date",
                                "label": "Date output",
                                "render_input": "date_conversion",
                                "parse_output": "date_conversion",
                                "name": "dateOutput",
                                "type": "date_time",
                                "optional": true,
                                "hint": "Output Date"
                              }
                            ],
                            "type": "object"
                          }
                        ],
                        "visible_config_fields": [
                          "result.dateOutput"
                        ],
                        "uuid": "7c221094-3977-4da0-b354-a931ed69cc83"
                      },
                      {
                        "number": 17,
                        "keyword": "else",
                        "dynamicPickListSelection": {
                        },
                        "toggleCfg": {
                        },
                        "input": {
                        },
                        "block": [
                          {
                            "number": 18,
                            "provider": "workato_variable",
                            "name": "update_variables",
                            "as": "2f578bdb",
                            "title": null,
                            "description": "Update variables <span class=\"provider\">dateOutput</span>",
                            "keyword": "action",
                            "dynamicPickListSelection": {
                              "name": [
                                {
                                  "label": "dateOutput (step 2)",
                                  "value": "c5d3966b-fbc0-4176-b11d-bcf6808bd4d4:0673a6e0:dateOutput"
                                }
                              ]
                            },
                            "toggleCfg": {
                            },
                            "input": {
                              "name": "c5d3966b-fbc0-4176-b11d-bcf6808bd4d4:0673a6e0:dateOutput",
                              "dateOutput": "=_('data.workato_variable.0673a6e0.strDate').gsub(\"/\",\"-\").to_date(format: \"MM-DD-YYYY\")"
                            },
                            "extended_input_schema": [
                              {
                                "control_type": "date",
                                "hint": "Provide a value for the variable. When the value is not supplied, the variable is not updated.<br>To clear the value, set the value to <b>nil</b> in formula mode.",
                                "label": "dateOutput",
                                "name": "dateOutput",
                                "optional": true,
                                "sticky": true,
                                "type": "date_time",
                                "parse_output": "date_conversion",
                                "render_input": "date_conversion",
                                "strip_interpolation": true
                              }
                            ],
                            "uuid": "68d0471c-5771-41e3-9c84-e60b45eb5227"
                          },
                          {
                            "number": 19,
                            "provider": "workato_recipe_function",
                            "name": "return_result",
                            "as": "939c1334",
                            "title": null,
                            "description": null,
                            "keyword": "action",
                            "dynamicPickListSelection": {
                            },
                            "toggleCfg": {
                            },
                            "input": {
                              "result": {
                                "dateOutput": "#{_('data.workato_variable.0673a6e0.dateOutput')}"
                              }
                            },
                            "extended_output_schema": [
                              {
                                "label": "Result",
                                "name": "result",
                                "properties": [
                                  {
                                    "control_type": "date",
                                    "label": "Date output",
                                    "render_input": "date_conversion",
                                    "parse_output": "date_conversion",
                                    "name": "dateOutput",
                                    "type": "date_time",
                                    "optional": true,
                                    "hint": "Output Date"
                                  }
                                ],
                                "type": "object"
                              }
                            ],
                            "extended_input_schema": [
                              {
                                "label": "Result",
                                "name": "result",
                                "properties": [
                                  {
                                    "control_type": "date",
                                    "label": "Date output",
                                    "render_input": "date_conversion",
                                    "parse_output": "date_conversion",
                                    "name": "dateOutput",
                                    "type": "date_time",
                                    "optional": true,
                                    "hint": "Output Date"
                                  }
                                ],
                                "type": "object"
                              }
                            ],
                            "visible_config_fields": [
                              "result.dateOutput"
                            ],
                            "uuid": "d630afac-5b5c-4b76-8fe5-0aaa700de79e"
                          }
                        ],
                        "uuid": "c2c4a7b4-854f-4676-9c2e-11b6c35bc327",
                        "skip": false
                      }
                    ],
                    "comment": "If in YYYY/MM/DD format",
                    "uuid": "c46dec36-902e-4917-b6ab-4487c2d7e622",
                    "skip": false
                  },
                  {
                    "number": 20,
                    "keyword": "else",
                    "dynamicPickListSelection": {
                    },
                    "toggleCfg": {
                    },
                    "input": {
                    },
                    "block": [
                      {
                        "number": 21,
                        "provider": "logger",
                        "name": "log_message",
                        "as": "31aab8d8",
                        "title": null,
                        "description": "Log <span class=\"provider\">message</span> to <span class=\"provider\">Job report</span>",
                        "keyword": "action",
                        "dynamicPickListSelection": {
                        },
                        "toggleCfg": {
                        },
                        "input": {
                          "message": "#{_('data.workato_variable.0673a6e0.strDate')}"
                        },
                        "uuid": "8ea5b650-bf9a-4ce4-a3e2-4efcd120dd8d"
                      },
                      {
                        "number": 22,
                        "provider": "workato_variable",
                        "name": "update_variables",
                        "as": "287219d3",
                        "title": null,
                        "description": "Update variables <span class=\"provider\">dateOutput</span>",
                        "keyword": "action",
                        "dynamicPickListSelection": {
                          "name": [
                            {
                              "label": "dateOutput (step 2)",
                              "value": "c5d3966b-fbc0-4176-b11d-bcf6808bd4d4:0673a6e0:dateOutput"
                            }
                          ]
                        },
                        "toggleCfg": {
                        },
                        "input": {
                          "name": "c5d3966b-fbc0-4176-b11d-bcf6808bd4d4:0673a6e0:dateOutput",
                          "dateOutput": "=_('data.workato_variable.0673a6e0.strDate').gsub(\"/\",\"-\").to_date(format: \"MM-DD-YYYY\")"
                        },
                        "extended_input_schema": [
                          {
                            "control_type": "date",
                            "hint": "Provide a value for the variable. When the value is not supplied, the variable is not updated.<br>To clear the value, set the value to <b>nil</b> in formula mode.",
                            "label": "dateOutput",
                            "name": "dateOutput",
                            "optional": true,
                            "sticky": true,
                            "type": "date_time",
                            "parse_output": "date_conversion",
                            "render_input": "date_conversion",
                            "strip_interpolation": true
                          }
                        ],
                        "uuid": "0232b22b-0318-47c9-b10c-b8991c0ababe"
                      },
                      {
                        "number": 23,
                        "provider": "workato_recipe_function",
                        "name": "return_result",
                        "as": "3bc4a0bb",
                        "title": null,
                        "description": null,
                        "keyword": "action",
                        "dynamicPickListSelection": {
                        },
                        "toggleCfg": {
                        },
                        "input": {
                          "result": {
                            "dateOutput": "#{_('data.workato_variable.0673a6e0.dateOutput')}"
                          }
                        },
                        "extended_output_schema": [
                          {
                            "label": "Result",
                            "name": "result",
                            "properties": [
                              {
                                "control_type": "date",
                                "label": "Date output",
                                "render_input": "date_conversion",
                                "parse_output": "date_conversion",
                                "name": "dateOutput",
                                "type": "date_time",
                                "optional": true,
                                "hint": "Output Date"
                              }
                            ],
                            "type": "object"
                          }
                        ],
                        "extended_input_schema": [
                          {
                            "label": "Result",
                            "name": "result",
                            "properties": [
                              {
                                "control_type": "date",
                                "label": "Date output",
                                "render_input": "date_conversion",
                                "parse_output": "date_conversion",
                                "name": "dateOutput",
                                "type": "date_time",
                                "optional": true,
                                "hint": "Output Date"
                              }
                            ],
                            "type": "object"
                          }
                        ],
                        "visible_config_fields": [
                          "result.dateOutput"
                        ],
                        "uuid": "365038ed-07ad-483f-995f-1bb892f78fa3"
                      }
                    ],
                    "uuid": "5081e315-f207-4df3-9bd9-2735351ddf21",
                    "skip": false
                  }
                ],
                "comment": "If USA format month > 12 then swap them around",
                "uuid": "6e687196-11b0-49aa-8683-eeb1608ddd6d",
                "skip": false
              },
              {
                "number": 24,
                "provider": "workato_variable",
                "name": "update_variables",
                "as": "898ddd43",
                "title": null,
                "description": "Update variables <span class=\"provider\">dateOutput</span>",
                "keyword": "action",
                "dynamicPickListSelection": {
                  "name": [
                    {
                      "label": "dateOutput (step 2)",
                      "value": "c5d3966b-fbc0-4176-b11d-bcf6808bd4d4:0673a6e0:dateOutput"
                    }
                  ]
                },
                "toggleCfg": {
                },
                "input": {
                  "name": "c5d3966b-fbc0-4176-b11d-bcf6808bd4d4:0673a6e0:dateOutput",
                  "dateOutput": "=_('data.workato_variable.0673a6e0.strDate').gsub(\"/\",\"-\").to_date(format: \"MM-DD-YYYY\")"
                },
                "extended_input_schema": [
                  {
                    "control_type": "date",
                    "hint": "Provide a value for the variable. When the value is not supplied, the variable is not updated.<br>To clear the value, set the value to <b>nil</b> in formula mode.",
                    "label": "dateOutput",
                    "name": "dateOutput",
                    "optional": true,
                    "sticky": true,
                    "type": "date_time",
                    "parse_output": "date_conversion",
                    "render_input": "date_conversion",
                    "strip_interpolation": true
                  }
                ],
                "uuid": "3a2faeea-04a0-4cd3-8470-223af6990748"
              },
              {
                "number": 25,
                "provider": "workato_recipe_function",
                "name": "return_result",
                "as": "133f3100",
                "title": null,
                "description": null,
                "keyword": "action",
                "dynamicPickListSelection": {
                },
                "toggleCfg": {
                },
                "input": {
                  "result": {
                    "dateOutput": "#{_('data.workato_variable.0673a6e0.dateOutput')}"
                  }
                },
                "extended_output_schema": [
                  {
                    "label": "Result",
                    "name": "result",
                    "properties": [
                      {
                        "control_type": "date",
                        "label": "Date output",
                        "render_input": "date_conversion",
                        "parse_output": "date_conversion",
                        "name": "dateOutput",
                        "type": "date_time",
                        "optional": true,
                        "hint": "Output Date"
                      }
                    ],
                    "type": "object"
                  }
                ],
                "extended_input_schema": [
                  {
                    "label": "Result",
                    "name": "result",
                    "properties": [
                      {
                        "control_type": "date",
                        "label": "Date output",
                        "render_input": "date_conversion",
                        "parse_output": "date_conversion",
                        "name": "dateOutput",
                        "type": "date_time",
                        "optional": true,
                        "hint": "Output Date"
                      }
                    ],
                    "type": "object"
                  }
                ],
                "visible_config_fields": [
                  "result.dateOutput"
                ],
                "uuid": "580b7858-06a9-4844-bc4b-543bc71b03ec"
              }
            ],
            "uuid": "fe64b219-2525-4450-b053-3ef57624ecdb",
            "skip": false
          }
        ],
        "comment": "If in mm/dd/yy format",
        "uuid": "f7be0a7c-8def-4e12-be5f-6ffde8fa2283",
        "skip": false
      }
    ],
    "uuid": "8f936476-fffc-418c-a1c2-d5b53e18d8d7"
  },
  "config": [
    {
      "keyword": "application",
      "provider": "workato_recipe_function",
      "skip_validation": false,
      "account_id": null
    },
    {
      "keyword": "application",
      "provider": "workato_variable",
      "skip_validation": false,
      "account_id": null
    },
    {
      "keyword": "application",
      "provider": "logger",
      "skip_validation": false,
      "account_id": null
    }
  ]
}