{
  "name": "[USA-AP-OOH] CALL | Move Mail Shared Mailbox",
  "description": "When there is a function call, do action",
  "version": 4,
  "private": true,
  "concurrency": 1,
  "code": {
    "number": 0,
    "provider": "workato_recipe_function",
    "name": "execute",
    "as": "508e1240",
    "title": null,
    "description": null,
    "keyword": "trigger",
    "dynamicPickListSelection": {
    },
    "toggleCfg": {
    },
    "input": {
      "parameters_schema_json": "[{\"name\":\"mailId\",\"type\":\"string\",\"optional\":false,\"hint\":\"O365 Mail Message Id  you want to move\",\"control_type\":\"text\"},{\"name\":\"folderName\",\"type\":\"string\",\"optional\":false,\"hint\":\"folder display name you want to move to\",\"control_type\":\"text\"},{\"name\":\"mailboxEmail\",\"type\":\"string\",\"optional\":false,\"hint\":\"Shared Mailbox Email\",\"control_type\":\"text\"}]",
      "result_schema_json": "[{\"control_type\":\"text\",\"label\":\"ID\",\"type\":\"string\",\"name\":\"id\"},{\"name\":\"result\",\"type\":\"boolean\",\"optional\":false,\"label\":\"Result\",\"control_type\":\"checkbox\",\"render_input\":{},\"parse_output\":{},\"toggle_hint\":\"Select from option list\",\"toggle_field\":{\"label\":\"Result\",\"control_type\":\"text\",\"toggle_hint\":\"Use custom value\",\"name\":\"result\",\"type\":\"boolean\",\"optional\":false}}]"
    },
    "extended_output_schema": [
      {
        "label": "Parameters",
        "name": "parameters",
        "properties": [
          {
            "control_type": "text",
            "label": "Mail ID",
            "name": "mailId",
            "type": "string",
            "optional": false,
            "hint": "O365 Mail Message Id  you want to move"
          },
          {
            "control_type": "text",
            "label": "Folder name",
            "name": "folderName",
            "type": "string",
            "optional": false,
            "hint": "folder display name you want to move to"
          },
          {
            "control_type": "text",
            "label": "Mailbox email",
            "name": "mailboxEmail",
            "type": "string",
            "optional": false,
            "hint": "Shared Mailbox Email"
          }
        ],
        "type": "object"
      }
    ],
    "block": [
      {
        "number": 1,
        "provider": "workato_variable",
        "name": "declare_variable",
        "as": "b6329450",
        "title": "  Create variable moveResult",
        "description": "Create variable <span class=\"provider\">moveResult</span>",
        "keyword": "action",
        "dynamicPickListSelection": {
        },
        "toggleCfg": {
        },
        "input": {
          "variables": {
            "schema": "[{\"name\":\"moveResult\",\"type\":\"boolean\",\"optional\":true,\"label\":\"moveResult\",\"control_type\":\"checkbox\"}]"
          }
        },
        "extended_output_schema": [
          {
            "control_type": "checkbox",
            "label": "moveResult",
            "name": "moveResult",
            "optional": true,
            "parse_output": {
            },
            "toggle_field": {
              "label": "moveResult",
              "control_type": "text",
              "toggle_hint": "Use custom value",
              "name": "moveResult",
              "type": "boolean",
              "optional": true
            },
            "toggle_hint": "Select from option list",
            "type": "boolean",
            "render_input": {
            }
          }
        ],
        "extended_input_schema": [
          {
            "add_field_label": "Add a variable",
            "control_type": "form-schema-builder",
            "empty_schema_title": "Add variables by giving them a name, type and default value",
            "exclude_fields": [
              "hint"
            ],
            "item_label": "variable",
            "label": "Variables",
            "mark_as_required": true,
            "name": "variables",
            "ngIf": "!input.name",
            "optional": true,
            "properties": [
              {
                "control_type": "text",
                "label": "Schema",
                "extends_schema": true,
                "broadcast_change_event": true,
                "type": "string",
                "name": "schema"
              },
              {
                "properties": [
                  {
                    "control_type": "checkbox",
                    "label": "moveResult",
                    "render_input": {
                    },
                    "parse_output": {
                    },
                    "toggle_hint": "Select from option list",
                    "toggle_field": {
                      "label": "moveResult",
                      "control_type": "text",
                      "toggle_hint": "Use custom value",
                      "name": "moveResult",
                      "type": "boolean",
                      "optional": true
                    },
                    "name": "moveResult",
                    "type": "boolean",
                    "optional": true,
                    "hint": "Defaults to nil if not supplied.",
                    "sticky": true
                  }
                ],
                "label": "Data",
                "type": "object",
                "name": "data"
              }
            ],
            "type": "object"
          }
        ],
        "visible_config_fields": [
          "variables.data.moveResult"
        ],
        "comment": "Did the mail message actually move?",
        "uuid": "6d4f24d7-35c6-48fe-9a57-a99b795804e4"
      },
      {
        "number": 2,
        "provider": "outlook",
        "name": "__adhoc_http_action",
        "as": "5abb5ca8",
        "title": "Get Folders from Shared Mailbox",
        "description": "Get <span class=\"provider\">Folders from Shared Mailbox</span> in <span class=\"provider\">Outlook</span> (Custom)",
        "keyword": "action",
        "dynamicPickListSelection": {
        },
        "toggleCfg": {
        },
        "input": {
          "mnemonic": "Get Folders from Shared Mailbox",
          "verb": "get",
          "response_type": "json",
          "path": "users/#{_('data.workato_recipe_function.508e1240.parameters.mailboxEmail')}/mailFolders?$top=100",
          "output": "[{\"name\":\"value\",\"type\":\"array\",\"of\":\"object\",\"label\":\"Value\",\"properties\":[{\"control_type\":\"text\",\"label\":\"ID\",\"type\":\"string\",\"name\":\"id\"},{\"control_type\":\"text\",\"label\":\"Display name\",\"type\":\"string\",\"name\":\"displayName\"},{\"control_type\":\"text\",\"label\":\"Parent folder ID\",\"type\":\"string\",\"name\":\"parentFolderId\"},{\"control_type\":\"number\",\"label\":\"Size in bytes\",\"parse_output\":\"float_conversion\",\"type\":\"number\",\"name\":\"sizeInBytes\"}]}]"
        },
        "extended_output_schema": [
          {
            "label": "Value",
            "name": "value",
            "of": "object",
            "optional": true,
            "properties": [
              {
                "control_type": "text",
                "label": "ID",
                "optional": true,
                "type": "string",
                "name": "id"
              },
              {
                "control_type": "text",
                "label": "Display name",
                "optional": true,
                "type": "string",
                "name": "displayName"
              },
              {
                "control_type": "text",
                "label": "Parent folder ID",
                "optional": true,
                "type": "string",
                "name": "parentFolderId"
              },
              {
                "control_type": "number",
                "label": "Size in bytes",
                "parse_output": "float_conversion",
                "optional": true,
                "type": "number",
                "name": "sizeInBytes"
              }
            ],
            "type": "array"
          }
        ],
        "extended_input_schema": [
          {
            "control_type": "text",
            "hint": "Base URI is <b>https://graph.microsoft.com/v1.0/</b> - path will be appended to this URI. Use absolute URI to override this base URI.",
            "label": "Path",
            "name": "path",
            "optional": false,
            "type": "string"
          },
          {
            "control_type": "select",
            "default": "json",
            "extends_schema": true,
            "label": "Response type",
            "name": "response_type",
            "optional": true,
            "pick_list": [
              [
                "JSON response",
                "json"
              ],
              [
                "Raw response",
                "raw"
              ]
            ],
            "sticky": false,
            "type": "string"
          },
          {
            "add_field_label": "Add URL parameter",
            "control_type": "form-schema-builder",
            "label": "Request URL parameters",
            "name": "input",
            "optional": true,
            "properties": [
              {
                "control_type": "text",
                "label": "Schema",
                "extends_schema": true,
                "sticky": true,
                "optional": true,
                "type": "string",
                "name": "schema"
              }
            ],
            "sticky": true,
            "type": "object"
          },
          {
            "control_type": "key_value",
            "empty_list_text": "Refer to the API documentation and add required headers to this HTTP request",
            "empty_list_title": "Does this HTTP request require headers?",
            "item_label": "Header",
            "label": "Request headers",
            "name": "request_headers",
            "of": "object",
            "optional": true,
            "properties": [
              {
                "control_type": "text",
                "label": "Name",
                "optional": true,
                "type": "string",
                "name": "name"
              },
              {
                "control_type": "text",
                "label": "Value",
                "optional": true,
                "type": "string",
                "name": "value"
              }
            ],
            "type": "array"
          },
          {
            "control_type": "schema-designer",
            "extends_schema": true,
            "label": "Response body",
            "name": "output",
            "optional": true,
            "sample_data_type": "json_http",
            "sticky": true,
            "type": "string",
            "schema_neutral": true
          },
          {
            "control_type": "schema-designer",
            "extends_schema": true,
            "label": "Response headers",
            "name": "response_headers",
            "optional": true,
            "sample_data_type": "json_http",
            "sticky": false,
            "type": "string",
            "schema_neutral": true
          },
          {
            "control_type": "checkbox",
            "label": "Inspect",
            "name": "inspect",
            "ngIf": "false",
            "optional": true,
            "parse_output": "float_conversion",
            "type": "number"
          }
        ],
        "comment": "Search for List of all folders",
        "uuid": "1ec0484a-0f26-408c-ba3e-4615a8bd486b"
      },
      {
        "number": 3,
        "provider": "microsoft_graph_api_connector_432240_1677497765",
        "name": "custom_action",
        "as": "f26d1597",
        "title": null,
        "description": "<span class=\"provider\">       Custom action</span> using       <span class=\"provider\">Microsoft Graph</span>",
        "keyword": "action",
        "dynamicPickListSelection": {
        },
        "toggleCfg": {
        },
        "input": {
          "action_name": "Custom action",
          "verb": "get",
          "response_type": "json",
          "path": "users/#{_('data.workato_recipe_function.508e1240.parameters.mailboxEmail')}/mailFolders?$top=100"
        },
        "extended_input_schema": [
          {
            "control_type": "text",
            "hint": "Base URI is <b>https://graph.microsoft.com</b> - path will be appended to this URI. Use absolute URI to override this base URI.",
            "label": "Path",
            "name": "path",
            "optional": false,
            "type": "string"
          },
          {
            "control_type": "select",
            "default": "json",
            "extends_schema": true,
            "label": "Response type",
            "name": "response_type",
            "optional": true,
            "pick_list": [
              [
                "JSON response",
                "json"
              ],
              [
                "Raw response",
                "raw"
              ]
            ],
            "sticky": false,
            "type": "string"
          },
          {
            "add_field_label": "Add URL parameter",
            "control_type": "form-schema-builder",
            "label": "Request URL parameters",
            "name": "input",
            "optional": true,
            "properties": [
              {
                "control_type": "text",
                "label": "Schema",
                "sticky": true,
                "extends_schema": true,
                "optional": true,
                "type": "string",
                "name": "schema"
              }
            ],
            "sticky": true,
            "type": "object"
          },
          {
            "control_type": "key_value",
            "empty_list_text": "Refer to the API documentation and add required headers to this HTTP request",
            "empty_list_title": "Does this HTTP request require headers?",
            "extends_schema": true,
            "item_label": "Header",
            "label": "Request headers",
            "name": "request_headers",
            "of": "object",
            "optional": true,
            "properties": [
              {
                "control_type": "text",
                "label": "Key",
                "optional": true,
                "type": "string",
                "name": "key"
              },
              {
                "control_type": "text",
                "label": "Value",
                "optional": true,
                "type": "string",
                "name": "value"
              }
            ],
            "sticky": false,
            "type": "array"
          },
          {
            "control_type": "schema-designer",
            "extends_schema": true,
            "label": "Response body",
            "name": "output",
            "optional": true,
            "sample_data_type": "json_input",
            "sticky": true,
            "type": "string",
            "schema_neutral": true
          },
          {
            "control_type": "schema-designer",
            "extends_schema": true,
            "label": "Response headers",
            "name": "response_headers",
            "optional": true,
            "sample_data_type": "json_input",
            "sticky": false,
            "type": "string",
            "schema_neutral": true
          }
        ],
        "uuid": "fcf8925a-674a-48ec-bae2-47ec350b7f12",
        "skip": true
      },
      {
        "number": 4,
        "provider": "workato_variable",
        "name": "declare_variable",
        "as": "9634d242",
        "title": "  Create variable folderId",
        "description": "Create variable <span class=\"provider\">folderId</span>",
        "keyword": "action",
        "dynamicPickListSelection": {
        },
        "toggleCfg": {
        },
        "input": {
          "variables": {
            "schema": "[{\"name\":\"folderId\",\"type\":\"string\",\"optional\":true,\"label\":\"folderId\",\"control_type\":\"text\"}]",
            "data": {
              "folderId": "=_('data.outlook.5abb5ca8.value').where(\"displayName\": _('data.workato_recipe_function.508e1240.parameters.folderName')).pluck(\"id\").first()"
            }
          }
        },
        "extended_output_schema": [
          {
            "control_type": "text",
            "label": "folderId",
            "name": "folderId",
            "optional": true,
            "type": "string"
          }
        ],
        "extended_input_schema": [
          {
            "add_field_label": "Add a variable",
            "control_type": "form-schema-builder",
            "empty_schema_title": "Add variables by giving them a name, type and default value",
            "exclude_fields": [
              "hint"
            ],
            "item_label": "variable",
            "label": "Variables",
            "mark_as_required": true,
            "name": "variables",
            "ngIf": "!input.name",
            "optional": true,
            "properties": [
              {
                "control_type": "text",
                "label": "Schema",
                "extends_schema": true,
                "broadcast_change_event": true,
                "type": "string",
                "name": "schema"
              },
              {
                "properties": [
                  {
                    "control_type": "text",
                    "label": "folderId",
                    "name": "folderId",
                    "type": "string",
                    "optional": true,
                    "hint": "Defaults to nil if not supplied.",
                    "sticky": true
                  }
                ],
                "label": "Data",
                "type": "object",
                "name": "data"
              }
            ],
            "type": "object"
          }
        ],
        "visible_config_fields": [
          "variables.data.folderId"
        ],
        "comment": "Filter list of Folders by parameter FolderName",
        "uuid": "7c361bdc-b0a3-4d23-b352-e23ec7fee232"
      },
      {
        "number": 5,
        "keyword": "try",
        "dynamicPickListSelection": {
        },
        "toggleCfg": {
        },
        "input": {
        },
        "block": [
          {
            "number": 6,
            "provider": "outlook",
            "name": "__adhoc_http_action",
            "as": "0240f0a2",
            "title": "Move Mail to Shared Mailbox Folder",
            "description": "Move <span class=\"provider\">Mail to Shared Mailbox Folder</span> in <span class=\"provider\">Outlook</span> (Custom)",
            "keyword": "action",
            "dynamicPickListSelection": {
            },
            "toggleCfg": {
            },
            "input": {
              "mnemonic": "Move Mail to Shared Mailbox Folder",
              "verb": "post",
              "request_type": "json",
              "response_type": "json",
              "path": "users/#{_('data.workato_recipe_function.508e1240.parameters.mailboxEmail')}/messages/#{_('data.workato_recipe_function.508e1240.parameters.mailId')}/move",
              "input": {
                "schema": "[{\"name\":\"destinationId\",\"type\":\"string\",\"optional\":false,\"hint\":\"FolderID of the mail folder you want to move to\",\"control_type\":\"text\"}]",
                "data": {
                  "destinationId": "#{_('data.workato_variable.9634d242.folderId')}"
                }
              },
              "output": "[{\"name\":\"movedMailId\",\"type\":\"string\",\"optional\":false,\"control_type\":\"text\",\"label\":\"Moved mail ID\"}]"
            },
            "extended_output_schema": [
              {
                "control_type": "text",
                "label": "Moved mail ID",
                "name": "movedMailId",
                "optional": false,
                "type": "string"
              }
            ],
            "extended_input_schema": [
              {
                "control_type": "text",
                "hint": "Base URI is <b>https://graph.microsoft.com/v1.0/</b> - path will be appended to this URI. Use absolute URI to override this base URI.",
                "label": "Path",
                "name": "path",
                "optional": false,
                "type": "string"
              },
              {
                "control_type": "select",
                "default": "json",
                "extends_schema": true,
                "label": "Request type",
                "name": "request_type",
                "optional": true,
                "pick_list": [
                  [
                    "JSON request body",
                    "json"
                  ],
                  [
                    "URL encoded form",
                    "urlencoded"
                  ],
                  [
                    "Multipart form",
                    "multipart"
                  ],
                  [
                    "Raw request body",
                    "raw"
                  ]
                ],
                "sticky": false,
                "type": "string"
              },
              {
                "control_type": "select",
                "default": "json",
                "extends_schema": true,
                "label": "Response type",
                "name": "response_type",
                "optional": true,
                "pick_list": [
                  [
                    "JSON response",
                    "json"
                  ],
                  [
                    "Raw response",
                    "raw"
                  ]
                ],
                "sticky": false,
                "type": "string"
              },
              {
                "label": "Input",
                "name": "input",
                "optional": true,
                "properties": [
                  {
                    "control_type": "schema-designer",
                    "label": "Request body parameters",
                    "extends_schema": true,
                    "schema_neutral": true,
                    "sample_data_type": "json_input",
                    "sticky": false,
                    "add_field_label": "Add request body parameter",
                    "optional": true,
                    "type": "string",
                    "name": "schema"
                  },
                  {
                    "properties": [
                      {
                        "control_type": "text",
                        "label": "Destination ID",
                        "optional": false,
                        "hint": "FolderID of the mail folder you want to move to",
                        "sticky": true,
                        "type": "string",
                        "name": "destinationId"
                      }
                    ],
                    "label": "Data",
                    "optional": true,
                    "type": "object",
                    "name": "data"
                  }
                ],
                "type": "object"
              },
              {
                "control_type": "key_value",
                "empty_list_text": "Refer to the API documentation and add required headers to this HTTP request",
                "empty_list_title": "Does this HTTP request require headers?",
                "item_label": "Header",
                "label": "Request headers",
                "name": "request_headers",
                "of": "object",
                "optional": true,
                "properties": [
                  {
                    "control_type": "text",
                    "label": "Name",
                    "optional": true,
                    "type": "string",
                    "name": "name"
                  },
                  {
                    "control_type": "text",
                    "label": "Value",
                    "optional": true,
                    "type": "string",
                    "name": "value"
                  }
                ],
                "type": "array"
              },
              {
                "control_type": "schema-designer",
                "extends_schema": true,
                "label": "Response body",
                "name": "output",
                "optional": true,
                "sample_data_type": "json_http",
                "sticky": true,
                "type": "string",
                "schema_neutral": true
              },
              {
                "control_type": "schema-designer",
                "extends_schema": true,
                "label": "Response headers",
                "name": "response_headers",
                "optional": true,
                "sample_data_type": "json_http",
                "sticky": false,
                "type": "string",
                "schema_neutral": true
              },
              {
                "control_type": "checkbox",
                "label": "Inspect",
                "name": "inspect",
                "ngIf": "false",
                "optional": true,
                "parse_output": "float_conversion",
                "type": "number"
              }
            ],
            "comment": "Move mailId into newly found destinaion FolderId",
            "uuid": "ce568ef6-bd81-4dc7-b4e6-3ebaa108a4e5"
          },
          {
            "number": 7,
            "provider": "workato_variable",
            "name": "update_variables",
            "as": "5134963b",
            "title": null,
            "description": "Update variables <span class=\"provider\">moveResult</span>",
            "keyword": "action",
            "dynamicPickListSelection": {
              "name": [
                {
                  "label": "moveResult (step 2)",
                  "value": "6d4f24d7-35c6-48fe-9a57-a99b795804e4:b6329450:moveResult"
                }
              ]
            },
            "toggleCfg": {
              "moveResult": true
            },
            "input": {
              "name": "6d4f24d7-35c6-48fe-9a57-a99b795804e4:b6329450:moveResult",
              "moveResult": "true"
            },
            "extended_input_schema": [
              {
                "control_type": "checkbox",
                "hint": "Provide a value for the variable. When the value is not supplied, the variable is not updated.<br>To clear the value, set the value to <b>nil</b> in formula mode.",
                "label": "moveResult",
                "name": "moveResult",
                "optional": true,
                "parse_output": {
                },
                "sticky": true,
                "toggle_field": {
                  "label": "moveResult",
                  "control_type": "text",
                  "toggle_hint": "Use custom value",
                  "hint": "Provide a value for the variable. When the value is not supplied, the variable is not updated.<br>To clear the value, set the value to <b>nil</b> in formula mode.",
                  "strip_interpolation": true,
                  "sticky": true,
                  "optional": true,
                  "type": "boolean",
                  "name": "moveResult"
                },
                "toggle_hint": "Select from option list",
                "type": "boolean",
                "render_input": {
                },
                "strip_interpolation": true
              }
            ],
            "comment": "Move was successful",
            "uuid": "09e4f9f0-2565-4641-91b4-abbfb68cbc0a"
          },
          {
            "number": 8,
            "as": "22edfaba",
            "keyword": "catch",
            "dynamicPickListSelection": {
            },
            "toggleCfg": {
            },
            "input": {
              "max_retry_count": "0",
              "retry_interval": "2"
            },
            "block": [
              {
                "number": 9,
                "provider": "workato_variable",
                "name": "update_variables",
                "as": "81b95be5",
                "title": null,
                "description": "Update variables <span class=\"provider\">moveResult</span>",
                "keyword": "action",
                "dynamicPickListSelection": {
                  "name": [
                    {
                      "label": "moveResult (step 2)",
                      "value": "6d4f24d7-35c6-48fe-9a57-a99b795804e4:b6329450:moveResult"
                    }
                  ]
                },
                "toggleCfg": {
                  "moveResult": true
                },
                "input": {
                  "name": "6d4f24d7-35c6-48fe-9a57-a99b795804e4:b6329450:moveResult",
                  "moveResult": "false"
                },
                "extended_input_schema": [
                  {
                    "control_type": "checkbox",
                    "hint": "Provide a value for the variable. When the value is not supplied, the variable is not updated.<br>To clear the value, set the value to <b>nil</b> in formula mode.",
                    "label": "moveResult",
                    "name": "moveResult",
                    "optional": true,
                    "parse_output": {
                    },
                    "sticky": true,
                    "toggle_field": {
                      "label": "moveResult",
                      "control_type": "text",
                      "toggle_hint": "Use custom value",
                      "hint": "Provide a value for the variable. When the value is not supplied, the variable is not updated.<br>To clear the value, set the value to <b>nil</b> in formula mode.",
                      "strip_interpolation": true,
                      "sticky": true,
                      "optional": true,
                      "type": "boolean",
                      "name": "moveResult"
                    },
                    "toggle_hint": "Select from option list",
                    "type": "boolean",
                    "render_input": {
                    },
                    "strip_interpolation": true
                  }
                ],
                "comment": "Move failed",
                "uuid": "b2250df5-e289-4a17-9fa8-64325f836d7a"
              }
            ],
            "uuid": "63e832f1-d5ad-4f82-93ab-86dfae18a583"
          }
        ],
        "uuid": "783c49f9-c25a-453f-bb3b-5c9d35bd4774"
      },
      {
        "number": 10,
        "provider": "workato_recipe_function",
        "name": "return_result",
        "as": "053ac2c1",
        "title": null,
        "description": null,
        "keyword": "action",
        "dynamicPickListSelection": {
        },
        "toggleCfg": {
          "result.result": false
        },
        "input": {
          "result": {
            "result": "#{_('data.workato_variable.b6329450.moveResult')}",
            "id": "#{_('data.outlook.0240f0a2.movedMailId')}"
          }
        },
        "extended_output_schema": [
          {
            "label": "Result",
            "name": "result",
            "properties": [
              {
                "control_type": "text",
                "label": "ID",
                "type": "string",
                "name": "id"
              },
              {
                "control_type": "checkbox",
                "label": "Result",
                "render_input": {
                },
                "parse_output": {
                },
                "toggle_hint": "Select from option list",
                "toggle_field": {
                  "label": "Result",
                  "control_type": "text",
                  "toggle_hint": "Use custom value",
                  "name": "result",
                  "type": "boolean",
                  "optional": false
                },
                "name": "result",
                "type": "boolean",
                "optional": false
              }
            ],
            "type": "object"
          }
        ],
        "extended_input_schema": [
          {
            "label": "Result",
            "name": "result",
            "properties": [
              {
                "control_type": "text",
                "label": "ID",
                "type": "string",
                "name": "id"
              },
              {
                "control_type": "checkbox",
                "label": "Result",
                "render_input": {
                },
                "parse_output": {
                },
                "toggle_hint": "Select from option list",
                "toggle_field": {
                  "label": "Result",
                  "control_type": "text",
                  "toggle_hint": "Use custom value",
                  "name": "result",
                  "type": "boolean",
                  "optional": false
                },
                "name": "result",
                "type": "boolean",
                "optional": false
              }
            ],
            "type": "object"
          }
        ],
        "comment": "Return result of mail moving",
        "uuid": "f5f4a9e8-15ac-4660-a1ca-bcfe4152d06e"
      }
    ],
    "uuid": "9210574b-8a1f-4c63-9dd3-53cfa3fa9a3e"
  },
  "config": [
    {
      "keyword": "application",
      "provider": "workato_recipe_function",
      "skip_validation": false,
      "account_id": null
    },
    {
      "keyword": "application",
      "provider": "outlook",
      "skip_validation": false,
      "account_id": {
        "zip_name": "Connectors/apooh_conn_nycgrminvoicebot_4_kineticap_kineticww.connection.json",
        "name": "[APOOH] CONN | NYCGRMInvoicebot 4 kineticap@kineticww",
        "folder": "Connectors"
      }
    },
    {
      "keyword": "application",
      "provider": "workato_variable",
      "skip_validation": false,
      "account_id": null
    },
    {
      "keyword": "application",
      "provider": "microsoft_graph_api_connector_432240_1677497765",
      "skip_validation": true,
      "account_id": {
        "zip_name": "UK/Connectors/po_graph_api_account.connection.json",
        "name": "PO  Graph API account",
        "folder": "UK/Connectors",
        "custom": true
      }
    }
  ]
}