{
  "name": "[USA-AP-OOH] CALL | PDFSplit",
  "description": "When there is a function call, do action and other actions",
  "version": 10,
  "private": true,
  "concurrency": 1,
  "code": {
    "number": 0,
    "provider": "workato_recipe_function",
    "name": "execute",
    "as": "83626c2c",
    "title": null,
    "description": null,
    "keyword": "trigger",
    "input": {
      "parameters_schema_json": "[{\"control_type\":\"text\",\"label\":\"sasUrl\",\"name\":\"sasUrl\",\"type\":\"string\",\"optional\":true},{\"control_type\":\"text\",\"label\":\"storageKey\",\"name\":\"storageKey\",\"type\":\"string\",\"optional\":false},{\"control_type\":\"text\",\"label\":\"storageAccountName\",\"name\":\"storageAccount\",\"type\":\"string\",\"optional\":false},{\"control_type\":\"text\",\"label\":\"ContainerStub\",\"name\":\"ContainerStub\",\"type\":\"string\",\"optional\":false},{\"control_type\":\"text\",\"label\":\"connectionString\",\"name\":\"connectionString\",\"type\":\"string\",\"optional\":false},{\"control_type\":\"text\",\"label\":\"base64Encoded\",\"name\":\"byte64Encoded\",\"type\":\"string\",\"optional\":true},{\"name\":\"SplitPDFRegex\",\"type\":\"string\",\"optional\":true,\"label\":\"SplitPDFRegex\",\"hint\":\"Holds the regex value by which the invoice needs to be split\",\"control_type\":\"text\"}]",
      "result_schema_json": "[{\"name\":\"list_items\",\"type\":\"array\",\"of\":\"object\",\"label\":\"List items\",\"properties\":[{\"control_type\":\"text\",\"label\":\"Sas URL\",\"type\":\"string\",\"name\":\"sasUrl\"},{\"control_type\":\"number\",\"label\":\"Number\",\"parse_output\":\"float_conversion\",\"type\":\"number\",\"name\":\"number\"}]}]"
    },
    "extended_output_schema": [
      {
        "label": "Parameters",
        "name": "parameters",
        "properties": [
          {
            "control_type": "text",
            "label": "sasUrl",
            "name": "sasUrl",
            "type": "string",
            "optional": true
          },
          {
            "control_type": "text",
            "label": "storageKey",
            "name": "storageKey",
            "type": "string",
            "optional": false
          },
          {
            "control_type": "text",
            "label": "storageAccountName",
            "name": "storageAccount",
            "type": "string",
            "optional": false
          },
          {
            "control_type": "text",
            "label": "ContainerStub",
            "name": "ContainerStub",
            "type": "string",
            "optional": false
          },
          {
            "control_type": "text",
            "label": "connectionString",
            "name": "connectionString",
            "type": "string",
            "optional": false
          },
          {
            "control_type": "text",
            "label": "base64Encoded",
            "name": "byte64Encoded",
            "type": "string",
            "optional": true
          },
          {
            "control_type": "text",
            "label": "SplitPDFRegex",
            "name": "SplitPDFRegex",
            "type": "string",
            "optional": true,
            "hint": "Holds the regex value by which the invoice needs to be split"
          }
        ],
        "type": "object"
      }
    ],
    "block": [
      {
        "number": 1,
        "provider": "workato_variable",
        "name": "declare_variable",
        "as": "4f741ceb",
        "title": "  Create variables sasUrl, storageKey, storageAccountName, ContainerStub, connectionString, base64Encoded",
        "description": "Create variables <span class=\"provider\">sasUrl</span>, <span class=\"provider\">storageKey</span>, <span class=\"provider\">storageAccountName</span>, <span class=\"provider\">ContainerStub</span>, <span class=\"provider\">connectionString</span>, <span class=\"provider\">base64Encoded</span>",
        "keyword": "action",
        "input": {
          "variables": {
            "schema": "[{\"name\":\"sasUrl\",\"type\":\"string\",\"optional\":true,\"label\":\"sasUrl\",\"control_type\":\"text\"},{\"name\":\"storageKey\",\"type\":\"string\",\"optional\":true,\"label\":\"storageKey\",\"control_type\":\"text\"},{\"name\":\"storageAccount\",\"type\":\"string\",\"optional\":true,\"label\":\"storageAccountName\",\"control_type\":\"text\"},{\"name\":\"ContainerStub\",\"type\":\"string\",\"optional\":true,\"label\":\"ContainerStub\",\"control_type\":\"text\"},{\"name\":\"connectionString\",\"type\":\"string\",\"optional\":true,\"label\":\"connectionString\",\"control_type\":\"text\"},{\"name\":\"byte64Encoded\",\"type\":\"string\",\"optional\":true,\"label\":\"base64Encoded\",\"control_type\":\"text\"}]",
            "data": {
              "ContainerStub": "workatotest",
              "storageAccount": "eusstacapoohpdfsplitdev2",
              "connectionString": "DefaultEndpointsProtocol=https;AccountName=eusstacapoohpdfsplitdev2;AccountKey=c5CEJtE9yziv4l8U4WoF+zMAWdSiBS98He6GALQmHAyMAVP3lsB5+Jm27MgeaFsYDIQQFXJviRa2+ASttTvv6A==;EndpointSuffix=core.windows.net",
              "storageKey": "c5CEJtE9yziv4l8U4WoF+zMAWdSiBS98He6GALQmHAyMAVP3lsB5+Jm27MgeaFsYDIQQFXJviRa2+ASttTvv6A=="
            }
          }
        },
        "extended_output_schema": [
          {
            "control_type": "text",
            "label": "sasUrl",
            "name": "sasUrl",
            "optional": true,
            "type": "string"
          },
          {
            "control_type": "text",
            "label": "storageKey",
            "name": "storageKey",
            "optional": true,
            "type": "string"
          },
          {
            "control_type": "text",
            "label": "storageAccountName",
            "name": "storageAccount",
            "optional": true,
            "type": "string"
          },
          {
            "control_type": "text",
            "label": "ContainerStub",
            "name": "ContainerStub",
            "optional": true,
            "type": "string"
          },
          {
            "control_type": "text",
            "label": "connectionString",
            "name": "connectionString",
            "optional": true,
            "type": "string"
          },
          {
            "control_type": "text",
            "label": "base64Encoded",
            "name": "byte64Encoded",
            "optional": true,
            "type": "string"
          }
        ],
        "extended_input_schema": [
          {
            "add_field_label": "Add a variable",
            "control_type": "form-schema-builder",
            "empty_schema_title": "Add variables by giving them a name, type and default value",
            "exclude_fields": [
              "hint"
            ],
            "item_label": "variable",
            "label": "Variables",
            "mark_as_required": true,
            "name": "variables",
            "ngIf": "!input.name",
            "optional": true,
            "properties": [
              {
                "control_type": "text",
                "label": "Schema",
                "extends_schema": true,
                "broadcast_change_event": true,
                "type": "string",
                "name": "schema"
              },
              {
                "properties": [
                  {
                    "control_type": "text",
                    "label": "sasUrl",
                    "name": "sasUrl",
                    "type": "string",
                    "optional": true,
                    "hint": "Defaults to nil if not supplied.",
                    "sticky": true
                  },
                  {
                    "control_type": "text",
                    "label": "storageKey",
                    "name": "storageKey",
                    "type": "string",
                    "optional": true,
                    "hint": "Defaults to nil if not supplied.",
                    "sticky": true
                  },
                  {
                    "control_type": "text",
                    "label": "storageAccountName",
                    "name": "storageAccount",
                    "type": "string",
                    "optional": true,
                    "hint": "Defaults to nil if not supplied.",
                    "sticky": true
                  },
                  {
                    "control_type": "text",
                    "label": "ContainerStub",
                    "name": "ContainerStub",
                    "type": "string",
                    "optional": true,
                    "hint": "Defaults to nil if not supplied.",
                    "sticky": true
                  },
                  {
                    "control_type": "text",
                    "label": "connectionString",
                    "name": "connectionString",
                    "type": "string",
                    "optional": true,
                    "hint": "Defaults to nil if not supplied.",
                    "sticky": true
                  },
                  {
                    "control_type": "text",
                    "label": "base64Encoded",
                    "name": "byte64Encoded",
                    "type": "string",
                    "optional": true,
                    "hint": "Defaults to nil if not supplied.",
                    "sticky": true
                  }
                ],
                "label": "Data",
                "type": "object",
                "name": "data"
              }
            ],
            "type": "object"
          }
        ],
        "visible_config_fields": [
          "variables.data.sasUrl",
          "variables",
          "variables.schema",
          "variables.data.storageKey",
          "variables.data.storageAccount",
          "variables.data.ContainerStub",
          "variables.data.connectionString",
          "variables.data",
          "variables.data.byte64Encoded"
        ],
        "uuid": "7348b7b2-311f-403c-9b1f-87f9accfe7a9"
      },
      {
        "number": 2,
        "provider": "workato_variable",
        "name": "declare_variable",
        "as": "1e542622",
        "title": "  Create variable MultiInvoice_Base64Encoded",
        "description": "Create variable <span class=\"provider\">MultiInvoice_Base64Encoded</span>",
        "keyword": "action",
        "input": {
          "variables": {
            "schema": "[{\"name\":\"MultiInvoice_Base64Encoded\",\"type\":\"string\",\"optional\":true,\"label\":\"MultiInvoice_Base64Encoded\",\"control_type\":\"text\"}]",
            "data": {
              "MultiInvoice_Base64Encoded": "=_dp('{\"pill_type\":\"output\",\"provider\":\"workato_recipe_function\",\"line\":\"83626c2c\",\"path\":[\"parameters\",\"byte64Encoded\"]}').encode_base64"
            }
          }
        },
        "extended_output_schema": [
          {
            "control_type": "text",
            "label": "MultiInvoice_Base64Encoded",
            "name": "MultiInvoice_Base64Encoded",
            "optional": true,
            "type": "string"
          }
        ],
        "extended_input_schema": [
          {
            "add_field_label": "Add a variable",
            "control_type": "form-schema-builder",
            "empty_schema_title": "Add variables by giving them a name, type and default value",
            "exclude_fields": [
              "hint"
            ],
            "item_label": "variable",
            "label": "Variables",
            "mark_as_required": true,
            "name": "variables",
            "ngIf": "!input.name",
            "optional": true,
            "properties": [
              {
                "control_type": "text",
                "label": "Schema",
                "extends_schema": true,
                "broadcast_change_event": true,
                "type": "string",
                "name": "schema"
              },
              {
                "properties": [
                  {
                    "control_type": "text",
                    "label": "MultiInvoice_Base64Encoded",
                    "name": "MultiInvoice_Base64Encoded",
                    "type": "string",
                    "optional": true,
                    "hint": "Defaults to nil if not supplied.",
                    "sticky": true
                  }
                ],
                "label": "Data",
                "type": "object",
                "name": "data"
              }
            ],
            "type": "object"
          }
        ],
        "visible_config_fields": [
          "variables.data.MultiInvoice_Base64Encoded"
        ],
        "uuid": "21f690fe-40c5-4191-bc64-2c325c63dcb2"
      },
      {
        "number": 3,
        "keyword": "try",
        "input": {
        },
        "block": [
          {
            "number": 4,
            "provider": "clock",
            "name": "wait_for_interval",
            "as": "2273af9f",
            "title": null,
            "description": null,
            "keyword": "action",
            "toggleCfg": {
              "interval": false
            },
            "input": {
              "interval": "20"
            },
            "uuid": "2cd9c84a-8360-41e3-b6e6-08e1d6e9e5ae"
          },
          {
            "number": 5,
            "provider": "rest",
            "name": "make_request_v2",
            "as": "cadb641a",
            "title": "Send as SAS",
            "description": "<span class=\"provider\">Send as sas</span> via <span class=\"provider\">HTTP</span>",
            "keyword": "action",
            "toggleCfg": {
              "response.ignore_http_errors": true
            },
            "input": {
              "request_name": "Send as SAS",
              "request": {
                "method": "POST",
                "content_type": "application/json",
                "url": "https://eufnapapoohpdfsplitdev01.azurewebsites.net/api/workatopdfsplit2",
                "body": "{\n\"type\" : \"1\",\n\"sasurl\": \"#{_dp('{\"pill_type\":\"output\",\"provider\":\"workato_variable\",\"line\":\"4f741ceb\",\"path\":[\"sasUrl\"]}')}\",\n\"account_name\": \"#{_dp('{\"pill_type\":\"output\",\"provider\":\"workato_variable\",\"line\":\"4f741ceb\",\"path\":[\"storageAccount\"]}')}\",\n\"connection_string\":\"#{_dp('{\"pill_type\":\"output\",\"provider\":\"workato_variable\",\"line\":\"4f741ceb\",\"path\":[\"connectionString\"]}')}\",\n\"out_container\": \"#{_dp('{\"pill_type\":\"output\",\"provider\":\"workato_variable\",\"line\":\"4f741ceb\",\"path\":[\"ContainerStub\"]}')}\",\n\"primary_key\": \"#{_dp('{\"pill_type\":\"output\",\"provider\":\"workato_variable\",\"line\":\"4f741ceb\",\"path\":[\"storageKey\"]}')}\"\n}"
              },
              "response": {
                "output_type": "json",
                "expected_encoding": "UTF-8",
                "ignore_http_errors": "false",
                "response_schema": "[{\"control_type\":\"number\",\"label\":\"File count\",\"parse_output\":\"float_conversion\",\"type\":\"number\",\"name\":\"fileCount\"},{\"control_type\":\"text\",\"label\":\"Container path\",\"type\":\"string\",\"name\":\"containerPath\"},{\"name\":\"files\",\"type\":\"array\",\"of\":\"string\",\"label\":\"Files\"}]"
              }
            },
            "extended_output_schema": [
              {
                "label": "Headers",
                "name": "headers",
                "properties": [

                ],
                "type": "object"
              },
              {
                "label": "Response",
                "name": "response",
                "properties": [
                  {
                    "control_type": "number",
                    "label": "File count",
                    "parse_output": "float_conversion",
                    "type": "number",
                    "name": "fileCount"
                  },
                  {
                    "control_type": "text",
                    "label": "Container path",
                    "type": "string",
                    "name": "containerPath"
                  },
                  {
                    "name": "files",
                    "type": "array",
                    "of": "string",
                    "label": "Files"
                  }
                ],
                "type": "object"
              }
            ],
            "extended_input_schema": [
              {
                "label": "Response",
                "name": "response",
                "override": true,
                "properties": [
                  {
                    "control_type": "select",
                    "label": "Response content type",
                    "pick_list": [
                      [
                        "Text",
                        "rawdatatxt"
                      ],
                      [
                        "Binary",
                        "rawdata"
                      ],
                      [
                        "JSON",
                        "json"
                      ],
                      [
                        "XML",
                        "xml2"
                      ]
                    ],
                    "hint": "Select expected format of data response type, e.g. JSON or XML. <a href=\"https://docs.workato.com/developing-connectors/http.html#response-type\" target=\"_blank\">Learn more</a>",
                    "default": "json",
                    "extends_schema": true,
                    "type": "string",
                    "name": "output_type"
                  },
                  {
                    "control_type": "select",
                    "label": "Encoding",
                    "pick_list": [
                      [
                        "UTF-8",
                        "UTF-8"
                      ],
                      [
                        "US-ASCII",
                        "US-ASCII"
                      ],
                      [
                        "UTF-16BE",
                        "UTF-16BE"
                      ],
                      [
                        "UTF-16LE",
                        "UTF-16LE"
                      ],
                      [
                        "UTF-32BE",
                        "UTF-32BE"
                      ],
                      [
                        "UTF-32LE",
                        "UTF-32LE"
                      ],
                      [
                        "UTF-16",
                        "UTF-16"
                      ],
                      [
                        "UTF-32",
                        "UTF-32"
                      ],
                      [
                        "UTF8-MAC",
                        "UTF8-MAC"
                      ],
                      [
                        "EUC-JP",
                        "EUC-JP"
                      ],
                      [
                        "Windows-31J",
                        "Windows-31J"
                      ],
                      [
                        "Big5",
                        "Big5"
                      ],
                      [
                        "Big5-HKSCS",
                        "Big5-HKSCS"
                      ],
                      [
                        "Big5-UAO",
                        "Big5-UAO"
                      ],
                      [
                        "CP949",
                        "CP949"
                      ],
                      [
                        "Emacs-Mule",
                        "Emacs-Mule"
                      ],
                      [
                        "EUC-KR",
                        "EUC-KR"
                      ],
                      [
                        "EUC-TW",
                        "EUC-TW"
                      ],
                      [
                        "GB2312",
                        "GB2312"
                      ],
                      [
                        "GB18030",
                        "GB18030"
                      ],
                      [
                        "GBK",
                        "GBK"
                      ],
                      [
                        "ISO-8859-1",
                        "ISO-8859-1"
                      ],
                      [
                        "ISO-8859-2",
                        "ISO-8859-2"
                      ],
                      [
                        "ISO-8859-3",
                        "ISO-8859-3"
                      ],
                      [
                        "ISO-8859-4",
                        "ISO-8859-4"
                      ],
                      [
                        "ISO-8859-5",
                        "ISO-8859-5"
                      ],
                      [
                        "ISO-8859-6",
                        "ISO-8859-6"
                      ],
                      [
                        "ISO-8859-7",
                        "ISO-8859-7"
                      ],
                      [
                        "ISO-8859-8",
                        "ISO-8859-8"
                      ],
                      [
                        "ISO-8859-9",
                        "ISO-8859-9"
                      ],
                      [
                        "ISO-8859-10",
                        "ISO-8859-10"
                      ],
                      [
                        "ISO-8859-11",
                        "ISO-8859-11"
                      ],
                      [
                        "ISO-8859-13",
                        "ISO-8859-13"
                      ],
                      [
                        "ISO-8859-14",
                        "ISO-8859-14"
                      ],
                      [
                        "ISO-8859-15",
                        "ISO-8859-15"
                      ],
                      [
                        "ISO-8859-16",
                        "ISO-8859-16"
                      ],
                      [
                        "KOI8-R",
                        "KOI8-R"
                      ],
                      [
                        "KOI8-U",
                        "KOI8-U"
                      ],
                      [
                        "Shift_JIS",
                        "Shift_JIS"
                      ],
                      [
                        "Windows-1250",
                        "Windows-1250"
                      ],
                      [
                        "Windows-1251",
                        "Windows-1251"
                      ],
                      [
                        "Windows-1252",
                        "Windows-1252"
                      ],
                      [
                        "Windows-1253",
                        "Windows-1253"
                      ],
                      [
                        "Windows-1254",
                        "Windows-1254"
                      ],
                      [
                        "Windows-1257",
                        "Windows-1257"
                      ],
                      [
                        "IBM437",
                        "IBM437"
                      ],
                      [
                        "IBM737",
                        "IBM737"
                      ],
                      [
                        "IBM775",
                        "IBM775"
                      ],
                      [
                        "CP850",
                        "CP850"
                      ],
                      [
                        "IBM852",
                        "IBM852"
                      ],
                      [
                        "CP852",
                        "CP852"
                      ],
                      [
                        "IBM855",
                        "IBM855"
                      ],
                      [
                        "CP855",
                        "CP855"
                      ],
                      [
                        "IBM857",
                        "IBM857"
                      ],
                      [
                        "IBM860",
                        "IBM860"
                      ],
                      [
                        "IBM861",
                        "IBM861"
                      ],
                      [
                        "IBM862",
                        "IBM862"
                      ],
                      [
                        "IBM863",
                        "IBM863"
                      ],
                      [
                        "IBM864",
                        "IBM864"
                      ],
                      [
                        "IBM865",
                        "IBM865"
                      ],
                      [
                        "IBM866",
                        "IBM866"
                      ],
                      [
                        "IBM869",
                        "IBM869"
                      ],
                      [
                        "Windows-1258",
                        "Windows-1258"
                      ],
                      [
                        "GB1988",
                        "GB1988"
                      ],
                      [
                        "macCentEuro",
                        "macCentEuro"
                      ],
                      [
                        "macCroatian",
                        "macCroatian"
                      ],
                      [
                        "macCyrillic",
                        "macCyrillic"
                      ],
                      [
                        "macGreek",
                        "macGreek"
                      ],
                      [
                        "macIceland",
                        "macIceland"
                      ],
                      [
                        "macRoman",
                        "macRoman"
                      ],
                      [
                        "macRomania",
                        "macRomania"
                      ],
                      [
                        "macThai",
                        "macThai"
                      ],
                      [
                        "macTurkish",
                        "macTurkish"
                      ],
                      [
                        "macUkraine",
                        "macUkraine"
                      ],
                      [
                        "CP950",
                        "CP950"
                      ],
                      [
                        "CP951",
                        "CP951"
                      ],
                      [
                        "IBM037",
                        "IBM037"
                      ],
                      [
                        "stateless-ISO-2022-JP",
                        "stateless-ISO-2022-JP"
                      ],
                      [
                        "eucJP-ms",
                        "eucJP-ms"
                      ],
                      [
                        "CP51932",
                        "CP51932"
                      ],
                      [
                        "EUC-JIS-2004",
                        "EUC-JIS-2004"
                      ],
                      [
                        "GB12345",
                        "GB12345"
                      ],
                      [
                        "ISO-2022-JP",
                        "ISO-2022-JP"
                      ],
                      [
                        "ISO-2022-JP-2",
                        "ISO-2022-JP-2"
                      ],
                      [
                        "CP50220",
                        "CP50220"
                      ],
                      [
                        "CP50221",
                        "CP50221"
                      ],
                      [
                        "Windows-1256",
                        "Windows-1256"
                      ],
                      [
                        "Windows-1255",
                        "Windows-1255"
                      ],
                      [
                        "TIS-620",
                        "TIS-620"
                      ],
                      [
                        "Windows-874",
                        "Windows-874"
                      ],
                      [
                        "MacJapanese",
                        "MacJapanese"
                      ],
                      [
                        "UTF-7",
                        "UTF-7"
                      ],
                      [
                        "UTF8-DoCoMo",
                        "UTF8-DoCoMo"
                      ],
                      [
                        "SJIS-DoCoMo",
                        "SJIS-DoCoMo"
                      ],
                      [
                        "UTF8-KDDI",
                        "UTF8-KDDI"
                      ],
                      [
                        "SJIS-KDDI",
                        "SJIS-KDDI"
                      ],
                      [
                        "ISO-2022-JP-KDDI",
                        "ISO-2022-JP-KDDI"
                      ],
                      [
                        "stateless-ISO-2022-JP-KDDI",
                        "stateless-ISO-2022-JP-KDDI"
                      ],
                      [
                        "UTF8-SoftBank",
                        "UTF8-SoftBank"
                      ],
                      [
                        "SJIS-SoftBank",
                        "SJIS-SoftBank"
                      ]
                    ],
                    "optional": true,
                    "default": "UTF-8",
                    "hint": "Default encoding type is set to UTF-8, and typically doesn't need to be changed. <a href=\"https://docs.workato.com/developing-connectors/http.html#expected-encoding\" target=\"_blank\">Learn more</a>",
                    "type": "string",
                    "name": "expected_encoding"
                  },
                  {
                    "control_type": "schema-designer",
                    "label": "Response schema",
                    "sample_data_type": "json_http",
                    "extends_schema": true,
                    "empty_schema_title": "Describe all fields in your response.",
                    "optional": true,
                    "sticky": true,
                    "type": "string",
                    "name": "response_schema"
                  },
                  {
                    "control_type": "schema-designer",
                    "label": "HTTP response headers",
                    "extends_schema": true,
                    "empty_schema_title": "Describe all the response headers",
                    "optional": true,
                    "sticky": true,
                    "type": "string",
                    "name": "headers_schema"
                  },
                  {
                    "control_type": "checkbox",
                    "label": "Mark non-2xx response codes as success?",
                    "render_input": {
                    },
                    "parse_output": {
                    },
                    "toggle_hint": "Select from option list",
                    "toggle_field": {
                      "label": "Mark non-2xx response codes as success?",
                      "control_type": "text",
                      "toggle_hint": "Use custom value",
                      "default": false,
                      "hint": "If <b>yes</b>, non 2xx response codes returned will be marked as a successful action. If <b>no</b>, non 2xx response codes returned will be marked as an error.",
                      "optional": true,
                      "type": "boolean",
                      "name": "ignore_http_errors"
                    },
                    "default": "false",
                    "hint": "If <b>yes</b>, non 2xx response codes returned will be marked as a successful action. If <b>no</b>, non 2xx response codes returned will be marked as an error.",
                    "optional": true,
                    "type": "boolean",
                    "name": "ignore_http_errors"
                  }
                ],
                "type": "object"
              }
            ],
            "comment": "Option to send PDF as SAS URL",
            "uuid": "a753f00a-83b1-4c3e-8a82-20e03d8db800",
            "wizardFinished": true,
            "skip": true
          },
          {
            "number": 6,
            "keyword": "try",
            "input": {
            },
            "block": [
              {
                "number": 7,
                "provider": "rest",
                "name": "make_request_v2",
                "as": "f8be9c44",
                "title": "Send as Binary",
                "description": "<span class=\"provider\">Send as binary</span> via <span class=\"provider\">HTTP</span>",
                "keyword": "action",
                "toggleCfg": {
                  "response.ignore_http_errors": true
                },
                "input": {
                  "request_name": "Send as Binary",
                  "request": {
                    "method": "POST",
                    "content_type": "application/json",
                    "url": "https://eufnapapdigpdfsplitdev02.azurewebsites.net/api/WorkatoSplitPdfTest?code=ya1738zy-7PQLc38GiCNkpRWIso3UWw6JnkUZIy1UoM-AzFuGpEBzw==",
                    "body": "{\n\"type\" : \"2\",\n\"sasurl\": \"\",\n\"base64encoded\": \"#{_dp('{\"pill_type\":\"output\",\"provider\":\"workato_variable\",\"line\":\"1e542622\",\"path\":[\"MultiInvoice_Base64Encoded\"]}')}\",\n\"account_name\": \"#{_dp('{\"pill_type\":\"output\",\"provider\":\"workato_variable\",\"line\":\"4f741ceb\",\"path\":[\"storageAccount\"]}')}\",\n\"connection_string\":\"#{_dp('{\"pill_type\":\"output\",\"provider\":\"workato_variable\",\"line\":\"4f741ceb\",\"path\":[\"connectionString\"]}')}\",\n\"out_container\": \"#{_dp('{\"pill_type\":\"output\",\"provider\":\"workato_variable\",\"line\":\"4f741ceb\",\"path\":[\"ContainerStub\"]}')}\",\n\"primary_key\": \"#{_dp('{\"pill_type\":\"output\",\"provider\":\"workato_variable\",\"line\":\"4f741ceb\",\"path\":[\"storageKey\"]}')}\",\n\"regex_string\": \"#{_dp('{\"pill_type\":\"output\",\"provider\":\"workato_recipe_function\",\"line\":\"83626c2c\",\"path\":[\"parameters\",\"SplitPDFRegex\"]}')}\"\n}"
                  },
                  "response": {
                    "output_type": "json",
                    "expected_encoding": "UTF-8",
                    "ignore_http_errors": "false",
                    "response_schema": "[{\"control_type\":\"number\",\"label\":\"File count\",\"parse_output\":\"float_conversion\",\"type\":\"number\",\"name\":\"fileCount\"},{\"control_type\":\"text\",\"label\":\"Container path\",\"type\":\"string\",\"name\":\"containerPath\"},{\"name\":\"files\",\"type\":\"array\",\"of\":\"string\",\"control_type\":\"text\",\"label\":\"Files\"}]"
                  }
                },
                "extended_output_schema": [
                  {
                    "label": "Headers",
                    "name": "headers",
                    "properties": [

                    ],
                    "type": "object"
                  },
                  {
                    "label": "Response",
                    "name": "response",
                    "properties": [
                      {
                        "control_type": "number",
                        "label": "File count",
                        "parse_output": "float_conversion",
                        "type": "number",
                        "name": "fileCount"
                      },
                      {
                        "control_type": "text",
                        "label": "Container path",
                        "type": "string",
                        "name": "containerPath"
                      },
                      {
                        "name": "files",
                        "type": "array",
                        "of": "string",
                        "control_type": "text",
                        "label": "Files"
                      }
                    ],
                    "type": "object"
                  }
                ],
                "extended_input_schema": [
                  {
                    "label": "Response",
                    "name": "response",
                    "override": true,
                    "properties": [
                      {
                        "control_type": "select",
                        "label": "Response content type",
                        "pick_list": [
                          [
                            "Text",
                            "rawdatatxt"
                          ],
                          [
                            "Binary",
                            "rawdata"
                          ],
                          [
                            "JSON",
                            "json"
                          ],
                          [
                            "XML",
                            "xml2"
                          ]
                        ],
                        "hint": "Select expected format of data response type, e.g. JSON or XML. <a href=\"https://docs.workato.com/developing-connectors/http.html#response-type\" target=\"_blank\">Learn more</a>",
                        "default": "json",
                        "extends_schema": true,
                        "type": "string",
                        "name": "output_type"
                      },
                      {
                        "control_type": "select",
                        "label": "Encoding",
                        "pick_list": "supported_encodings_without_binary_global_pick_list",
                        "pick_list_connection_less": true,
                        "optional": true,
                        "default": "UTF-8",
                        "hint": "Default encoding type is set to UTF-8, and typically doesn't need to be changed. <a href=\"https://docs.workato.com/developing-connectors/http.html#response-type\" target=\"_blank\">Learn more</a>",
                        "type": "string",
                        "name": "expected_encoding"
                      },
                      {
                        "control_type": "schema-designer",
                        "label": "Response schema",
                        "sample_data_type": "json_http",
                        "extends_schema": true,
                        "empty_schema_title": "Describe all fields in your response.",
                        "optional": true,
                        "sticky": true,
                        "type": "string",
                        "name": "response_schema"
                      },
                      {
                        "control_type": "schema-designer",
                        "label": "HTTP response headers",
                        "extends_schema": true,
                        "empty_schema_title": "Describe all the response headers",
                        "optional": true,
                        "sticky": true,
                        "type": "string",
                        "name": "headers_schema"
                      },
                      {
                        "control_type": "checkbox",
                        "label": "Mark non-2xx response codes as success?",
                        "render_input": {
                        },
                        "parse_output": {
                        },
                        "toggle_hint": "Select from option list",
                        "toggle_field": {
                          "label": "Mark non-2xx response codes as success?",
                          "control_type": "text",
                          "toggle_hint": "Use custom value",
                          "default": false,
                          "hint": "If <b>yes</b>, non 2xx response codes returned will be marked as a successful action. If <b>no</b>, non 2xx response codes returned will be marked as an error.",
                          "optional": true,
                          "type": "boolean",
                          "name": "ignore_http_errors"
                        },
                        "default": "false",
                        "hint": "If <b>yes</b>, non 2xx response codes returned will be marked as a successful action. If <b>no</b>, non 2xx response codes returned will be marked as an error.",
                        "optional": true,
                        "type": "boolean",
                        "name": "ignore_http_errors"
                      }
                    ],
                    "type": "object"
                  }
                ],
                "comment": "Send multipage PDF is binary",
                "uuid": "d7b1ce7c-b79c-4a73-b35a-5a93c91a15fb",
                "wizardFinished": true
              },
              {
                "number": 8,
                "provider": "clock",
                "name": "wait_for_interval",
                "as": "054a8bca",
                "title": null,
                "description": null,
                "keyword": "action",
                "toggleCfg": {
                  "interval": false
                },
                "input": {
                  "interval": "20"
                },
                "uuid": "30f8e9ac-53e8-413c-b569-a5602efbcea0"
              },
              {
                "number": 9,
                "as": "a8381ada",
                "keyword": "catch",
                "input": {
                  "max_retry_count": "3",
                  "retry_interval": "10"
                },
                "block": [
                  {
                    "number": 10,
                    "provider": "logger",
                    "name": "log_message",
                    "as": "d5a1e498",
                    "title": null,
                    "description": "Log <span class=\"provider\">message</span> to <span class=\"provider\">Job report</span>",
                    "keyword": "action",
                    "input": {
                      "user_logs_enabled": "false",
                      "message": "#{_dp('{\"pill_type\":\"output\",\"provider\":\"catch\",\"line\":\"a8381ada\",\"path\":[\"message\"]}')}"
                    },
                    "extended_input_schema": [
                      {
                        "control_type": "switch",
                        "default": false,
                        "disable_formula": true,
                        "extends_schema": true,
                        "hint": "                Send a copy of the message to Workato logs.\n                <a href=\"https://docs.workato.com/features/logging-service.html\" target=\"_blank\" class=\"ng-scope\">\n                  Learn more\n                </a>\n",
                        "label": "Send to Workato log service",
                        "name": "user_logs_enabled",
                        "optional": true,
                        "type": "string"
                      }
                    ],
                    "uuid": "2ccdffdc-2e20-482e-81a2-46c1e9d37077"
                  }
                ],
                "uuid": "21028153-e9bc-46c7-9274-ff210178d507"
              }
            ],
            "uuid": "3548dd37-0b50-466c-a807-1c57b95b35de"
          },
          {
            "number": 11,
            "as": "dcd6722a",
            "keyword": "foreach",
            "repeat_mode": "simple",
            "clear_scope": "false",
            "input": {
            },
            "block": [
              {
                "number": 12,
                "provider": "workato_list",
                "name": "accumulate_list_items",
                "as": "46c06ec7",
                "title": "Accumulate items to splitPdfs list",
                "description": "Accumulate <span class=\"provider\">items</span> to <span class=\"provider\">splitPdfs</span> list",
                "keyword": "action",
                "input": {
                  "name": "splitPdfs",
                  "list_item": {
                    "schema": "[{\"name\":\"sasUrl\",\"type\":\"string\",\"optional\":true,\"label\":\"sasUrl\",\"control_type\":\"text\"},{\"name\":\"number\",\"type\":\"integer\",\"optional\":true,\"label\":\"number\",\"control_type\":\"integer\"}]",
                    "data": {
                      "sasUrl": "#{_dp('{\"pill_type\":\"output\",\"provider\":\"foreach\",\"line\":\"dcd6722a\",\"path\":[\"value\"]}')}",
                      "number": "#{_dp('{\"pill_type\":\"foreach_meta\",\"provider\":\"foreach\",\"line\":\"dcd6722a\",\"key\":\"index\"}')}"
                    }
                  }
                },
                "extended_output_schema": [
                  {
                    "label": "Items",
                    "name": "list_items",
                    "of": "object",
                    "properties": [
                      {
                        "control_type": "text",
                        "label": "sasUrl",
                        "name": "sasUrl",
                        "type": "string",
                        "optional": true
                      },
                      {
                        "control_type": "integer",
                        "label": "number",
                        "parse_output": "integer_conversion",
                        "name": "number",
                        "type": "integer",
                        "optional": true
                      }
                    ],
                    "type": "array"
                  }
                ],
                "extended_input_schema": [
                  {
                    "control_type": "form-schema-builder",
                    "label": "List item fields",
                    "name": "list_item",
                    "override": true,
                    "properties": [
                      {
                        "control_type": "text",
                        "label": "Schema",
                        "extends_schema": true,
                        "type": "string",
                        "name": "schema"
                      },
                      {
                        "properties": [
                          {
                            "control_type": "text",
                            "label": "sasUrl",
                            "name": "sasUrl",
                            "type": "string",
                            "optional": true
                          },
                          {
                            "control_type": "integer",
                            "label": "number",
                            "parse_output": "integer_conversion",
                            "name": "number",
                            "type": "integer",
                            "optional": true
                          }
                        ],
                        "label": "Data",
                        "type": "object",
                        "name": "data"
                      }
                    ],
                    "type": "object"
                  }
                ],
                "visible_config_fields": [
                  "name",
                  "list_item.data.sasUrl",
                  "list_item",
                  "list_item.schema",
                  "list_item.data.number"
                ],
                "uuid": "8dddc756-4a2d-48bf-8dd9-1b40a8847447"
              }
            ],
            "source": "#{_dp('{\"pill_type\":\"output\",\"provider\":\"rest\",\"line\":\"f8be9c44\",\"path\":[\"response\",\"files\"]}')}",
            "uuid": "e79a5902-0de9-403e-808e-89cfd40339f5"
          },
          {
            "number": 13,
            "as": "d7e7dcbc",
            "keyword": "catch",
            "input": {
              "max_retry_count": "0",
              "retry_interval": "2"
            },
            "block": [
              {
                "number": 14,
                "provider": "logger",
                "name": "log_message",
                "as": "6df35a1a",
                "title": null,
                "description": "Log <span class=\"provider\">message</span> to <span class=\"provider\">Job report</span>",
                "keyword": "action",
                "input": {
                  "message": "Error Type: #{_dp('{\"pill_type\":\"output\",\"provider\":\"catch\",\"line\":\"d7e7dcbc\",\"path\":[\"type\"]}')}\nMessage: #{_dp('{\"pill_type\":\"output\",\"provider\":\"catch\",\"line\":\"d7e7dcbc\",\"path\":[\"message\"]}')}\nError UUID: #{_dp('{\"pill_type\":\"output\",\"provider\":\"catch\",\"line\":\"d7e7dcbc\",\"path\":[\"uuid\"]}')}"
                },
                "extended_input_schema": [
                  {
                    "control_type": "switch",
                    "default": false,
                    "disable_formula": true,
                    "extends_schema": true,
                    "hint": "                Send a copy of the message to Workato logs.\n                <a href=\"https://docs.workato.com/features/logging-service.html\" target=\"_blank\" class=\"ng-scope\">\n                  Learn more\n                </a>\n",
                    "label": "Send to Workato log service",
                    "name": "user_logs_enabled",
                    "optional": true,
                    "type": "string"
                  }
                ],
                "uuid": "2bebc15c-8f0a-406c-ab9c-f56fdb168fc7"
              }
            ],
            "uuid": "4ecad9e1-3768-41a4-9037-ae5fdf22969e"
          }
        ],
        "uuid": "384ac132-61b8-4dff-a9c1-3ed0f5197926"
      },
      {
        "number": 15,
        "provider": "workato_recipe_function",
        "name": "return_result",
        "as": "8eccb6af",
        "title": null,
        "description": null,
        "keyword": "action",
        "input": {
          "result": {
            "list_items": {
              "____source": "#{_dp('{\"pill_type\":\"output\",\"provider\":\"workato_list\",\"line\":\"46c06ec7\",\"path\":[\"list_items\"]}')}",
              "sasUrl": "#{_dp('{\"pill_type\":\"output\",\"provider\":\"workato_list\",\"line\":\"46c06ec7\",\"path\":[\"list_items\",{\"path_element_type\":\"current_item\"},\"sasUrl\"]}')}",
              "number": "#{_dp('{\"pill_type\":\"output\",\"provider\":\"workato_list\",\"line\":\"46c06ec7\",\"path\":[\"list_items\",{\"path_element_type\":\"current_item\"},\"number\"]}')}"
            }
          }
        },
        "extended_output_schema": [
          {
            "label": "Result",
            "name": "result",
            "properties": [
              {
                "name": "list_items",
                "type": "array",
                "of": "object",
                "label": "List items",
                "properties": [
                  {
                    "control_type": "text",
                    "label": "Sas URL",
                    "type": "string",
                    "name": "sasUrl"
                  },
                  {
                    "control_type": "number",
                    "label": "Number",
                    "parse_output": "float_conversion",
                    "type": "number",
                    "name": "number"
                  }
                ]
              }
            ],
            "type": "object"
          }
        ],
        "extended_input_schema": [
          {
            "label": "Result",
            "name": "result",
            "properties": [
              {
                "name": "list_items",
                "type": "array",
                "of": "object",
                "label": "List items",
                "properties": [
                  {
                    "control_type": "text",
                    "label": "Sas URL",
                    "type": "string",
                    "name": "sasUrl"
                  },
                  {
                    "control_type": "number",
                    "label": "Number",
                    "parse_output": "float_conversion",
                    "type": "number",
                    "name": "number"
                  }
                ]
              }
            ],
            "type": "object"
          }
        ],
        "visible_config_fields": [
          "result.splitPdfList"
        ],
        "uuid": "21bb7177-2b6f-4127-b9cb-997d22eafc26"
      }
    ],
    "uuid": "f65f6c4d-8e71-4db9-8dc0-dc3729b0e6e1",
    "format_version": 2
  },
  "config": [
    {
      "keyword": "application",
      "provider": "workato_recipe_function",
      "skip_validation": false,
      "account_id": null
    },
    {
      "keyword": "application",
      "provider": "workato_variable",
      "skip_validation": false,
      "account_id": null
    },
    {
      "keyword": "application",
      "provider": "rest",
      "skip_validation": false,
      "account_id": {
        "zip_name": "Connectors/apooh_conn_pdfsplit_azurefunc_eufnapapoohpdfsplitdev01.connection.json",
        "name": "[APOOH] CONN | PDFSplit AzureFunc eufnapapoohpdfsplitdev01",
        "folder": "Connectors"
      }
    },
    {
      "keyword": "application",
      "provider": "workato_list",
      "skip_validation": false,
      "account_id": null
    },
    {
      "keyword": "application",
      "provider": "logger",
      "skip_validation": false,
      "account_id": null
    },
    {
      "keyword": "application",
      "provider": "clock",
      "skip_validation": false,
      "account_id": null
    }
  ]
}