{
  "name": "[USA-AP-OOH] CALL | Search Filename for Term",
  "description": "When there is a function call, do action",
  "version": 3,
  "private": true,
  "concurrency": 1,
  "code": {
    "number": 0,
    "provider": "workato_recipe_function",
    "name": "execute",
    "as": "1f406676",
    "title": null,
    "description": null,
    "keyword": "trigger",
    "dynamicPickListSelection": {
    },
    "toggleCfg": {
    },
    "input": {
      "parameters_schema_json": "[{\"name\":\"filename\",\"type\":\"string\",\"optional\":false,\"hint\":\"name of the file you want to search in\",\"control_type\":\"text\"},{\"name\":\"arrayAsString\",\"type\":\"string\",\"optional\":false,\"control_type\":\"text\"},{\"name\":\"Sender_Mail\",\"type\":\"string\",\"optional\":false,\"control_type\":\"text\",\"label\":\"Sender mail\"},{\"name\":\"FAI_Mail_ID_sender\",\"type\":\"string\",\"optional\":false,\"control_type\":\"text\",\"label\":\"FAI mail ID sender\"}]",
      "result_schema_json": "[{\"name\":\"foundCount\",\"type\":\"integer\",\"optional\":false,\"control_type\":\"integer\"}]"
    },
    "extended_output_schema": [
      {
        "label": "Parameters",
        "name": "parameters",
        "properties": [
          {
            "control_type": "text",
            "label": "Filename",
            "name": "filename",
            "type": "string",
            "optional": false,
            "hint": "name of the file you want to search in"
          },
          {
            "control_type": "text",
            "label": "Array as string",
            "name": "arrayAsString",
            "type": "string",
            "optional": false
          },
          {
            "control_type": "text",
            "label": "Sender mail",
            "name": "Sender_Mail",
            "type": "string",
            "optional": false
          },
          {
            "control_type": "text",
            "label": "FAI mail ID sender",
            "name": "FAI_Mail_ID_sender",
            "type": "string",
            "optional": false
          }
        ],
        "type": "object"
      }
    ],
    "block": [
      {
        "number": 1,
        "provider": "workato_variable",
        "name": "declare_variable",
        "as": "40533f0a",
        "title": "  Create variable varFoundCount",
        "description": "Create variable <span class=\"provider\">varFoundCount</span>",
        "keyword": "action",
        "dynamicPickListSelection": {
        },
        "toggleCfg": {
        },
        "input": {
          "variables": {
            "schema": "[{\"name\":\"varFoundCount\",\"type\":\"integer\",\"optional\":true,\"label\":\"varFoundCount\",\"control_type\":\"integer\"}]",
            "data": {
              "varFoundCount": "0"
            }
          }
        },
        "extended_output_schema": [
          {
            "control_type": "integer",
            "label": "varFoundCount",
            "name": "varFoundCount",
            "optional": true,
            "type": "integer",
            "parse_output": "integer_conversion"
          }
        ],
        "extended_input_schema": [
          {
            "add_field_label": "Add a variable",
            "control_type": "form-schema-builder",
            "empty_schema_title": "Add variables by giving them a name, type and default value",
            "exclude_fields": [
              "hint"
            ],
            "item_label": "variable",
            "label": "Variables",
            "mark_as_required": true,
            "name": "variables",
            "ngIf": "!input.name",
            "optional": true,
            "properties": [
              {
                "control_type": "text",
                "label": "Schema",
                "extends_schema": true,
                "broadcast_change_event": true,
                "type": "string",
                "name": "schema"
              },
              {
                "properties": [
                  {
                    "control_type": "integer",
                    "label": "varFoundCount",
                    "parse_output": "integer_conversion",
                    "name": "varFoundCount",
                    "type": "integer",
                    "optional": true,
                    "hint": "Defaults to nil if not supplied.",
                    "sticky": true
                  }
                ],
                "label": "Data",
                "type": "object",
                "name": "data"
              }
            ],
            "type": "object"
          }
        ],
        "visible_config_fields": [
          "variables.data.varFoundCount"
        ],
        "comment": "Number of times the loop finds a search term",
        "uuid": "e19a546d-b90e-4d45-afda-af16b52874e2"
      },
      {
        "number": 2,
        "provider": "workato_custom_code",
        "name": "invoke_custom_ruby_code",
        "as": "ec060a5a",
        "title": null,
        "description": "Execute <span class=\"provider\">ruby</span> code: <span class=\"provider\">Convert Array to List</span>",
        "keyword": "action",
        "dynamicPickListSelection": {
        },
        "toggleCfg": {
        },
        "input": {
          "code": "items = input[\"items\"]\nconverted_array = items.split(\",\")\n#results= converted_array.map do |each|\nresults= converted_array.map do |each| \n {  :list_item => each.strip }\nend\n{OutputList:  results}",
          "name": "Convert Array to List",
          "code_input": {
            "schema": "[{\"name\":\"items\",\"type\":\"string\",\"optional\":true,\"label\":\"items\",\"control_type\":\"text\"}]",
            "data": {
              "items": "=_('data.workato_recipe_function.1f406676.parameters.arrayAsString')"
            }
          },
          "code_output_schema_json": "[{\"name\":\"OutputList\",\"type\":\"array\",\"optional\":false,\"properties\":[{\"name\":\"list_item\",\"type\":\"string\",\"optional\":false,\"control_type\":\"text\"}]}]"
        },
        "extended_output_schema": [
          {
            "label": "Output",
            "name": "output",
            "properties": [
              {
                "name": "OutputList",
                "type": "array",
                "of": "object",
                "label": "Output list",
                "optional": false,
                "properties": [
                  {
                    "control_type": "text",
                    "label": "List item",
                    "name": "list_item",
                    "type": "string",
                    "optional": false
                  }
                ]
              }
            ],
            "type": "object"
          }
        ],
        "extended_input_schema": [
          {
            "control_type": "form-schema-builder",
            "label": "Input",
            "name": "code_input",
            "optional": true,
            "override": true,
            "properties": [
              {
                "control_type": "text",
                "label": "Schema",
                "extends_schema": true,
                "type": "string",
                "name": "schema"
              },
              {
                "properties": [
                  {
                    "control_type": "text",
                    "label": "items",
                    "name": "items",
                    "type": "string",
                    "optional": true
                  }
                ],
                "label": "Data",
                "type": "object",
                "name": "data"
              }
            ],
            "sticky": true,
            "type": "object"
          }
        ],
        "visible_config_fields": [
          "name",
          "code_input",
          "code_output_schema_json",
          "code",
          "code_input.data.i_ds",
          "code_input.schema",
          "code_input.data",
          "code_input.data.items"
        ],
        "comment": "Convert input Array to list",
        "uuid": "a6ca78ab-d025-4275-a16b-b3eb39197f49"
      },
      {
        "number": 3,
        "keyword": "if",
        "dynamicPickListSelection": {
        },
        "toggleCfg": {
        },
        "input": {
          "type": "compound",
          "operand": "or",
          "conditions": [
            {
              "operand": "contains",
              "lhs": "=_('data.workato_recipe_function.1f406676.parameters.Sender_Mail')",
              "rhs": "Mail2FAI",
              "uuid": "condition-ed394897-93e3-45d8-9a93-fe6db373f0e6"
            }
          ]
        },
        "block": [
          {
            "number": 4,
            "provider": "logger",
            "name": "log_message",
            "as": "d8727cfb",
            "title": null,
            "description": "Log <span class=\"provider\">message</span> to <span class=\"provider\">Job report</span>",
            "keyword": "action",
            "dynamicPickListSelection": {
            },
            "toggleCfg": {
            },
            "input": {
              "message": "Internal Email",
              "user_logs_enabled": "false"
            },
            "extended_input_schema": [
              {
                "control_type": "switch",
                "default": false,
                "disable_formula": true,
                "extends_schema": true,
                "hint": "                Send a copy of the message to Workato logs.\n                <a href=\"https://docs.workato.com/features/logging-service.html\" target=\"_blank\" class=\"ng-scope\">\n                  Learn more\n                </a>\n",
                "label": "Send to Workato log service",
                "name": "user_logs_enabled",
                "optional": true,
                "type": "string"
              }
            ],
            "comment": "Internal email, further processing",
            "uuid": "9d4ee4f7-b10a-4805-a766-c212fff78905",
            "skip": false
          },
          {
            "number": 5,
            "as": "7857c19b",
            "keyword": "foreach",
            "dynamicPickListSelection": {
            },
            "toggleCfg": {
            },
            "repeat_mode": "simple",
            "clear_scope": "false",
            "input": {
            },
            "block": [
              {
                "number": 6,
                "keyword": "if",
                "dynamicPickListSelection": {
                },
                "toggleCfg": {
                },
                "input": {
                  "type": "compound",
                  "operand": "and",
                  "conditions": [
                    {
                      "operand": "contains",
                      "lhs": "=_('data.workato_recipe_function.1f406676.parameters.filename').upcase",
                      "rhs": "=_('data.foreach.7857c19b.list_item').upcase",
                      "uuid": "condition-fb1ae2a5-ba0f-4c87-b8eb-59a93d101e00"
                    }
                  ]
                },
                "block": [
                  {
                    "number": 7,
                    "provider": "logger",
                    "name": "log_message",
                    "as": "2bbaa5f6",
                    "title": null,
                    "description": "Log <span class=\"provider\">message</span> to <span class=\"provider\">Job report</span>",
                    "keyword": "action",
                    "dynamicPickListSelection": {
                    },
                    "toggleCfg": {
                    },
                    "input": {
                      "message": "#{_('data.foreach.7857c19b.list_item')} is in the filename",
                      "user_logs_enabled": "false"
                    },
                    "extended_input_schema": [
                      {
                        "control_type": "switch",
                        "default": false,
                        "disable_formula": true,
                        "extends_schema": true,
                        "hint": "                Send a copy of the message to Workato logs.\n                <a href=\"https://docs.workato.com/features/logging-service.html\" target=\"_blank\" class=\"ng-scope\">\n                  Learn more\n                </a>\n",
                        "label": "Send to Workato log service",
                        "name": "user_logs_enabled",
                        "optional": true,
                        "type": "string"
                      }
                    ],
                    "comment": "Term found in FileName",
                    "uuid": "8d3b1a5d-14c0-45d8-875b-f9ab2b8cfca0"
                  },
                  {
                    "number": 8,
                    "provider": "workato_variable",
                    "name": "update_variables",
                    "as": "18f12d57",
                    "title": null,
                    "description": "Update variables <span class=\"provider\">varFoundCount</span>",
                    "keyword": "action",
                    "dynamicPickListSelection": {
                      "name": [
                        {
                          "label": "varFoundCount (step 2)",
                          "value": "e19a546d-b90e-4d45-afda-af16b52874e2:40533f0a:varFoundCount"
                        }
                      ]
                    },
                    "toggleCfg": {
                    },
                    "input": {
                      "name": "e19a546d-b90e-4d45-afda-af16b52874e2:40533f0a:varFoundCount",
                      "varFoundCount": "=_('data.workato_variable.40533f0a.varFoundCount')+1"
                    },
                    "extended_input_schema": [
                      {
                        "control_type": "integer",
                        "hint": "Provide a value for the variable. When the value is not supplied, the variable is not updated.<br>To clear the value, set the value to <b>nil</b> in formula mode.",
                        "label": "varFoundCount",
                        "name": "varFoundCount",
                        "optional": true,
                        "sticky": true,
                        "type": "integer",
                        "parse_output": "integer_conversion",
                        "strip_interpolation": true
                      }
                    ],
                    "comment": "varFoundCount + 1",
                    "uuid": "e982c3c4-996f-4c07-88e8-cfdbd4f966c2"
                  },
                  {
                    "number": 9,
                    "provider": "outlook",
                    "name": "send_mail",
                    "as": "dbbc6833",
                    "title": null,
                    "description": null,
                    "keyword": "action",
                    "dynamicPickListSelection": {
                    },
                    "toggleCfg": {
                      "ContentType": true
                    },
                    "input": {
                      "ContentType": "HTML",
                      "ToRecipients": "#{_('data.workato_recipe_function.1f406676.parameters.FAI_Mail_ID_sender')}",
                      "Subject": "OOH BOT - Failed to process Invoice on FAI.",
                      "Content": "Hi,<br><br>This is to inform you that OOH BOT is unable to process below invoice on FAI, due to unexpected keyword in filename.<br><br>File Name :#{_('data.workato_recipe_function.1f406676.parameters.filename')}<br><br>To view this Invoice on FAI, Please resend Invoice, excluding below terms from invoice File <br>[AFFIDAVIT,POP,REMITTANCE,REPORT,POLICY,CONTRACT,DISTRIBUTION,REMITTANCE,BRIEF,EXECUTED AGREEMENT, PROOF]<br><br>From,<br>BOT.",
                      "CcRecipients": "aoc.support@groupm.com,stella.cirkinyan@groupm.com",
                      "from": "KineticAP@KineticWW.com"
                    },
                    "visible_config_fields": [
                      "from",
                      "BccRecipients",
                      "ContentType",
                      "CcRecipients"
                    ],
                    "uuid": "0c5fa201-6534-4876-bd25-ddff4159ed26",
                    "skip": false
                  },
                  {
                    "number": 10,
                    "provider": "workato_recipe_function",
                    "name": "return_result",
                    "as": "269f6bd8",
                    "title": null,
                    "description": null,
                    "keyword": "action",
                    "dynamicPickListSelection": {
                    },
                    "toggleCfg": {
                    },
                    "input": {
                      "result": {
                        "foundCount": "#{_('data.workato_variable.40533f0a.varFoundCount')}"
                      }
                    },
                    "extended_output_schema": [
                      {
                        "label": "Result",
                        "name": "result",
                        "properties": [
                          {
                            "control_type": "integer",
                            "label": "Found count",
                            "parse_output": "integer_conversion",
                            "name": "foundCount",
                            "type": "integer",
                            "optional": false
                          }
                        ],
                        "type": "object"
                      }
                    ],
                    "extended_input_schema": [
                      {
                        "label": "Result",
                        "name": "result",
                        "properties": [
                          {
                            "control_type": "integer",
                            "label": "Found count",
                            "parse_output": "integer_conversion",
                            "name": "foundCount",
                            "type": "integer",
                            "optional": false
                          }
                        ],
                        "type": "object"
                      }
                    ],
                    "visible_config_fields": [
                      "result.searchTrue"
                    ],
                    "comment": "Found Count = varFoundCount",
                    "uuid": "2a63b24c-f7ee-4a72-bdf7-3c9de2832c18"
                  }
                ],
                "comment": "Search for each array term in the FileName",
                "uuid": "fa980c55-d5ac-45c4-9da0-fe296df71dda"
              }
            ],
            "source": "#{_('data.workato_custom_code.ec060a5a.output.OutputList')}",
            "comment": "For earch term in array",
            "uuid": "88ce2de5-211c-457e-a4c5-dc5fd103305e"
          },
          {
            "number": 11,
            "keyword": "else",
            "dynamicPickListSelection": {
            },
            "toggleCfg": {
            },
            "input": {
            },
            "block": [
              {
                "number": 12,
                "as": "e7944677",
                "keyword": "foreach",
                "dynamicPickListSelection": {
                },
                "toggleCfg": {
                },
                "repeat_mode": "simple",
                "clear_scope": "false",
                "input": {
                },
                "block": [
                  {
                    "number": 13,
                    "keyword": "if",
                    "dynamicPickListSelection": {
                    },
                    "toggleCfg": {
                    },
                    "input": {
                      "type": "compound",
                      "operand": "and",
                      "conditions": [
                        {
                          "operand": "contains",
                          "lhs": "=_('data.workato_recipe_function.1f406676.parameters.filename').upcase",
                          "rhs": "=_('data.foreach.e7944677.list_item').upcase",
                          "uuid": "condition-fb1ae2a5-ba0f-4c87-b8eb-59a93d101e00"
                        }
                      ]
                    },
                    "block": [
                      {
                        "number": 14,
                        "provider": "logger",
                        "name": "log_message",
                        "as": "caff4648",
                        "title": null,
                        "description": "Log <span class=\"provider\">message</span> to <span class=\"provider\">Job report</span>",
                        "keyword": "action",
                        "dynamicPickListSelection": {
                        },
                        "toggleCfg": {
                        },
                        "input": {
                          "message": "#{_('data.foreach.e7944677.list_item')} is in the filename",
                          "user_logs_enabled": "false"
                        },
                        "extended_input_schema": [
                          {
                            "control_type": "switch",
                            "default": false,
                            "disable_formula": true,
                            "extends_schema": true,
                            "hint": "                Send a copy of the message to Workato logs.\n                <a href=\"https://docs.workato.com/features/logging-service.html\" target=\"_blank\" class=\"ng-scope\">\n                  Learn more\n                </a>\n",
                            "label": "Send to Workato log service",
                            "name": "user_logs_enabled",
                            "optional": true,
                            "type": "string"
                          }
                        ],
                        "comment": "Term found in FileName",
                        "uuid": "8aadf839-e3c1-479d-92b3-be4d63f3a094"
                      },
                      {
                        "number": 15,
                        "provider": "workato_variable",
                        "name": "update_variables",
                        "as": "40267e42",
                        "title": null,
                        "description": "Update variables <span class=\"provider\">varFoundCount</span>",
                        "keyword": "action",
                        "dynamicPickListSelection": {
                          "name": [
                            {
                              "label": "varFoundCount (step 2)",
                              "value": "e19a546d-b90e-4d45-afda-af16b52874e2:40533f0a:varFoundCount"
                            }
                          ]
                        },
                        "toggleCfg": {
                        },
                        "input": {
                          "name": "e19a546d-b90e-4d45-afda-af16b52874e2:40533f0a:varFoundCount",
                          "varFoundCount": "=_('data.workato_variable.40533f0a.varFoundCount')+1"
                        },
                        "extended_input_schema": [
                          {
                            "control_type": "integer",
                            "hint": "Provide a value for the variable. When the value is not supplied, the variable is not updated.<br>To clear the value, set the value to <b>nil</b> in formula mode.",
                            "label": "varFoundCount",
                            "name": "varFoundCount",
                            "optional": true,
                            "sticky": true,
                            "type": "integer",
                            "parse_output": "integer_conversion",
                            "strip_interpolation": true
                          }
                        ],
                        "comment": "varFoundCount + 1",
                        "uuid": "ddc4d2c6-e55a-47f6-b3a4-e27d0a8a82e6"
                      },
                      {
                        "number": 16,
                        "provider": "workato_recipe_function",
                        "name": "return_result",
                        "as": "b5f49553",
                        "title": null,
                        "description": null,
                        "keyword": "action",
                        "dynamicPickListSelection": {
                        },
                        "toggleCfg": {
                        },
                        "input": {
                          "result": {
                            "foundCount": "#{_('data.workato_variable.40533f0a.varFoundCount')}"
                          }
                        },
                        "extended_output_schema": [
                          {
                            "label": "Result",
                            "name": "result",
                            "properties": [
                              {
                                "control_type": "integer",
                                "label": "Found count",
                                "parse_output": "integer_conversion",
                                "name": "foundCount",
                                "type": "integer",
                                "optional": false
                              }
                            ],
                            "type": "object"
                          }
                        ],
                        "extended_input_schema": [
                          {
                            "label": "Result",
                            "name": "result",
                            "properties": [
                              {
                                "control_type": "integer",
                                "label": "Found count",
                                "parse_output": "integer_conversion",
                                "name": "foundCount",
                                "type": "integer",
                                "optional": false
                              }
                            ],
                            "type": "object"
                          }
                        ],
                        "visible_config_fields": [
                          "result.searchTrue"
                        ],
                        "comment": "Found Count = varFoundCount",
                        "uuid": "c8987543-7160-40ed-9a9b-0b87206f1e38"
                      }
                    ],
                    "comment": "Search for each array term in the FileName",
                    "uuid": "89b0437f-316e-4213-a2dc-d95210dcd623"
                  }
                ],
                "source": "#{_('data.workato_custom_code.ec060a5a.output.OutputList')}",
                "comment": "For earch term in array",
                "uuid": "2e093b3c-cba8-49a4-95b6-9337a1eb5401"
              }
            ],
            "comment": "External vendor, proceed to download and process attachments",
            "uuid": "158ffb4b-e3cc-46c0-8295-c370035987e3",
            "skip": false
          }
        ],
        "comment": "TODO: Make this a lookup table",
        "uuid": "61f095bd-9298-4f3f-8ec2-7e79f7528ac1",
        "skip": false
      },
      {
        "number": 17,
        "provider": "workato_recipe_function",
        "name": "return_result",
        "as": "65121ba3",
        "title": null,
        "description": null,
        "keyword": "action",
        "dynamicPickListSelection": {
        },
        "toggleCfg": {
        },
        "input": {
          "result": {
            "foundCount": "#{_('data.workato_variable.40533f0a.varFoundCount')}"
          }
        },
        "extended_output_schema": [
          {
            "label": "Result",
            "name": "result",
            "properties": [
              {
                "control_type": "integer",
                "label": "Found count",
                "parse_output": "integer_conversion",
                "name": "foundCount",
                "type": "integer",
                "optional": false
              }
            ],
            "type": "object"
          }
        ],
        "extended_input_schema": [
          {
            "label": "Result",
            "name": "result",
            "properties": [
              {
                "control_type": "integer",
                "label": "Found count",
                "parse_output": "integer_conversion",
                "name": "foundCount",
                "type": "integer",
                "optional": false
              }
            ],
            "type": "object"
          }
        ],
        "visible_config_fields": [
          "result.searchTrue"
        ],
        "comment": "Found Count = varFoundCount",
        "uuid": "369ed1c1-e8bc-45b9-bed0-41e8736997e3"
      }
    ],
    "uuid": "33c1918a-afd4-4cd3-82a8-464caa06859d"
  },
  "config": [
    {
      "keyword": "application",
      "provider": "workato_recipe_function",
      "skip_validation": false,
      "account_id": null
    },
    {
      "keyword": "application",
      "provider": "workato_custom_code",
      "skip_validation": false,
      "account_id": null
    },
    {
      "keyword": "application",
      "provider": "logger",
      "skip_validation": false,
      "account_id": null
    },
    {
      "keyword": "application",
      "provider": "workato_variable",
      "skip_validation": false,
      "account_id": null
    },
    {
      "keyword": "application",
      "provider": "outlook",
      "skip_validation": false,
      "account_id": {
        "zip_name": "Connectors/apooh_conn_nycgrminvoicebot_4_kineticap_kineticww.connection.json",
        "name": "[APOOH] CONN | NYCGRMInvoicebot 4 kineticap@kineticww",
        "folder": "Connectors"
      }
    }
  ]
}