<environmentvariabledefinition schemaname="apdig_USAAPOOHSQLDatabaseName">
  <defaultvalue>eussqdbgrmusaapoohdev01</defaultvalue>
  <description default="SQL DB Name for OOH">
    <label description="SQL DB Name for OOH" languagecode="1033" />
  </description>
  <displayname default="[USA-AP-OOH]SQLDatabaseName">
    <label description="[USA-AP-OOH]SQLDatabaseName" languagecode="1033" />
  </displayname>
  <introducedversion>1.0.0.0</introducedversion>
  <iscustomizable>1</iscustomizable>
  <isrequired>0</isrequired>
  <secretstore>0</secretstore>
  <type>100000000</type>
</environmentvariabledefinition>