<environmentvariabledefinition schemaname="apooh_USAAPOOHZipExtractStorageAccountName">
  <defaultvalue>eusstacapoohpdfsplitdev2</defaultvalue>
  <description default="Storage Account Name for Zip Extraction Funcationality">
    <label description="Storage Account Name for Zip Extraction Funcationality" languagecode="1033" />
  </description>
  <displayname default="[USA-AP-OOH]ZipExtractStorageAccountName">
    <label description="[USA-AP-OOH]ZipExtractStorageAccountName" languagecode="1033" />
  </displayname>
  <introducedversion>1.0.0.0</introducedversion>
  <iscustomizable>1</iscustomizable>
  <isrequired>0</isrequired>
  <secretstore>0</secretstore>
  <type>100000000</type>
</environmentvariabledefinition>