<environmentvariabledefinition schemaname="apooh_USAAPOOHFunctionAppZipExtractURI">
  <defaultvalue>https://eufuncappgmnaapinvprocdev02.azurewebsites.net/api/ZipUnzip?code=MZZYgpUI9aqWAa8rFAYeUMxsRZO5nFoA0KsXsenCWmyJAzFuW8YLjQ==</defaultvalue>
  <description default="Function app URI for Zip Extraction functionality">
    <label description="Function app URI for Zip Extraction functionality" languagecode="1033" />
  </description>
  <displayname default="[USA-AP-OOH]FunctionAppZipExtractURI">
    <label description="[USA-AP-OOH]FunctionAppZipExtractURI" languagecode="1033" />
  </displayname>
  <introducedversion>1.0.0.0</introducedversion>
  <iscustomizable>1</iscustomizable>
  <isrequired>0</isrequired>
  <secretstore>0</secretstore>
  <type>100000000</type>
</environmentvariabledefinition>