<environmentvariabledefinition schemaname="apooh_USAAPOOHFunctionAppExceptionLogURI">
  <defaultvalue>https://eusfuncappgmnaaperrordev01.azurewebsites.net/api/Log_Information?code=jKmHSA5siQ2Ws3FaBHnLbOUvT_TFFKQ8TPCf29ujsuF5AzFuJCHU2g==</defaultvalue>
  <description default="Function App URI for Exception Logging">
    <label description="Function App URI for Exception Logging" languagecode="1033" />
  </description>
  <displayname default="[USA-AP-OOH]FunctionAppExceptionLogURI">
    <label description="[USA-AP-OOH]FunctionAppExceptionLogURI" languagecode="1033" />
  </displayname>
  <introducedversion>1.0.0.0</introducedversion>
  <iscustomizable>1</iscustomizable>
  <isrequired>0</isrequired>
  <secretstore>0</secretstore>
  <type>100000000</type>
</environmentvariabledefinition>