<environmentvariabledefinition schemaname="apdig_USAAPOOHKineticFinanceAutoSharePointList">
  <apiid>/providers/microsoft.powerapps/apis/shared_sharepointonline</apiid>
  <displayname default="[USA-AP-OOH]KineticFinanceAutoSharePointList">
    <label description="[USA-AP-OOH]KineticFinanceAutoSharePointList" languagecode="1033" />
  </displayname>
  <introducedversion>1.0.0.0</introducedversion>
  <iscustomizable>1</iscustomizable>
  <isrequired>0</isrequired>
  <parameterkey>table</parameterkey>
  <parentdefinitionid>
    <schemaname>apdig_USAAPOOHKineticFinanceAutoSharePointSite</schemaname>
  </parentdefinitionid>
  <secretstore>0</secretstore>
  <type>100000004</type>
</environmentvariabledefinition>