{
  "title": "Microsoft Graph API",
  "description": "[Microsoft Graph API](https://docs.microsoft.com/en-us/graph/use-the-api) allows you to access Microsoft Cloud service resources. This ranges from creating new users in Microsoft Office to creating calendar events. \n\n## What can you do with this connector\n1. New hire in Ultipro creates new user in Microsoft\n2. Create and assign tasks in Microsoft directly from Slack\n\n## Any bugs?\nThis connector was built and is supported by Workato. Send all your bug reports or enhancement requests through our support channels found [here](https://support.workato.com/support/tickets/new) or get support via intercom at the bottom right of your screen. Let our support team know the name of this connector and that it was installed from the community for them to properly route your support tickets. ",
  "logo_file_name": "graph-icon-1.png",
  "logo_content_type": "image/png",
  "version_no": 2,
  "note": "Latest version from DEV."
}