<environmentvariabledefinition schemaname="apdig_USAAPOOHAzureBlobStorageConnectionString">
  <defaultvalue>DefaultEndpointsProtocol=https;AccountName=eusstacapoohpdfsplitdev2;AccountKey=c5CEJtE9yziv4l8U4WoF+zMAWdSiBS98He6GALQmHAyMAVP3lsB5+Jm27MgeaFsYDIQQFXJviRa2+ASttTvv6A==;EndpointSuffix=core.windows.net</defaultvalue>
  <description default="Connection String for Azure Blob Storage of AP OOH Invoices">
    <label description="Connection String for Azure Blob Storage of AP OOH Invoices" languagecode="1033" />
  </description>
  <displayname default="[USA-AP-OOH]AzureBlobStorageConnectionString">
    <label description="[USA-AP-OOH]AzureBlobStorageConnectionString" languagecode="1033" />
  </displayname>
  <introducedversion>1.0.0.0</introducedversion>
  <iscustomizable>1</iscustomizable>
  <isrequired>0</isrequired>
  <secretstore>0</secretstore>
  <type>100000000</type>
</environmentvariabledefinition>