<environmentvariabledefinition schemaname="apdig_USAAPOOHShrepointApiURL">
  <defaultvalue>/sites/GMUSA-KineticFinanceAutomation/Shared%20Documents/BotRuns/Test%20Power%20Automate</defaultvalue>
  <displayname default="[USA-AP-OOH]SharepointApiURL">
    <label description="[USA-AP-OOH]SharepointApiURL" languagecode="1033" />
  </displayname>
  <introducedversion>1.0.0.0</introducedversion>
  <iscustomizable>1</iscustomizable>
  <isrequired>0</isrequired>
  <secretstore>0</secretstore>
  <type>100000000</type>
</environmentvariabledefinition>