<ImportExportXml version="9.2.24044.222" SolutionPackageVersion="9.2" languagecode="1033" generatedBy="CrmLive" xmlns:xsi="http://www.w3.org/2001/XMLSchema-instance">
  <SolutionManifest>
    <UniqueName>GMUSAAPOOHV2</UniqueName>
    <LocalizedNames>
      <LocalizedName description="GMUSA-APOOH-V2" languagecode="1033" />
    </LocalizedNames>
    <Descriptions />
    <Version>1.0.0.7</Version>
    <Managed>0</Managed>
    <Publisher>
      <UniqueName>AP_OOH_Invoice_Processing</UniqueName>
      <LocalizedNames>
        <LocalizedName description="AP_OOH_Invoice_Processing" languagecode="1033" />
      </LocalizedNames>
      <Descriptions>
        <Description description="OOH invoice processing dev " languagecode="1033" />
      </Descriptions>
      <EMailAddress xsi:nil="true"></EMailAddress>
      <SupportingWebsiteUrl xsi:nil="true"></SupportingWebsiteUrl>
      <CustomizationPrefix>apdig</CustomizationPrefix>
      <CustomizationOptionValuePrefix>29827</CustomizationOptionValuePrefix>
      <Addresses>
        <Address>
          <AddressNumber>1</AddressNumber>
          <AddressTypeCode>1</AddressTypeCode>
          <City xsi:nil="true"></City>
          <County xsi:nil="true"></County>
          <Country xsi:nil="true"></Country>
          <Fax xsi:nil="true"></Fax>
          <FreightTermsCode xsi:nil="true"></FreightTermsCode>
          <ImportSequenceNumber xsi:nil="true"></ImportSequenceNumber>
          <Latitude xsi:nil="true"></Latitude>
          <Line1 xsi:nil="true"></Line1>
          <Line2 xsi:nil="true"></Line2>
          <Line3 xsi:nil="true"></Line3>
          <Longitude xsi:nil="true"></Longitude>
          <Name xsi:nil="true"></Name>
          <PostalCode xsi:nil="true"></PostalCode>
          <PostOfficeBox xsi:nil="true"></PostOfficeBox>
          <PrimaryContactName xsi:nil="true"></PrimaryContactName>
          <ShippingMethodCode>1</ShippingMethodCode>
          <StateOrProvince xsi:nil="true"></StateOrProvince>
          <Telephone1 xsi:nil="true"></Telephone1>
          <Telephone2 xsi:nil="true"></Telephone2>
          <Telephone3 xsi:nil="true"></Telephone3>
          <TimeZoneRuleVersionNumber xsi:nil="true"></TimeZoneRuleVersionNumber>
          <UPSZone xsi:nil="true"></UPSZone>
          <UTCOffset xsi:nil="true"></UTCOffset>
          <UTCConversionTimeZoneCode xsi:nil="true"></UTCConversionTimeZoneCode>
        </Address>
        <Address>
          <AddressNumber>2</AddressNumber>
          <AddressTypeCode>1</AddressTypeCode>
          <City xsi:nil="true"></City>
          <County xsi:nil="true"></County>
          <Country xsi:nil="true"></Country>
          <Fax xsi:nil="true"></Fax>
          <FreightTermsCode xsi:nil="true"></FreightTermsCode>
          <ImportSequenceNumber xsi:nil="true"></ImportSequenceNumber>
          <Latitude xsi:nil="true"></Latitude>
          <Line1 xsi:nil="true"></Line1>
          <Line2 xsi:nil="true"></Line2>
          <Line3 xsi:nil="true"></Line3>
          <Longitude xsi:nil="true"></Longitude>
          <Name xsi:nil="true"></Name>
          <PostalCode xsi:nil="true"></PostalCode>
          <PostOfficeBox xsi:nil="true"></PostOfficeBox>
          <PrimaryContactName xsi:nil="true"></PrimaryContactName>
          <ShippingMethodCode>1</ShippingMethodCode>
          <StateOrProvince xsi:nil="true"></StateOrProvince>
          <Telephone1 xsi:nil="true"></Telephone1>
          <Telephone2 xsi:nil="true"></Telephone2>
          <Telephone3 xsi:nil="true"></Telephone3>
          <TimeZoneRuleVersionNumber xsi:nil="true"></TimeZoneRuleVersionNumber>
          <UPSZone xsi:nil="true"></UPSZone>
          <UTCOffset xsi:nil="true"></UTCOffset>
          <UTCConversionTimeZoneCode xsi:nil="true"></UTCConversionTimeZoneCode>
        </Address>
      </Addresses>
    </Publisher>
    <RootComponents>
      <RootComponent type="29" id="{110fd8d7-8700-ef11-a1fd-000d3a5ce899}" behavior="0" />
      <RootComponent type="29" id="{3a7cf2ea-8700-ef11-a1fd-6045bd0855fb}" behavior="0" />
      <RootComponent type="29" id="{423112eb-8800-ef11-a1fd-6045bd0855fb}" behavior="0" />
      <RootComponent type="29" id="{44ff66c8-8800-ef11-a1fd-6045bd0855fb}" behavior="0" />
      <RootComponent type="29" id="{46c1869c-8800-ef11-a1fd-000d3a5ce899}" behavior="0" />
      <RootComponent type="29" id="{4e572b78-f002-ef11-a1fd-000d3a3246d5}" behavior="0" />
      <RootComponent type="29" id="{5f2b53a7-c402-ef11-a1fd-000d3a33d31b}" behavior="0" />
      <RootComponent type="29" id="{66715b23-8900-ef11-a1fd-6045bd0855fb}" behavior="0" />
      <RootComponent type="29" id="{68825415-8900-ef11-a1fd-6045bd0855fb}" behavior="0" />
      <RootComponent type="29" id="{6dbe978b-8800-ef11-a1fd-6045bd0855fb}" behavior="0" />
      <RootComponent type="29" id="{78941ff7-8800-ef11-a1fd-6045bd0855fb}" behavior="0" />
      <RootComponent type="29" id="{7a4b7c48-0f03-ef11-a1fd-000d3a3b5bb1}" behavior="0" />
      <RootComponent type="29" id="{7a79d7db-8800-ef11-a1fd-6045bd0855fb}" behavior="0" />
      <RootComponent type="29" id="{906b1d7e-8800-ef11-a1fd-6045bd0855fb}" behavior="0" />
      <RootComponent type="29" id="{a2328904-8900-ef11-a1fd-6045bd0855fb}" behavior="0" />
      <RootComponent type="29" id="{a796d162-8800-ef11-a1fd-000d3a5ce899}" behavior="0" />
      <RootComponent type="29" id="{e4219cb5-0603-ef11-a1fd-6045bd03c069}" behavior="0" />
      <RootComponent type="29" id="{f5815dbb-8800-ef11-a1fd-6045bd0855fb}" behavior="0" />
    </RootComponents>
    <MissingDependencies>
      <MissingDependency>
        <Required type="connectionreference" displayName="apdig_USDIGCONNOutlookDigInvoiceBot" solution="Active" id.connectionreferencelogicalname="apdig_USDIGCONNOutlookDigInvoiceBot" />
        <Dependent type="29" displayName="USA-OOH | TRIGGER | When a New Mail Arrives in Agency Mailbox" id="{5f2b53a7-c402-ef11-a1fd-000d3a33d31b}" />
      </MissingDependency>
      <MissingDependency>
        <Required type="EnvironmentVariableDefinition" displayName="apdig_USAAPDIGSharePointFilePathToCreateFile" solution="Active" id.schemaname="apdig_USAAPDIGSharePointFilePathToCreateFile" />
        <Dependent type="29" displayName="USA-OOH | CHILD 006 | SharePointAttachmentStore" id="{6dbe978b-8800-ef11-a1fd-6045bd0855fb}" />
      </MissingDependency>
    </MissingDependencies>
  </SolutionManifest>
</ImportExportXml>