<environmentvariabledefinition schemaname="apooh_USAAPOOHFunctionAppSplitPdfURI">
  <defaultvalue>https://eufuncappgmnaapinvprocdev02.azurewebsites.net/api/SplitPdf?code=shhqrZJkK74QJnGHSu8K4EXCLQkDObsPQIj7pFppnKO8AzFudwuoDA==</defaultvalue>
  <description default="Split pdf function app URI -Dev">
    <label description="Split pdf function app URI -Dev" languagecode="1033" />
  </description>
  <displayname default="[USA-AP-OOH]FunctionAppSplitPdfURI">
    <label description="[USA-AP-OOH]FunctionAppSplitPdfURI" languagecode="1033" />
  </displayname>
  <introducedversion>1.0.0.0</introducedversion>
  <iscustomizable>1</iscustomizable>
  <isrequired>0</isrequired>
  <secretstore>0</secretstore>
  <type>100000000</type>
</environmentvariabledefinition>