<environmentvariabledefinition schemaname="apdig_USAAPOOHInvoiceFileName">
  <defaultvalue>AFFIDAVIT,POP,REMITTANCE,REPORT,POLICY,CONTRACT,DISTRIBUTION,REMITTANCE,BRIEF,EXECUTED AGREEMENT,PROOF</defaultvalue>
  <description default="Terms to check in filename if pdf is a Invoice or Not">
    <label description="Terms to check in filename if pdf is a Invoice or Not" languagecode="1033" />
  </description>
  <displayname default="[USA-AP-OOH]InvalidInvoiceFileName">
    <label description="[USA-AP-OOH]InvalidInvoiceFileName" languagecode="1033" />
  </displayname>
  <introducedversion>1.0.0.0</introducedversion>
  <iscustomizable>1</iscustomizable>
  <isrequired>0</isrequired>
  <secretstore>0</secretstore>
  <type>100000000</type>
</environmentvariabledefinition>