<environmentvariabledefinition schemaname="apdig_USAAPOOHAzureBlobStorageAccountKey">
  <defaultvalue>c5CEJtE9yziv4l8U4WoF+zMAWdSiBS98He6GALQmHAyMAVP3lsB5+Jm27MgeaFsYDIQQFXJviRa2+ASttTvv6A==</defaultvalue>
  <description default="Account Key for AP OOH Invoice Storage on Azure Blob">
    <label description="Account Key for AP OOH Invoice Storage on Azure Blob" languagecode="1033" />
  </description>
  <displayname default="[USA-AP-OOH]AzureBlobStorageAccountKey">
    <label description="[USA-AP-OOH]AzureBlobStorageAccountKey" languagecode="1033" />
  </displayname>
  <introducedversion>1.0.0.0</introducedversion>
  <iscustomizable>1</iscustomizable>
  <isrequired>0</isrequired>
  <secretstore>0</secretstore>
  <type>100000000</type>
</environmentvariabledefinition>