<environmentvariabledefinition schemaname="apooh_USAAPOOHSplitInvoiceStorageAccountName">
  <defaultvalue>eusstacapoohpdfsplitdev2</defaultvalue>
  <description default="Storage Account Name for Split PDF functionality">
    <label description="Storage Account Name for Split PDF functionality" languagecode="1033" />
  </description>
  <displayname default="[USA-AP-OOH]SplitInvoiceStorageAccountName">
    <label description="[USA-AP-OOH]SplitInvoiceStorageAccountName" languagecode="1033" />
  </displayname>
  <introducedversion>1.0.0.0</introducedversion>
  <iscustomizable>1</iscustomizable>
  <isrequired>0</isrequired>
  <secretstore>0</secretstore>
  <type>100000000</type>
</environmentvariabledefinition>